{"type":"FeatureCollection","features":[{"type":"Feature","properties":{"psgc_code":"1303901001","adm4_en":"Barangay 1","district":"Tondo"},"geometry":{"type":"MultiPolygon","coordinates":[[[[120.96636818,14.60562205],[120.96668833,14.60528297],[120.9670524,14.60491749],[120.96765768,14.60435308],[120.967947,14.60411459],[120.96837964,14.60365248],[120.96797156,14.60315641],[120.96745001,14.60247761],[120.96681009,14.60316345],[120.96679791,14.60317668],[120.96655548,14.6034642],[120.96648782,14.60352057],[120.96643144,14.60354312],[120.96635251,14.60356004],[120.96629049,14.60374044],[120.96617772,14.60411252],[120.9661158,14.60440495],[120.96609183,14.60447082],[120.96602124,14.6046614],[120.96598947,14.60474611],[120.96592947,14.6049014],[120.96584123,14.60512375],[120.96580761,14.60522325],[120.96576357,14.60534963],[120.96571745,14.60550446],[120.96566474,14.60568139],[120.96550084,14.60620906],[120.96568345,14.60632471],[120.96609408,14.60589903],[120.96636818,14.60562205]]]]}},{"type":"Feature","properties":{"psgc_code":"1303901002","adm4_en":"Barangay 2","district":"Tondo"},"geometry":{"type":"MultiPolygon","coordinates":[[[[120.96760335,14.60567733],[120.96781659,14.60543003],[120.96828439,14.60486284],[120.96882284,14.604124],[120.96856562,14.60384842],[120.96837964,14.60365248],[120.967947,14.60411459],[120.96765768,14.60435308],[120.9670524,14.60491749],[120.96668833,14.60528297],[120.96636818,14.60562205],[120.96609408,14.60589903],[120.96568345,14.60632471],[120.96575346,14.60636732],[120.96605172,14.60653775],[120.96653869,14.60684818],[120.96687999,14.60646238],[120.96760335,14.60567733]]]]}},{"type":"Feature","properties":{"psgc_code":"1303901003","adm4_en":"Barangay 3","district":"Tondo"},"geometry":{"type":"MultiPolygon","coordinates":[[[[120.96792795,14.60657292],[120.96820215,14.60631833],[120.96828539,14.60624],[120.9686771,14.60587769],[120.96969859,14.60505482],[120.96931889,14.60464452],[120.96882284,14.604124],[120.96828439,14.60486284],[120.96781659,14.60543003],[120.96760335,14.60567733],[120.96687999,14.60646238],[120.96653869,14.60684818],[120.96694958,14.60712817],[120.96717391,14.60727306],[120.96748728,14.60698419],[120.96792795,14.60657292]]]]}},{"type":"Feature","properties":{"psgc_code":"1303901004","adm4_en":"Barangay 4","district":"Tondo"},"geometry":{"type":"MultiPolygon","coordinates":[[[[120.9680964,14.60726863],[120.96748728,14.60698419],[120.96717391,14.60727306],[120.96694958,14.60712817],[120.96653869,14.60684818],[120.96605172,14.60653775],[120.96575346,14.60636732],[120.96568345,14.60632471],[120.96550084,14.60620906],[120.96547282,14.60638388],[120.96546401,14.60652561],[120.96545282,14.60670576],[120.96544852,14.606775],[120.96544881,14.60684474],[120.9654488,14.60703468],[120.965444,14.6072432],[120.96545361,14.60740162],[120.96570806,14.60743522],[120.96670091,14.60772481],[120.96694958,14.60784956],[120.96708087,14.60796829],[120.96739424,14.60822289],[120.96745299,14.60823758],[120.96751175,14.60823268],[120.96771017,14.60817235],[120.96781578,14.60815417],[120.96788387,14.60814945],[120.96866178,14.60827814],[120.96917407,14.60837631],[120.96924752,14.60782142],[120.9680964,14.60726863]]]]}},{"type":"Feature","properties":{"psgc_code":"1303901005","adm4_en":"Barangay 5","district":"Tondo"},"geometry":{"type":"MultiPolygon","coordinates":[[[[120.96739424,14.60822289],[120.96708087,14.60796829],[120.96694958,14.60784956],[120.96670091,14.60772481],[120.96570806,14.60743522],[120.96545361,14.60740162],[120.9654632,14.60789128],[120.96546199,14.60807582],[120.9654835,14.60853068],[120.96571732,14.60857375],[120.96622803,14.60867219],[120.96668426,14.60877124],[120.96692949,14.60882602],[120.96760478,14.60896219],[120.96745299,14.60823758],[120.96739424,14.60822289]]]]}},{"type":"Feature","properties":{"psgc_code":"1303901006","adm4_en":"Barangay 6","district":"Tondo"},"geometry":{"type":"MultiPolygon","coordinates":[[[[120.96785806,14.60976203],[120.96911943,14.60962127],[120.96911694,14.60896384],[120.96917407,14.60837631],[120.96866178,14.60827814],[120.96788387,14.60814945],[120.96781578,14.60815417],[120.96771017,14.60817235],[120.96751175,14.60823268],[120.96745299,14.60823758],[120.96760478,14.60896219],[120.96692949,14.60882602],[120.96668426,14.60877124],[120.96641495,14.60935877],[120.96637783,14.60955632],[120.96632419,14.60984057],[120.96631731,14.60991138],[120.96651929,14.60994182],[120.96658934,14.60994493],[120.96687575,14.60991068],[120.96785806,14.60976203]]]]}},{"type":"Feature","properties":{"psgc_code":"1303901007","adm4_en":"Barangay 7","district":"Tondo"},"geometry":{"type":"MultiPolygon","coordinates":[[[[120.96993302,14.60645869],[120.9703355,14.60568557],[120.97032684,14.60567945],[120.97023139,14.60561208],[120.97013953,14.60552023],[120.96969859,14.60505482],[120.9686771,14.60587769],[120.96828539,14.60624],[120.96820215,14.60631833],[120.96792795,14.60657292],[120.96748728,14.60698419],[120.9680964,14.60726863],[120.96924752,14.60782142],[120.96948418,14.60733182],[120.96993302,14.60645869]]]]}},{"type":"Feature","properties":{"psgc_code":"1303901008","adm4_en":"Barangay 8","district":"Tondo"},"geometry":{"type":"MultiPolygon","coordinates":[[[[120.9703637,14.60945526],[120.97141623,14.60929439],[120.97142166,14.60929353],[120.97148888,14.60928534],[120.97146477,14.60925233],[120.97142306,14.6091689],[120.97140125,14.60911152],[120.97136375,14.60901279],[120.97134819,14.60898625],[120.97133354,14.60896245],[120.97130882,14.60892491],[120.97130901,14.60892374],[120.97123372,14.60884478],[120.97107326,14.60864582],[120.97086788,14.60840834],[120.97072026,14.60822863],[120.97057586,14.6080746],[120.97043145,14.60792056],[120.97039294,14.60784033],[120.97028075,14.60783149],[120.96924752,14.60782142],[120.96917407,14.60837631],[120.96911694,14.60896384],[120.96911943,14.60962127],[120.96977432,14.60953232],[120.9703637,14.60945526]]]]}},{"type":"Feature","properties":{"psgc_code":"1303901009","adm4_en":"Barangay 9","district":"Tondo"},"geometry":{"type":"MultiPolygon","coordinates":[[[[120.97037368,14.60761891],[120.97037049,14.6075923],[120.97036406,14.60753868],[120.97037047,14.60741673],[120.97038652,14.60725949],[120.97039615,14.60710545],[120.97041746,14.60698926],[120.97044749,14.60690649],[120.97050526,14.60672678],[120.96993302,14.60645869],[120.96948418,14.60733182],[120.96924752,14.60782142],[120.97028075,14.60783149],[120.97039294,14.60784033],[120.9703801,14.6077216],[120.97037368,14.60761891]]]]}},{"type":"Feature","properties":{"psgc_code":"1303901010","adm4_en":"Barangay 10","district":"Tondo"},"geometry":{"type":"MultiPolygon","coordinates":[[[[120.97059511,14.60641871],[120.97065608,14.60627751],[120.97072347,14.6061331],[120.9707684,14.60605287],[120.97085642,14.60589361],[120.97074721,14.60585261],[120.97043349,14.60573456],[120.9703355,14.60568557],[120.96993302,14.60645869],[120.97050526,14.60672678],[120.97058548,14.60650535],[120.97059511,14.60641871]]]]}},{"type":"Feature","properties":{"psgc_code":"1303901011","adm4_en":"Barangay 11","district":"Tondo"},"geometry":{"type":"MultiPolygon","coordinates":[[[[120.96686278,14.60184612],[120.96671188,14.60170047],[120.96662831,14.60162644],[120.96635383,14.60134689],[120.9661902,14.60145831],[120.96608508,14.60156869],[120.96601076,14.60171059],[120.96580775,14.60166163],[120.96546236,14.60157826],[120.96546194,14.60140654],[120.96531374,14.60142747],[120.96522824,14.60142216],[120.9650513,14.60142356],[120.96454265,14.60139472],[120.96450985,14.60171341],[120.96449791,14.60182165],[120.96542788,14.60195894],[120.96540977,14.60206738],[120.96540834,14.60208587],[120.96564425,14.60210473],[120.96574681,14.60212064],[120.96577232,14.60209004],[120.96587713,14.602111],[120.96596913,14.60185746],[120.96612516,14.60197239],[120.96634021,14.60213693],[120.96638391,14.60219828],[120.96647341,14.60226436],[120.96664154,14.60207928],[120.96686278,14.60184612]]]]}},{"type":"Feature","properties":{"psgc_code":"1303901012","adm4_en":"Barangay 12","district":"Tondo"},"geometry":{"type":"MultiPolygon","coordinates":[[[[120.9661902,14.60145831],[120.96635383,14.60134689],[120.9663201,14.60131202],[120.96623611,14.60122946],[120.96617225,14.60116688],[120.96608543,14.60108043],[120.9659278,14.60092548],[120.96581095,14.6008106],[120.96565832,14.60066056],[120.96561257,14.60061676],[120.96543095,14.60044287],[120.96535472,14.60036933],[120.96535057,14.60036535],[120.96529605,14.60031272],[120.96513679,14.60015762],[120.9649427,14.59996858],[120.96470806,14.59973982],[120.96467088,14.60014094],[120.96465656,14.60029049],[120.96464762,14.60039182],[120.96462784,14.60060519],[120.96461999,14.60068985],[120.96461862,14.60070235],[120.96454265,14.60139472],[120.9650513,14.60142356],[120.96522824,14.60142216],[120.96531374,14.60142747],[120.96546194,14.60140654],[120.96546236,14.60157826],[120.96580775,14.60166163],[120.96601076,14.60171059],[120.96608508,14.60156869],[120.9661902,14.60145831]]]]}},{"type":"Feature","properties":{"psgc_code":"1303901013","adm4_en":"Barangay 13","district":"Tondo"},"geometry":{"type":"MultiPolygon","coordinates":[[[[120.96643144,14.60354312],[120.96648782,14.60352057],[120.96655548,14.6034642],[120.96679791,14.60317668],[120.96681009,14.60316345],[120.96637821,14.60287099],[120.96640121,14.60282427],[120.96616204,14.60277031],[120.96624659,14.60253056],[120.96611895,14.60248292],[120.96604546,14.60245936],[120.9659941,14.6026322],[120.96564303,14.60257137],[120.96562088,14.60275488],[120.96539724,14.60271964],[120.96540532,14.60280459],[120.96540686,14.60285793],[120.96540647,14.60292447],[120.96538416,14.60298025],[120.96535224,14.60300966],[120.96533006,14.60303007],[120.96526274,14.60311753],[120.9652333,14.60315259],[120.96517031,14.60331615],[120.96552619,14.60340451],[120.96573726,14.60345605],[120.96585262,14.6034855],[120.96621831,14.60356404],[120.96635251,14.60356004],[120.96643144,14.60354312]]]]}},{"type":"Feature","properties":{"psgc_code":"1303901014","adm4_en":"Barangay 14","district":"Tondo"},"geometry":{"type":"MultiPolygon","coordinates":[[[[120.96717424,14.60214783],[120.96686278,14.60184612],[120.96664154,14.60207928],[120.96647341,14.60226436],[120.96638391,14.60219828],[120.96634021,14.60213693],[120.96612516,14.60197239],[120.96596913,14.60185746],[120.96587713,14.602111],[120.9657928,14.60236495],[120.9656939,14.60229649],[120.96564303,14.60257137],[120.9659941,14.6026322],[120.96604546,14.60245936],[120.96611895,14.60248292],[120.96624659,14.60253056],[120.96616204,14.60277031],[120.96640121,14.60282427],[120.96637821,14.60287099],[120.96681009,14.60316345],[120.96745001,14.60247761],[120.96717424,14.60214783]]]]}},{"type":"Feature","properties":{"psgc_code":"1303901015","adm4_en":"Barangay 15","district":"Tondo"},"geometry":{"type":"MultiPolygon","coordinates":[[[[120.96526274,14.60311753],[120.96533006,14.60303007],[120.96535224,14.60300966],[120.96538416,14.60298025],[120.96540647,14.60292447],[120.96540686,14.60285793],[120.96540532,14.60280459],[120.96539724,14.60271964],[120.96538841,14.60264673],[120.96524354,14.6026507],[120.96505434,14.6026507],[120.96491245,14.6026292],[120.96478345,14.6025862],[120.96467165,14.6025647],[120.96442495,14.60252628],[120.96440604,14.60277261],[120.96439735,14.60283853],[120.96439053,14.60289023],[120.964385,14.60294141],[120.96438054,14.60303008],[120.96440546,14.60307864],[120.96444398,14.60310874],[120.96459643,14.60317001],[120.96494116,14.60327204],[120.96517031,14.60331615],[120.9652333,14.60315259],[120.96526274,14.60311753]]]]}},{"type":"Feature","properties":{"psgc_code":"1303901016","adm4_en":"Barangay 16","district":"Tondo"},"geometry":{"type":"MultiPolygon","coordinates":[[[[120.9656939,14.60229649],[120.9657928,14.60236495],[120.96587713,14.602111],[120.96577232,14.60209004],[120.96574681,14.60212064],[120.96564425,14.60210473],[120.96540834,14.60208587],[120.96540977,14.60206738],[120.96542788,14.60195894],[120.96449791,14.60182165],[120.96448567,14.60193371],[120.96442495,14.60252628],[120.96467165,14.6025647],[120.96478345,14.6025862],[120.96491245,14.6026292],[120.96505434,14.6026507],[120.96524354,14.6026507],[120.96538841,14.60264673],[120.96539724,14.60271964],[120.96562088,14.60275488],[120.96564303,14.60257137],[120.9656939,14.60229649]]]]}},{"type":"Feature","properties":{"psgc_code":"1303901017","adm4_en":"Barangay 17","district":"Tondo"},"geometry":{"type":"MultiPolygon","coordinates":[[[[120.96450985,14.60171341],[120.96454265,14.60139472],[120.96407122,14.60134462],[120.96372212,14.60132195],[120.96371445,14.60140814],[120.96358093,14.60140304],[120.96318643,14.60137985],[120.96292021,14.60135558],[120.96289885,14.60156842],[120.96287797,14.60174412],[120.96317229,14.60176641],[120.96332232,14.60177887],[120.96368145,14.60180884],[120.96367674,14.60186541],[120.96374441,14.60187109],[120.96404644,14.60189661],[120.96448567,14.60193371],[120.96449791,14.60182165],[120.96450985,14.60171341]]]]}},{"type":"Feature","properties":{"psgc_code":"1303901018","adm4_en":"Barangay 18","district":"Tondo"},"geometry":{"type":"MultiPolygon","coordinates":[[[[120.96407122,14.60134462],[120.96454265,14.60139472],[120.96461862,14.60070235],[120.96461999,14.60068985],[120.96462784,14.60060519],[120.96464762,14.60039182],[120.96465656,14.60029049],[120.96467088,14.60014094],[120.96470806,14.59973982],[120.96446066,14.59991619],[120.96422491,14.60004943],[120.96397892,14.60015877],[120.96372267,14.60026468],[120.96345276,14.6003501],[120.96314868,14.60045943],[120.96293002,14.60054143],[120.96293804,14.60059285],[120.9629505,14.60067274],[120.96296171,14.6007461],[120.96292021,14.60135558],[120.96318643,14.60137985],[120.96358093,14.60140304],[120.96371445,14.60140814],[120.96372212,14.60132195],[120.96407122,14.60134462]]]]}},{"type":"Feature","properties":{"psgc_code":"1303901019","adm4_en":"Barangay 19","district":"Tondo"},"geometry":{"type":"MultiPolygon","coordinates":[[[[120.96439735,14.60283853],[120.96440604,14.60277261],[120.96442495,14.60252628],[120.96448567,14.60193371],[120.96404644,14.60189661],[120.96374441,14.60187109],[120.96367674,14.60186541],[120.96368145,14.60180884],[120.96332232,14.60177887],[120.96317229,14.60176641],[120.96287797,14.60174412],[120.96283744,14.60209029],[120.96282728,14.60222557],[120.96282108,14.60226873],[120.96279008,14.60267084],[120.96360849,14.60280816],[120.9638335,14.60284927],[120.9639049,14.60285576],[120.96429832,14.60292817],[120.964385,14.60294141],[120.96439053,14.60289023],[120.96439735,14.60283853]]]]}},{"type":"Feature","properties":{"psgc_code":"1303901020","adm4_en":"Barangay 20","district":"Tondo"},"geometry":{"type":"MultiPolygon","coordinates":[[[[120.94269301,14.59879122],[120.94269952,14.59879348],[120.94271067,14.59879504],[120.94274413,14.59879512],[120.94276009,14.59879058],[120.94276805,14.5987906],[120.94278236,14.59879217],[120.94280141,14.5987968],[120.94282518,14.59880603],[120.94285204,14.59882442],[120.94287419,14.59883516],[120.94289004,14.59883977],[120.94290274,14.5988398],[120.94290911,14.59883676],[120.94291394,14.59882761],[120.94292048,14.59880322],[120.94292531,14.59879408],[120.94293171,14.59878647],[120.94293815,14.59877278],[120.94294617,14.59873925],[120.94294487,14.59868899],[120.94294019,14.59867527],[120.94293545,14.59867068],[120.94291478,14.59866598],[120.94290526,14.59865983],[120.94290532,14.59865223],[120.94289898,14.59864762],[120.94287669,14.59864138],[120.94287671,14.59863986],[120.94285757,14.59864279],[120.942794,14.59864403],[120.94278607,14.59863789],[120.94278449,14.59863024],[120.94278774,14.59860428],[120.94278779,14.5985829],[120.94278939,14.5985768],[120.94279419,14.59856919],[120.9428203,14.59856744],[120.94282591,14.59857287],[120.94284659,14.59858203],[120.94288612,14.59858774],[120.94289362,14.59859139],[120.94290858,14.59860407],[120.94290852,14.59861125],[120.94292913,14.59862218],[120.94309926,14.5986627],[120.94370796,14.59878512],[120.94484364,14.59906044],[120.94631162,14.59935246],[120.9469099,14.59951631],[120.94767465,14.59968589],[120.94849271,14.59986483],[120.94964031,14.60009483],[120.9514825,14.60052038],[120.95360355,14.60098327],[120.95421044,14.60110515],[120.95422092,14.60113061],[120.95422955,14.60117734],[120.95424421,14.60118916],[120.95422711,14.60130833],[120.95417576,14.60149176],[120.95410149,14.60179782],[120.95410144,14.60181921],[120.95409729,14.60182857],[120.95405696,14.60198902],[120.95406658,14.60200578],[120.95406102,14.60202447],[120.95405133,14.60204315],[120.95402775,14.60209921],[120.95400557,14.60214461],[120.95399862,14.60216732],[120.95399447,14.60217132],[120.95398198,14.60220071],[120.95396953,14.60222203],[120.95394323,14.60227539],[120.95393078,14.60229406],[120.95390864,14.60231939],[120.95386059,14.60239884],[120.9538557,14.60241775],[120.95382394,14.60244613],[120.95381905,14.60245559],[120.95381172,14.60246505],[120.95379706,14.60247924],[120.95376041,14.60252181],[120.95375063,14.60252654],[120.95374819,14.60253363],[120.95374086,14.60254545],[120.95371887,14.60256674],[120.95371154,14.6025762],[120.95368222,14.60260457],[120.95367244,14.60261167],[120.95367244,14.60261403],[120.95338749,14.60282951],[120.95333667,14.60286477],[120.9532807,14.60289443],[120.95327512,14.60289982],[120.95326254,14.6029079],[120.95325414,14.6029106],[120.9531884,14.60294832],[120.9531548,14.60296451],[120.95310705,14.60297536],[120.95305882,14.60297631],[120.95303647,14.60298016],[120.95300848,14.60299084],[120.95300148,14.60299489],[120.95299586,14.60300033],[120.95298886,14.603003],[120.9529552,14.60302876],[120.95294819,14.60303143],[120.9529398,14.60303271],[120.95291599,14.6030407],[120.95288797,14.6030459],[120.95286133,14.60304698],[120.95283185,14.60305216],[120.95281219,14.60305746],[120.95273888,14.60305911],[120.95272047,14.60306287],[120.95258103,14.6030757],[120.95257254,14.60307841],[120.95243639,14.60307777],[120.95240088,14.60307623],[120.95238525,14.60307478],[120.95235896,14.60306894],[120.95233214,14.60306605],[120.95228127,14.60306581],[120.95227279,14.60306439],[120.95222753,14.60306417],[120.95220487,14.6030682],[120.95214822,14.60307207],[120.95211845,14.60307745],[120.95207732,14.60308967],[120.95205888,14.60309235],[120.95204185,14.60309779],[120.95197796,14.6031251],[120.95195241,14.60313326],[120.95190839,14.60316068],[120.95188425,14.60319646],[120.95186722,14.60324047],[120.95186297,14.60324321],[120.95184591,14.60327207],[120.95185454,14.6032988],[120.95179239,14.60338234],[120.95177384,14.60338716],[120.95176537,14.6033981],[120.95177275,14.60341218],[120.9516748,14.6035416],[120.95163592,14.60358072],[120.95161571,14.60358975],[120.95155069,14.60366304],[120.95155587,14.6036881],[120.95155587,14.60370314],[120.95154724,14.60371483],[120.95152998,14.60372987],[120.95152134,14.60374324],[120.95151617,14.60374825],[120.95150926,14.60374992],[120.95150235,14.60375493],[120.95149545,14.6037566],[120.95149027,14.60376162],[120.95148336,14.60377498],[120.95146003,14.60384117],[120.95145861,14.60385071],[120.95145296,14.60386294],[120.95145295,14.60386839],[120.95145013,14.60387383],[120.95144023,14.60390919],[120.95141627,14.60395808],[120.95139656,14.60397705],[120.95137403,14.60400826],[120.9513698,14.60401776],[120.95136558,14.60402183],[120.95134867,14.60405441],[120.95130501,14.60411003],[120.95129515,14.60411953],[120.95125853,14.60418196],[120.95123458,14.60421453],[120.95121069,14.6042457],[120.9510756,14.60439896],[120.9509911,14.60447225],[120.95096711,14.60448858],[120.95087452,14.60456012],[120.95084774,14.60456549],[120.95081383,14.60458446],[120.95072031,14.60462517],[120.95061303,14.60467428],[120.95012025,14.60434142],[120.94961489,14.60504524],[120.94870416,14.60635297],[120.94869633,14.60636805],[120.94867913,14.60638764],[120.94810217,14.60721301],[120.94794418,14.60743309],[120.94793165,14.60745571],[120.94791758,14.6074738],[120.94790349,14.60749642],[120.94789411,14.60750546],[120.94788315,14.60752506],[120.94787064,14.60754165],[120.94785655,14.60756577],[120.94783778,14.6075914],[120.94781589,14.60761552],[120.94778929,14.60765472],[120.94777051,14.60768638],[120.94776582,14.6076894],[120.94775798,14.6077075],[120.9477564,14.60771806],[120.94773764,14.60773916],[120.94773957,14.60775624],[120.94775757,14.60777664],[120.94780259,14.60780583],[120.9478086,14.60781021],[120.94781759,14.60782041],[120.94787314,14.60785107],[120.94788964,14.60786711],[120.94790764,14.60788169],[120.94793315,14.6078992],[120.94794666,14.6079065],[120.94796018,14.60790944],[120.94802173,14.60794302],[120.94803973,14.60795905],[120.94808324,14.6079926],[120.94805763,14.60802309],[120.94804707,14.60804052],[120.94802899,14.60806375],[120.94799284,14.60810149],[120.94798078,14.60812038],[120.94796569,14.60815234],[120.94793102,14.60819882],[120.9479084,14.60823804],[120.94789032,14.60825837],[120.94788729,14.60827291],[120.94788427,14.60827872],[120.94788596,14.60829488],[120.94786259,14.6083114],[120.94783764,14.60833845],[120.94781576,14.60838509],[120.94780011,14.60842723],[120.94778919,14.60844076],[120.9477705,14.60844976],[120.94774867,14.6084708],[120.94774867,14.60847381],[120.94774087,14.60848132],[120.94772682,14.60850539],[120.94771277,14.60852645],[120.94770497,14.60853547],[120.94770028,14.608546],[120.9476956,14.60855051],[120.94769247,14.60855803],[120.94768624,14.60856404],[120.94767999,14.60857457],[120.94766128,14.60859411],[120.94763319,14.6086302],[120.94762071,14.60864825],[120.94760821,14.60867082],[120.94760353,14.60867533],[120.9476004,14.60868436],[120.94759416,14.60869187],[120.94758635,14.60870541],[120.94755827,14.60874],[120.94754889,14.60875956],[120.94755043,14.6087686],[120.94753323,14.60880471],[120.94752697,14.60882428],[120.94749886,14.60886941],[120.94749573,14.60887994],[120.94744736,14.60893708],[120.94743955,14.60895063],[120.9474115,14.60897166],[120.94740058,14.60898369],[120.94739588,14.60899422],[120.94738652,14.60900625],[120.9473522,14.60904535],[120.9473319,14.60907543],[120.94731003,14.60911606],[120.94730067,14.60912809],[120.94725848,14.60920634],[120.94725224,14.60921085],[120.94724288,14.60922439],[120.94723508,14.6092304],[120.94722101,14.60926195],[120.94722099,14.60926797],[120.94719601,14.60930708],[120.94716792,14.60934318],[120.94714608,14.60936272],[120.9471414,14.60937024],[120.94713204,14.60937926],[120.94711797,14.60940634],[120.94708206,14.609462],[120.94704616,14.60950562],[120.94703523,14.60952367],[120.9470009,14.60956277],[120.94699309,14.60957631],[120.94694938,14.60963497],[120.94693373,14.6096711],[120.94692905,14.60967711],[120.94691811,14.60969969],[120.94691341,14.60971022],[120.94691027,14.60972377],[120.94690246,14.60973882],[120.94689618,14.60976141],[120.94689617,14.60976592],[120.94688363,14.60980657],[120.94688513,14.60983772],[120.94688491,14.60994317],[120.94689109,14.60996577],[120.94690039,14.60998537],[120.94690657,14.61000647],[120.94691277,14.61002004],[120.94691895,14.61004114],[120.94691893,14.61005018],[120.94692203,14.61005771],[120.94692355,14.61007278],[120.94693596,14.61009389],[120.94694371,14.61011308],[120.94696547,14.61012819],[120.94697014,14.6101297],[120.94701053,14.61017045],[120.94703692,14.61020364],[120.94705553,14.61023681],[120.9470633,14.61024436],[120.94709128,14.61026399],[120.94710372,14.61027004],[120.9472032,14.61033349],[120.94723427,14.61036217],[120.94723582,14.61036669],[120.94726064,14.61040589],[120.9472684,14.61041494],[120.94729326,14.61043457],[120.94731813,14.61044816],[120.94732901,14.61045118],[120.94734301,14.61045271],[120.9473772,14.61046629],[120.94738187,14.6104663],[120.94739119,14.61047083],[120.94740049,14.61047835],[120.94745173,14.61050547],[120.9474982,14.61054758],[120.94750906,14.6105536],[120.94759892,14.61061825],[120.94762217,14.61063178],[120.94764537,14.6106513],[120.94765772,14.61066631],[120.94768094,14.61068283],[120.94769949,14.61069933],[120.94774442,14.61071888],[120.94777071,14.61073689],[120.94777382,14.61073689],[120.94779731,14.61075018],[120.94781947,14.61075797],[120.94784389,14.61077417],[120.94786701,14.61078415],[120.94787856,14.61078666],[120.94790166,14.61080036],[120.94790423,14.61080408],[120.94792475,14.610819],[120.94795293,14.61085498],[120.94797983,14.6108674],[120.94801054,14.61088973],[120.94802076,14.61089964],[120.94803099,14.61090583],[120.9480591,14.61092935],[120.94807442,14.6109442],[120.94807696,14.61094914],[120.94808462,14.61095532],[120.94811397,14.61097387],[120.94814458,14.61098747],[120.9481726,14.61100722],[120.94819167,14.61103312],[120.94820692,14.61104791],[120.94821454,14.61105899],[120.94822848,14.61108608],[120.94822974,14.61109223],[120.94825761,14.61113525],[120.94826763,14.61116282],[120.94826627,14.61117896],[120.94826594,14.61123968],[120.94826714,14.61125081],[120.9482721,14.61127059],[120.94827836,14.61128172],[120.94828334,14.61129653],[120.94828942,14.61133592],[120.94828912,14.61138379],[120.94828779,14.61139481],[120.94828388,14.61141438],[120.94827622,14.61143147],[120.94827619,14.61143636],[120.94826472,14.61146075],[120.94823685,14.61149603],[120.94820779,14.6115276],[120.94819517,14.61154705],[120.94818633,14.61156409],[120.94817999,14.61158722],[120.9481749,14.61161764],[120.94816603,14.61164806],[120.94814708,14.61168097],[120.94813699,14.61169075],[120.94812185,14.61169691],[120.94811035,14.61170439],[120.94808783,14.61170531],[120.94807403,14.61171247],[120.94804512,14.61173414],[120.94803251,14.61175113],[120.94802619,14.6117633],[120.94802481,14.61180124],[120.94803102,14.61181966],[120.94803602,14.61182583],[120.94804224,14.61183811],[120.94805836,14.61188468],[120.94805835,14.61188957],[120.94806208,14.61189448],[120.94806572,14.61192501],[120.94806566,14.61194209],[120.94806313,14.61194818],[120.94806303,14.61197744],[120.94807152,14.6120457],[120.94805646,14.61206272],[120.9478274,14.61238111],[120.94740838,14.6129773],[120.94695728,14.61359888],[120.94662126,14.61408513],[120.94659943,14.61407389],[120.94626678,14.61456575],[120.94561273,14.61548147],[120.94544895,14.61569513],[120.94545533,14.61572128],[120.9439842,14.61774414],[120.94396103,14.61774534],[120.94394298,14.617759],[120.94392363,14.61777764],[120.94392104,14.61778262],[120.94392229,14.61780254],[120.94393128,14.61781377],[120.9439364,14.61782623],[120.94394795,14.61784493],[120.94396337,14.61785866],[120.94398653,14.6178612],[120.94399555,14.61785997],[120.94401101,14.61785377],[120.94402261,14.61784508],[120.94402779,14.61783388],[120.94403167,14.61782268],[120.94403298,14.61781023],[120.9440318,14.61776166],[120.94403568,14.61775171],[120.94435773,14.61730659],[120.94476814,14.6167267],[120.94586894,14.61518437],[120.94631896,14.61456577],[120.94664185,14.61414072],[120.94665988,14.61412459],[120.94665477,14.61410965],[120.9467592,14.61396061],[120.94707194,14.61352652],[120.94710598,14.61347504],[120.94710727,14.61347007],[120.94711114,14.61346635],[120.94711759,14.61345392],[120.94712146,14.61344896],[120.9471472,14.61343035],[120.94715493,14.61342291],[120.94716653,14.61340676],[120.9471859,14.61336576],[120.94719105,14.6133608],[120.94720911,14.61332974],[120.94722586,14.61330988],[120.94724519,14.61328256],[120.94727868,14.61325153],[120.94729544,14.61322421],[120.94730579,14.61319189],[120.94730966,14.61318568],[120.94734058,14.61315217],[120.94734959,14.61314473],[120.94735602,14.61314225],[120.94737663,14.61311867],[120.94740245,14.613064],[120.94741533,14.61304786],[120.94742178,14.61303668],[120.94744626,14.61300689],[120.94747591,14.61296343],[120.94750166,14.61294234],[120.94751196,14.61292993],[120.94753303,14.61289104],[120.94757396,14.61283607],[120.94759643,14.6127975],[120.94761352,14.61277267],[120.94764357,14.61273799],[120.94766057,14.61271328],[120.94767358,14.61269848],[120.94769182,14.61267261],[120.94769569,14.61267016],[120.94770484,14.61265294],[120.94772043,14.61262963],[120.94773338,14.61261248],[120.94773982,14.61260759],[120.94775016,14.61259291],[120.94776821,14.61257216],[120.94777081,14.61256606],[120.94780042,14.6125284],[120.94781522,14.61250125],[120.94781906,14.61249024],[120.9478719,14.61243509],[120.94787832,14.61242409],[120.94788087,14.61241555],[120.94790528,14.61238134],[120.94791427,14.61237157],[120.94792966,14.61234717],[120.94793605,14.61233375],[120.9479604,14.61229841],[120.94797961,14.61227649],[120.9479988,14.61224851],[120.94801799,14.61222785],[120.94802821,14.61221449],[120.94806011,14.61216714],[120.9480958,14.6121223],[120.94810217,14.61211748],[120.94812761,14.61207751],[120.94813905,14.61206544],[120.94815303,14.61204489],[120.94817333,14.61200859],[120.94818221,14.61198801],[120.94819489,14.61196991],[120.94819997,14.61196632],[120.94821338,14.61194949],[120.94821851,14.6119458],[120.94825046,14.61190315],[120.9482658,14.6118885],[120.94827982,14.61186783],[120.94828109,14.61186299],[120.94829256,14.61184839],[120.94830147,14.61183382],[120.94834477,14.61177918],[120.9483473,14.61177192],[120.94836128,14.61175132],[120.94839384,14.61169578],[120.94839875,14.61168977],[120.94840868,14.61168256],[120.94842344,14.61166452],[120.94845414,14.61161995],[120.94847514,14.6115946],[120.94849715,14.61155713],[120.94852289,14.61152079],[120.94853879,14.61149286],[120.94854987,14.61147826],[120.94855107,14.61147339],[120.94857571,14.61143683],[120.94859303,14.61141484],[120.9485992,14.61140383],[120.94861038,14.61139159],[120.94861655,14.61138057],[120.94862774,14.61136708],[120.94864886,14.61133637],[120.94867004,14.61129825],[120.94872063,14.61123818],[120.94873961,14.61121117],[120.94874467,14.61120134],[120.94875987,14.61118293],[120.94878393,14.61114851],[120.9487966,14.61112883],[120.94881307,14.6110931],[120.94882195,14.61107956],[120.94884284,14.61105724],[120.94884535,14.6110499],[120.94885799,14.61103278],[120.94890619,14.61098994],[120.94892389,14.61096054],[120.94892641,14.61095319],[120.94893022,14.61094951],[120.94894158,14.61092376],[120.94894792,14.61091395],[120.94897965,14.61087715],[120.94900754,14.61082925],[120.94901898,14.61081696],[120.94902533,14.61080713],[120.94905331,14.61077764],[120.94906855,14.61074687],[120.94908254,14.6107247],[120.94908763,14.61071978],[120.949108,14.61068899],[120.94912583,14.61066805],[120.94915004,14.61063228],[120.94915769,14.61061623],[120.94916024,14.61060387],[120.94917044,14.6105841],[120.94918063,14.61057421],[120.94920229,14.6105581],[120.94921644,14.6105339],[120.94922575,14.61052162],[120.94921982,14.61050402],[120.94921212,14.61049536],[120.94921209,14.61049042],[120.9492146,14.61048672],[120.94921972,14.61048425],[120.94923769,14.61048428],[120.94924153,14.61048676],[120.94924664,14.61049789],[120.94925048,14.61050161],[120.94926716,14.61050163],[120.94927486,14.61049794],[120.94928771,14.61048684],[120.94930442,14.61046463],[120.949307,14.61045476],[120.94931471,14.61043871],[120.94933388,14.61040911],[120.94934156,14.61040912],[120.94934414,14.61041531],[120.94934415,14.61042025],[120.94934799,14.61042273],[120.94935312,14.6104215],[120.94936847,14.61041289],[120.94938508,14.61038698],[120.94938377,14.61036597],[120.9493722,14.61033874],[120.94937347,14.61032885],[120.94937987,14.6103264],[120.94938754,14.61031281],[120.94938881,14.61030663],[120.94940032,14.61028935],[120.94942849,14.61027088],[120.94943104,14.6102647],[120.94943102,14.61023995],[120.94943485,14.61023501],[120.94944126,14.61023255],[120.94944638,14.61023257],[120.94945408,14.6102425],[120.9494592,14.61024252],[120.94947711,14.61022402],[120.94948607,14.61020796],[120.9494899,14.6101956],[120.94949885,14.61017705],[120.94950909,14.61016471],[120.94951421,14.61016226],[120.94952573,14.6101462],[120.94952188,14.61013379],[120.94952188,14.61012884],[120.94952316,14.61012389],[120.949527,14.61011895],[120.94953855,14.61011159],[120.94955012,14.61009931],[120.94956682,14.61008832],[120.94958478,14.61007981],[120.94959717,14.61006817],[120.94959727,14.61002001],[120.94959986,14.61001506],[120.94960117,14.61000394],[120.94960504,14.60999899],[120.94961534,14.60999278],[120.94962819,14.60999149],[120.94964617,14.60999636],[120.94967699,14.60999255],[120.94968598,14.60999005],[120.94969498,14.60998138],[120.94970785,14.60995792],[120.94970914,14.60995175],[120.94971686,14.60994186],[120.94972715,14.60992335],[120.9497323,14.60990978],[120.94973106,14.6098913],[120.9497234,14.60987652],[120.94972214,14.6098642],[120.94973113,14.60985433],[120.94973626,14.60985308],[120.94973883,14.60985062],[120.94976061,14.60984443],[120.9497747,14.60983578],[120.94978111,14.60982962],[120.94980163,14.60980005],[120.94981703,14.60977174],[120.94983239,14.60975328],[120.94985573,14.60971751],[120.94987914,14.60966221],[120.9498831,14.60964505],[120.94991435,14.6095943],[120.94992077,14.60958936],[120.94992471,14.60958194],[120.94993372,14.6095733],[120.94994905,14.60956468],[120.94996304,14.60955976],[120.94999588,14.60955983],[120.95000607,14.60955491],[120.95001766,14.60954135],[120.95002544,14.60952903],[120.95003077,14.60951178],[120.95002979,14.60949454],[120.95001848,14.60949206],[120.95000977,14.60948589],[120.95000985,14.60948097],[120.95001371,14.60947606],[120.95001507,14.60946992],[120.9500153,14.60945641],[120.95002178,14.60944538],[120.95003197,14.60943804],[120.95004465,14.60943194],[120.9500561,14.60942339],[120.95006641,14.60940749],[120.95007677,14.60938672],[120.95009331,14.60937209],[120.95010088,14.60936967],[120.95011215,14.60937213],[120.95012213,14.60937703],[120.95013343,14.60937706],[120.95013847,14.60937584],[120.95014354,14.60937219],[120.9501438,14.60935024],[120.95014138,14.60933928],[120.95013892,14.6093344],[120.95012025,14.60932947],[120.95011784,14.60931974],[120.95012792,14.60930519],[120.95014539,14.60930404],[120.95017541,14.6092932],[120.9501842,14.60928593],[120.95018067,14.60925435],[120.95016949,14.60924825],[120.95016704,14.60924096],[120.9501721,14.60923127],[120.95018461,14.60922523],[120.95019466,14.60921434],[120.95019966,14.60921314],[120.95020964,14.60921316],[120.95021709,14.60922045],[120.95022583,14.60922047],[120.95023459,14.60921684],[120.95024715,14.60920595],[120.95024972,14.60919382],[120.950261,14.60918777],[120.95027104,14.6091793],[120.9502799,14.6091587],[120.95026746,14.60914899],[120.95027006,14.60912962],[120.95027258,14.60912477],[120.95028384,14.60912115],[120.95029764,14.60911026],[120.95030892,14.60910421],[120.95030781,14.60907396],[120.95031913,14.60904608],[120.95032288,14.60904244],[120.95033414,14.60904122],[120.95033788,14.60904364],[120.95034536,14.60905455],[120.9503516,14.60906061],[120.95036411,14.60906182],[120.95036912,14.60905939],[120.95040424,14.60903145],[120.95040175,14.60902174],[120.95039676,14.60901446],[120.95038675,14.60901083],[120.95037298,14.60900964],[120.95037049,14.60900358],[120.95037425,14.60899872],[120.95037927,14.60899507],[120.95039304,14.60899626],[120.95040557,14.60899243],[120.95041811,14.60899255],[120.95043065,14.60898904],[120.95044952,14.60896609],[120.95046334,14.60895755],[120.95046212,14.60894409],[120.95045713,14.60893307],[120.95044585,14.60892694],[120.95043206,14.60892446],[120.95043334,14.60891836],[120.95043837,14.60891103],[120.95044092,14.6088976],[120.95043971,14.60888172],[120.95043596,14.60887561],[120.95043221,14.60887316],[120.95042093,14.60887192],[120.95041718,14.60886947],[120.95041597,14.60885605],[120.9504185,14.60884752],[120.95042228,14.60884265],[120.95043357,14.60883657],[120.9504461,14.60883294],[120.95045112,14.6088293],[120.95045866,14.60881956],[120.95046244,14.60881104],[120.95046998,14.6088001],[120.95048252,14.60878673],[120.95049255,14.60877945],[120.95050382,14.60877582],[120.95051508,14.60877584],[120.95051885,14.60876977],[120.95052138,14.60874788],[120.95053391,14.60873454],[120.95054142,14.60872848],[120.95055394,14.60872247],[120.95056147,14.60871403],[120.95056272,14.60871039],[120.95056274,14.60869339],[120.95056023,14.60868973],[120.95055648,14.60868849],[120.95055523,14.6086812],[120.95055775,14.60866909],[120.95056652,14.60866187],[120.9505828,14.60866076],[120.95059408,14.60866811],[120.95060286,14.60867667],[120.95061039,14.6086913],[120.95062672,14.60870357],[120.95063929,14.60870245],[120.95065187,14.60869645],[120.95066821,14.60867224],[120.95066945,14.60865036],[120.95066567,14.60864548],[120.95065309,14.60863933],[120.95064303,14.60862592],[120.95064303,14.60862106],[120.95064679,14.60860895],[120.95065809,14.60860779],[120.95066312,14.60861025],[120.95068201,14.60862856],[120.9506883,14.60862981],[120.95070327,14.60862781],[120.95070704,14.60862176],[120.95071211,14.6086084],[120.95072342,14.60859266],[120.95072469,14.6085878],[120.95072846,14.60858296],[120.95073482,14.60856111],[120.95073504,14.60852341],[120.9507302,14.60850151],[120.95073031,14.6084833],[120.95073289,14.60846875],[120.95073665,14.60846271],[120.95074291,14.60845667],[120.9507479,14.60845427],[120.95075412,14.6084543],[120.95077275,14.60846168],[120.95078509,14.60848483],[120.95079629,14.60848975],[120.95080253,14.60848858],[120.95081004,14.60848375],[120.95082512,14.60846438],[120.95083396,14.60844255],[120.95083403,14.60842676],[120.9508479,14.60839646],[120.95084795,14.60838311],[120.95084547,14.60836856],[120.95083424,14.60836247],[120.95082801,14.60835519],[120.95082927,14.6083455],[120.95083676,14.60833339],[120.95084301,14.60832735],[120.95085801,14.60831767],[120.95087552,14.60831406],[120.95088303,14.60831407],[120.95089431,14.60830195],[120.95090307,14.60830196],[120.95091686,14.60829833],[120.95092313,14.6082947],[120.95093946,14.60828134],[120.9509445,14.60827405],[120.95094576,14.60826918],[120.95096335,14.60826797],[120.95097844,14.60826189],[120.950986,14.60825581],[120.95099231,14.6082485],[120.95099233,14.60823875],[120.95097853,14.60821804],[120.95097855,14.60820586],[120.95098489,14.60818391],[120.95099751,14.60817169],[120.95100506,14.6081729],[120.95100757,14.60817899],[120.95101385,14.6081863],[120.95102015,14.60818996],[120.95103527,14.60819482],[120.95105167,14.60819725],[120.95105672,14.60819603],[120.95106177,14.60819115],[120.95106557,14.60818505],[120.95106939,14.60816918],[120.95106816,14.60815698],[120.95106564,14.60815211],[120.95102905,14.60815214],[120.95102024,14.60814848],[120.95101898,14.60814727],[120.95101899,14.60814117],[120.95102028,14.60812776],[120.95103038,14.60812043],[120.95105309,14.6081204],[120.95106823,14.60812282],[120.95108212,14.6081228],[120.95112364,14.60812019],[120.9511349,14.60811539],[120.95114994,14.60810206],[120.95115121,14.60808985],[120.95114873,14.60808006],[120.95113751,14.60806289],[120.95112128,14.6080518],[120.95110131,14.60804557],[120.95109008,14.60803818],[120.95108761,14.6080284],[120.95108887,14.60802108],[120.95109513,14.60801013],[120.95110139,14.60800528],[120.95111514,14.60800048],[120.95113639,14.60799937],[120.95115391,14.6079958],[120.95118395,14.60799596],[120.95121152,14.60799121],[120.95121528,14.60798879],[120.95122032,14.60797781],[120.9512216,14.60796558],[120.95122792,14.60793993],[120.95122167,14.60792889],[120.95122044,14.60792155],[120.95122174,14.60789709],[120.95122426,14.60789099],[120.9512343,14.60788613],[120.95124181,14.60787882],[120.95124186,14.60785191],[120.95123812,14.607847],[120.95122311,14.60783839],[120.95122187,14.60783472],[120.95123692,14.60782375],[120.95124943,14.60781889],[120.95126817,14.60782752],[120.95129568,14.60784598],[120.95132073,14.60785709],[120.95135337,14.60785722],[120.95135966,14.60785601],[120.95137224,14.60784869],[120.95137729,14.60783889],[120.95137732,14.60782662],[120.95137482,14.60781925],[120.95137483,14.60781188],[120.95137233,14.60780819],[120.95136605,14.6078045],[120.95135851,14.60780448],[120.95134342,14.60780935],[120.95133714,14.60780933],[120.9513221,14.60780071],[120.95131835,14.6077958],[120.95131711,14.60779089],[120.9513209,14.60777497],[120.95133601,14.6077517],[120.95133608,14.60771736],[120.95133986,14.60771123],[120.95134489,14.60770878],[120.9513587,14.60771246],[120.9513763,14.60770879],[120.951404,14.60770634],[120.95142039,14.60769774],[120.95143177,14.60768299],[120.95145577,14.60766678],[120.9514684,14.60766809],[120.95148481,14.60767558],[120.9514924,14.60767563],[120.95151393,14.60766346],[120.95152535,14.60765245],[120.95152789,14.60764754],[120.9515279,14.60764261],[120.9515229,14.60761179],[120.95151659,14.60760067],[120.9515128,14.60759696],[120.95150647,14.60759693],[120.95150015,14.60759444],[120.95149638,14.60758211],[120.95149514,14.60757103],[120.95149768,14.60756612],[120.95150907,14.60756247],[120.95151668,14.60755634],[120.95152561,14.60752682],[120.95153705,14.60750837],[120.95155102,14.60749485],[120.95156629,14.60747023],[120.95156759,14.60745791],[120.95156251,14.60745667],[120.95155745,14.60745296],[120.95155366,14.60744556],[120.95155368,14.6074357],[120.95155624,14.60742214],[120.95156388,14.60740859],[120.95157151,14.60740243],[120.95157786,14.60739996],[120.95158802,14.60739996],[120.9515969,14.60740367],[120.95160705,14.60741354],[120.95160825,14.6074481],[120.95161587,14.60745675],[120.95162476,14.6074617],[120.95163239,14.60746418],[120.9516464,14.60746297],[120.95165788,14.60745681],[120.95166682,14.60744941],[120.95167578,14.60743707],[120.95167965,14.60742101],[120.95168349,14.60741361],[120.9516848,14.60739878],[120.95168354,14.60739261],[120.95167973,14.6073889],[120.95167463,14.60738767],[120.95167082,14.60738149],[120.95167083,14.60737655],[120.95167341,14.60736668],[120.95167724,14.60736298],[120.9516849,14.60736051],[120.95170447,14.60737213],[120.95171458,14.60738464],[120.95171709,14.60738963],[120.95171574,14.60740699],[120.95171822,14.60741943],[120.95172074,14.60742442],[120.95173217,14.60742827],[120.95175255,14.60742227],[120.95175763,14.60742481],[120.95176903,14.60743735],[120.95177155,14.60744484],[120.95178419,14.6074686],[120.95180195,14.60748747],[120.95181344,14.60748635],[120.95182495,14.60747901],[120.95182247,14.60746032],[120.95181486,14.60744779],[120.95181108,14.6074378],[120.95180735,14.60741289],[120.9517972,14.6074016],[120.95178578,14.60739279],[120.95178072,14.60738404],[120.95176551,14.60736899],[120.95174268,14.60735512],[120.95173382,14.60734635],[120.95172751,14.60733637],[120.95172757,14.60732273],[120.9517314,14.60731905],[120.95173902,14.60731911],[120.95174283,14.60732163],[120.95175933,14.60732673],[120.95178731,14.60732946],[120.95180385,14.60733333],[120.95181273,14.60734211],[120.9518254,14.60736086],[120.95183175,14.60736713],[120.95183812,14.60736968],[120.9518445,14.60736974],[120.95188026,14.60736262],[120.95189818,14.60735159],[120.95190203,14.60734665],[120.95190211,14.60732053],[120.95189321,14.60730927],[120.9518856,14.60729305],[120.9518729,14.60727804],[120.95186908,14.60727552],[120.95183851,14.60726535],[120.95183344,14.60726035],[120.95181818,14.60725279],[120.95180546,14.60724897],[120.95177884,14.60722646],[120.95176485,14.60722759],[120.95176102,14.60723128],[120.95175466,14.60723247],[120.95174323,14.60723239],[120.95171917,14.6072186],[120.95170906,14.60720986],[120.95170781,14.60720614],[120.95171296,14.60718885],[120.95173216,14.60715434],[120.95173726,14.60714942],[120.95175882,14.6071545],[120.95176265,14.60714958],[120.95177034,14.60713354],[120.95177043,14.60711251],[120.95177552,14.60711006],[120.95178187,14.6071101],[120.95182127,14.60711279],[120.95182637,14.60711158],[120.95183404,14.60710296],[120.95183407,14.60709305],[120.95183157,14.60708314],[120.95182652,14.60707322],[120.95181258,14.60706078],[120.95181389,14.6070509],[120.951819,14.60704474],[120.95182408,14.60704476],[120.95183043,14.6070485],[120.95183548,14.60705718],[120.95184055,14.60706215],[120.95185073,14.6070622],[120.95187368,14.60705488],[120.95188388,14.60704998],[120.95189797,14.60703023],[120.95190436,14.60702531],[120.95190946,14.60702409],[120.95194648,14.6070242],[120.95195798,14.60702052],[120.9519568,14.60699451],[120.95195298,14.60699202],[120.95193256,14.60699072],[120.95192368,14.60698203],[120.95190586,14.60697579],[120.95188548,14.60697202],[120.95186903,14.60695466],[120.95186907,14.60694725],[120.95187421,14.60694108],[120.95189713,14.60694113],[120.95191374,14.60693376],[120.95191758,14.60693006],[120.95191768,14.60691154],[120.95192794,14.60689675],[120.95193696,14.60687581],[120.95194463,14.60686843],[120.951951,14.60686597],[120.95197657,14.60683893],[120.95197541,14.60681064],[120.95198053,14.60680204],[120.95199326,14.6067996],[120.9520047,14.60679962],[120.95202123,14.60680332],[120.95203394,14.60680826],[120.95204156,14.60681319],[120.95205683,14.6068169],[120.95207337,14.60682553],[120.95209373,14.60684944],[120.95209628,14.6068507],[120.95210775,14.60685075],[120.95211796,14.60684583],[120.95212562,14.60683964],[120.95213328,14.60681106],[120.9521422,14.60680862],[120.95214221,14.60678625],[120.95213584,14.60677132],[120.95212439,14.60676258],[120.95211549,14.60674023],[120.95212186,14.60673158],[120.95212441,14.60670931],[120.95212823,14.60669819],[120.95214731,14.6066859],[120.95216129,14.60666989],[120.95216001,14.60665136],[120.95215366,14.60664517],[120.95215365,14.60664023],[120.95216254,14.60662423],[120.95217523,14.60661195],[120.95219681,14.60660586],[120.95220316,14.60660219],[120.95221968,14.6065838],[120.95222731,14.60658137],[120.95223367,14.60657648],[120.95224002,14.60656789],[120.95224129,14.6065556],[120.95224637,14.60654579],[120.95225018,14.60654334],[120.9522629,14.60654461],[120.9522782,14.60655943],[120.9522923,14.6065644],[120.95229989,14.60656443],[120.9523215,14.60654728],[120.95232278,14.60654359],[120.95233296,14.60653255],[120.95234317,14.60651659],[120.95234701,14.60650677],[120.95234834,14.60649202],[120.95234716,14.6064699],[120.95233457,14.60645392],[120.952327,14.60645022],[120.95231562,14.6064502],[120.95230173,14.60644649],[120.95229922,14.60644158],[120.95230181,14.60643055],[120.95232077,14.60642936],[120.95232584,14.60642569],[120.95232586,14.60642078],[120.952331,14.60640363],[120.95230958,14.60638891],[120.95229069,14.60638033],[120.95228191,14.60636931],[120.95228067,14.60636564],[120.95228074,14.60635097],[120.95228332,14.6063412],[120.95230245,14.60630335],[120.95231007,14.6062936],[120.95232275,14.6062814],[120.95233034,14.60627774],[120.95237956,14.60627771],[120.95240608,14.60628379],[120.95241238,14.60628744],[120.95242877,14.60630575],[120.95243256,14.60630697],[120.95244771,14.60632287],[120.95246163,14.60633389],[120.95246924,14.60633389],[120.95247685,14.60633144],[120.9524921,14.60632164],[120.95251243,14.6063045],[120.95251245,14.60628861],[120.95250738,14.60628494],[120.95250612,14.60628006],[120.95251246,14.60627883],[120.95252135,14.60626661],[120.95252138,14.60624097],[120.95251886,14.60622878],[120.95251633,14.60622635],[120.95250873,14.60622392],[120.95248721,14.60622274],[120.95248215,14.60622031],[120.95247964,14.60620936],[120.95248218,14.60620448],[120.95249232,14.60619716],[120.95250497,14.60619835],[120.95251764,14.60619374],[120.95251767,14.60616419],[120.95251262,14.60615802],[120.9524924,14.60614807],[120.95248736,14.60614313],[120.95248485,14.60613697],[120.95248486,14.60613084],[120.95248613,14.60612593],[120.95250256,14.6061211],[120.95251014,14.60612114],[120.95251899,14.60611873],[120.95254175,14.60611884],[120.95254681,14.60611641],[120.95255187,14.60611643],[120.95256199,14.60610666],[120.95257717,14.60609691],[120.95257843,14.60606502],[120.95256958,14.60605641],[120.95252918,14.60602689],[120.95252288,14.60601953],[120.95252037,14.60601342],[120.95252038,14.60600487],[120.95252416,14.60599999],[120.95252921,14.60600001],[120.95253425,14.60599636],[120.95253678,14.60599149],[120.95254183,14.60597808],[120.95254183,14.6059732],[120.9525494,14.60595736],[120.95255823,14.60595251],[120.95258723,14.6059477],[120.95262003,14.60593314],[120.95263013,14.60593316],[120.95263897,14.60593561],[120.9526491,14.60594539],[120.95264786,14.60595759],[120.95264408,14.60596491],[120.95264413,14.60599546],[120.95264541,14.60600158],[120.95265174,14.60600527],[120.9526872,14.60600171],[120.95269984,14.60599073],[120.95270235,14.60598462],[120.95270233,14.60597973],[120.95269978,14.6059736],[120.95268709,14.60596379],[120.95268328,14.60596012],[120.95268201,14.60595645],[120.95268831,14.60594792],[120.95270475,14.60594307],[120.95271987,14.60592357],[120.95271981,14.60590527],[120.95271597,14.6058943],[120.95271217,14.60589064],[120.95270076,14.60588332],[120.95268052,14.60587599],[120.95267546,14.6058699],[120.95267543,14.60586139],[120.95267794,14.6058541],[120.95268423,14.60584803],[120.95269937,14.60584196],[120.95270695,14.60584196],[120.95272212,14.6058444],[120.9527373,14.60584927],[120.95275754,14.60584929],[120.95276133,14.60584807],[120.9527777,14.60582983],[120.95278904,14.60582133],[120.95280679,14.60581401],[120.95281185,14.60580914],[120.95281184,14.60580427],[120.95280928,14.60579941],[120.95280924,14.60578603],[120.95281554,14.60577265],[120.95282062,14.60577142],[120.95282697,14.60577263],[120.95283591,14.60578477],[120.95285116,14.60581398],[120.95285865,14.60581894],[120.9528737,14.60581784],[120.95288879,14.60581305],[120.95289889,14.60580454],[120.9529203,14.60579367],[120.95292536,14.6057888],[120.9529242,14.6057704],[120.95292046,14.60576424],[120.9529117,14.60575806],[120.95291306,14.60573725],[120.95293077,14.60571287],[120.95293711,14.60570067],[120.9529448,14.60567013],[120.95297385,14.60563603],[120.95298522,14.60561287],[120.95299157,14.60558236],[120.95300169,14.60555429],[120.95300053,14.6055091],[120.95301189,14.605492],[120.95302325,14.60548345],[120.95303335,14.60547269],[120.95303832,14.60547275],[120.95305325,14.60546805],[120.95306821,14.60544744],[120.95307321,14.60543772],[120.95307821,14.60542676],[120.95307894,14.60539701],[120.95307412,14.60538711],[120.95306289,14.60537847],[120.95306307,14.60537227],[120.9530658,14.60536607],[120.95307502,14.60535613],[120.95308405,14.60535239],[120.95310065,14.60535109],[120.95311861,14.60534608],[120.95312769,14.60533988],[120.95315334,14.60533115],[120.95317648,14.60531999],[120.95318171,14.60531381],[120.95318712,14.60530026],[120.95318752,14.60528428],[120.95319153,14.60527568],[120.95319189,14.60526096],[120.9531896,14.60525116],[120.95319661,14.60522301],[120.95319221,14.60519615],[120.95319389,14.60517909],[120.95319647,14.60517665],[120.95321034,14.60517664],[120.95321779,14.60518151],[120.95322885,14.60519368],[120.95325443,14.60523392],[120.95327438,14.60524488],[120.95328431,14.6052522],[120.95328674,14.60525709],[120.95329171,14.60526075],[120.95330667,14.60525961],[120.95331798,14.60525356],[120.95332187,14.60524502],[120.95332724,14.60522427],[120.95335031,14.60518537],[120.95335307,14.60516956],[120.95335088,14.60515375],[120.95334848,14.60514888],[120.95335118,14.60513676],[120.95333539,14.60511952],[120.95332178,14.60511935],[120.95330585,14.60511173],[120.95330224,14.60510674],[120.9533037,14.60509564],[120.95331613,14.60509208],[120.95332107,14.60509214],[120.95334112,14.60507757],[120.95335729,14.6050716],[120.95336107,14.60506794],[120.9533759,14.60506812],[120.95340923,14.60507344],[120.95341413,14.60507721],[120.95341906,14.6050785],[120.95342511,14.60508846],[120.95342746,14.60509714],[120.9534324,14.60509844],[120.95344112,14.60509367],[120.95344485,14.60508889],[120.95344864,14.60507559],[120.95345362,14.60506719],[120.9534623,14.6050601],[120.9534722,14.60505548],[120.95347838,14.60505442],[120.95349938,14.60505495],[120.95351301,14.60505163],[120.95351553,14.60504437],[120.95351557,14.60503827],[120.95351314,14.60502967],[120.95350205,14.60502209],[120.95349096,14.60501695],[120.95346878,14.60501277],[120.95346386,14.60501022],[120.95345287,14.60499659],[120.95345167,14.6049917],[120.95345296,14.60498322],[120.95345915,14.6049785],[120.95350119,14.60495997],[120.95351374,14.60492618],[120.95351505,14.60491405],[120.95351261,14.60490793],[120.95349665,14.60489426],[120.95348434,14.6048916],[120.95347699,14.6048854],[120.95347581,14.60487811],[120.95347831,14.60487088],[120.95349192,14.60486143],[120.95351783,14.60485945],[120.95354255,14.60485989],[120.95355122,14.60485761],[120.95355868,14.60485166],[120.9535576,14.60482128],[120.9535614,14.60480314],[120.95356041,14.60475463],[120.9535568,14.60473642],[120.95355313,14.60472912],[120.95355318,14.60471823],[120.95355827,14.60469047],[120.95357072,14.60467126],[120.95357447,14.60466284],[120.95358684,14.60466175],[120.9535992,14.6046667],[120.95361774,14.60468141],[120.95362019,14.6046875],[120.95362016,14.60469598],[120.95361391,14.60470682],[120.95360519,14.6047152],[120.95360516,14.60472126],[120.95360885,14.60472737],[120.95362497,14.60473484],[120.95364487,14.60473266],[120.95365111,14.60473031],[120.95365983,14.60473041],[120.95367601,14.60473791],[120.9536935,14.60473569],[120.95369976,14.60473212],[120.95369979,14.60472116],[120.95370356,14.60471269],[120.95370983,14.60470668],[120.95371859,14.60470434],[120.9537361,14.6047155],[120.95374864,14.60471444],[120.95375492,14.60471211],[120.95375621,14.60469755],[120.95375499,14.6046781],[120.95374874,14.6046683],[120.95374373,14.6046646],[120.95372244,14.60466433],[120.95370244,14.60466893],[120.95369373,14.60465792],[120.95368752,14.60464332],[120.9536813,14.60463841],[120.95366888,14.60463102],[120.95363656,14.60463074],[120.95361672,14.60462695],[120.95361302,14.6046245],[120.9536118,14.60461845],[120.95361431,14.60461121],[120.95362551,14.60460042],[120.95363172,14.60459685],[120.9536404,14.60459451],[120.95364908,14.60459458],[120.95367638,14.60460933],[120.95368635,14.60460943],[120.95369383,14.60460586],[120.95370384,14.60459384],[120.9537176,14.60458184],[120.95372386,14.60458189],[120.95373011,14.60458558],[120.9537426,14.60460267],[120.95375765,14.60460645],[120.95376645,14.60460654],[120.95377526,14.60460297],[120.95378975,14.60459332],[120.95379832,14.60458139],[120.95381667,14.6045746],[120.95383261,14.60456651],[120.95383018,14.60455547],[120.95383143,14.60454696],[120.95383634,14.60454221],[120.95385355,14.60453412],[120.95385725,14.60452688],[120.95385727,14.60451711],[120.95387822,14.60450663],[120.95388934,14.60449221],[120.95389061,14.60447633],[120.95388939,14.60446896],[120.95388325,14.60445659],[120.95388326,14.60445047],[120.95389067,14.60444451],[120.95389071,14.60442738],[120.95388581,14.60441137],[120.95387351,14.60439647],[120.95387107,14.60438664],[120.9538711,14.60437197],[120.95387854,14.60434397],[120.9538835,14.60433303],[120.95390702,14.60430276],[120.95390828,14.6042893],[120.95390582,14.60428069],[120.95389349,14.60426953],[120.95388243,14.60425106],[120.95383208,14.60421882],[120.95381862,14.60421261],[120.95381373,14.6042077],[120.95380891,14.60417476],[120.95381754,14.60413947],[120.95383491,14.60410903],[120.95384374,14.60410295],[120.95384629,14.6040993],[120.95386268,14.60408835],[120.9538653,14.60408104],[120.95387923,14.60406765],[120.95389326,14.60404819],[120.95390586,14.60403967],[120.95393468,14.60403117],[120.95393973,14.60402752],[120.9539499,14.60401535],[120.95395508,14.60400198],[120.95395536,14.60398255],[120.95395932,14.60396677],[120.95397331,14.60394735],[120.95398994,14.60391828],[120.95399,14.60391344],[120.95400288,14.60388442],[120.95400792,14.60388079],[120.95403043,14.60388075],[120.95404164,14.60388436],[120.95405539,14.60388555],[120.95407055,14.60387344],[120.95408188,14.60386738],[120.95408696,14.60386013],[120.95408958,14.60384806],[120.95408712,14.60384444],[120.95408089,14.60384205],[120.95407717,14.60383844],[120.95407722,14.60383362],[120.95408492,14.60381433],[120.95409636,14.60379505],[120.95410787,14.60376858],[120.95411225,14.60375082],[120.95410019,14.6037349],[120.95410058,14.60371662],[120.95410322,14.60370933],[120.95410467,14.60369718],[120.95411098,14.60368266],[120.95412091,14.60367301],[120.95414071,14.60365978],[120.95415676,14.6036538],[120.95417049,14.60363567],[120.95418043,14.60362722],[120.95420025,14.60361638],[120.95422254,14.60360797],[120.95422628,14.60360434],[120.95423257,14.60359222],[120.95423267,14.60358129],[120.95422903,14.603574],[120.9542229,14.60356792],[120.95422047,14.60356064],[120.95422057,14.60354366],[120.95422433,14.60353397],[120.95422806,14.60352912],[120.95424663,14.60352066],[120.95427014,14.60351583],[120.95429613,14.60351586],[120.95430854,14.60351223],[120.95431477,14.60350737],[120.95431359,14.60349644],[120.95430868,14.60348672],[120.9543087,14.60348307],[120.95431245,14.60347578],[120.95431744,14.60347092],[120.95432489,14.60346971],[120.95432984,14.60347092],[120.9543509,14.60348307],[120.95436952,14.60348916],[120.95438072,14.60348916],[120.95439322,14.60348186],[120.95439822,14.60347698],[120.95439952,14.60346602],[120.95439583,14.60345507],[120.95439211,14.6034502],[120.95437598,14.60343927],[120.95437101,14.60343806],[120.95435861,14.60343078],[120.95435243,14.60342472],[120.9543326,14.60341625],[120.95432767,14.60341141],[120.95432398,14.60340413],[120.95432401,14.60339928],[120.95434894,14.60337614],[120.95436388,14.60337002],[120.95439499,14.60336626],[120.95441371,14.60335889],[120.95443742,14.6033588],[120.9544424,14.60336122],[120.95444862,14.60336728],[120.95446103,14.60339039],[120.95446601,14.60339525],[120.95447101,14.60339645],[120.95447603,14.603394],[120.95448238,14.6033806],[120.95447995,14.60337088],[120.95446876,14.60335631],[120.9544476,14.6033357],[120.95443887,14.60333087],[120.95442762,14.60332725],[120.95441893,14.60331878],[120.95442663,14.60329813],[120.95443546,14.60329083],[120.95444551,14.60328722],[120.95445052,14.60328726],[120.95446311,14.60327999],[120.9544732,14.60327148],[120.95449851,14.60323853],[120.95451983,14.60323746],[120.95453109,14.60324122],[120.95453862,14.60324128],[120.95456756,14.60322921],[120.95457387,14.60322312],[120.95457396,14.60320717],[120.95457147,14.60320225],[120.95455402,14.60318498],[120.95453529,14.60317385],[120.95453158,14.60316648],[120.95453162,14.60316037],[120.95453668,14.60315184],[120.95455184,14.60313116],[120.95455561,14.60312873],[120.95456187,14.60312877],[120.95456808,14.60313736],[120.95457307,14.60314105],[120.9545994,14.6031412],[120.95460695,14.60313635],[120.954612,14.60312905],[120.95461835,14.60311075],[120.95461841,14.60309854],[120.95460721,14.6030814],[120.95460723,14.60307652],[120.95461229,14.60306558],[120.95461985,14.60305586],[120.95463997,14.60303889],[120.95466131,14.60302802],[120.95466507,14.60302803],[120.95467515,14.60300981],[120.95469655,14.60297827],[120.95470286,14.60296128],[120.95470663,14.60295522],[120.95471794,14.60294311],[120.95472672,14.60293949],[120.95473674,14.60294195],[120.95474927,14.60294927],[120.95476183,14.60294931],[120.95478319,14.60294087],[120.95479452,14.60292632],[120.9548106,14.60289483],[120.95482439,14.60287909],[120.95483558,14.60287552],[120.95484932,14.60286465],[120.95486581,14.6028282],[120.95486847,14.60281116],[120.95488506,14.60276378],[120.95488514,14.60275527],[120.95488768,14.6027492],[120.95488908,14.6027334],[120.95489165,14.60272369],[120.95489189,14.60269939],[120.95489317,14.60269454],[120.9549045,14.60267637],[120.95491826,14.60266306],[120.95492449,14.60265944],[120.95495437,14.60264859],[120.95497179,14.60264378],[120.95498547,14.6026426],[120.95498798,14.60264017],[120.95499928,14.60262683],[120.95499934,14.60261955],[120.95499455,14.60259769],[120.95499468,14.60258192],[120.95499973,14.60257222],[120.95500474,14.60256737],[120.95501223,14.60256253],[120.95503336,14.60256618],[120.95504835,14.60256498],[120.95509602,14.60254319],[120.95512491,14.60252745],[120.9551237,14.6025226],[120.95510022,14.60249233],[120.95509409,14.60248023],[120.95508174,14.60246695],[120.95508063,14.60245246],[120.95508826,14.60243556],[120.95510211,14.60241986],[120.95511098,14.60240298],[120.95511482,14.60239093],[120.95511987,14.60238249],[120.95512372,14.60236924],[120.95513132,14.60235359],[120.95516771,14.60231985],[120.95518146,14.6023138],[120.95518773,14.60230778],[120.95519022,14.60230777],[120.9552015,14.60229933],[120.95521133,14.60228711],[120.95521154,14.60226875],[120.95520429,14.60225156],[120.95520695,14.6022357],[120.95521449,14.60222722],[120.95523951,14.60220913],[120.95524703,14.60219946],[120.9552471,14.60218492],[120.95524469,14.60217036],[120.95523981,14.60215457],[120.95523991,14.60213399],[120.95524366,14.60212797],[120.95524616,14.60212435],[120.95525983,14.60211961],[120.9552774,14.60210387],[120.95528493,14.60209902],[120.95529755,14.60208324],[120.95531516,14.60206627],[120.95532276,14.60205293],[120.95532797,14.60202625],[120.95534303,14.60201174],[120.95535985,14.60200938],[120.95537651,14.60201194],[120.95538775,14.60199869],[120.95542582,14.60196913],[120.95543962,14.60195104],[120.95545957,14.6019318],[120.95547711,14.6019101],[120.95549844,14.60187995],[120.95550717,14.60187154],[120.95552471,14.60184865],[120.95555855,14.60180166],[120.95557998,14.60176067],[120.95561004,14.60172938],[120.95561627,14.60172578],[120.95563118,14.60172101],[120.9556499,14.60170779],[120.9556926,14.60165246],[120.95572032,14.60160322],[120.95576666,14.60153735],[120.95577418,14.60152419],[120.95578291,14.60150265],[120.95578787,14.60149666],[120.95581144,14.60144511],[120.95581515,14.60144151],[120.95583438,14.60141183],[120.95583563,14.60140464],[120.95584431,14.60138908],[120.95586165,14.60136756],[120.95586538,14.60136037],[120.95586662,14.60135558],[120.95586668,14.60133397],[120.95586422,14.60132916],[120.95584198,14.60132189],[120.95583458,14.60131707],[120.95583212,14.60130987],[120.95583218,14.60129427],[120.95584712,14.60127031],[120.95588191,14.6012296],[120.9558869,14.60121882],[120.95589186,14.60121404],[120.95591583,14.60117182],[120.95592203,14.60116584],[120.95592453,14.60116104],[120.95592949,14.60115746],[120.95593937,14.60115509],[120.9559468,14.60115031],[120.95596782,14.60114438],[120.95597895,14.60113961],[120.95598764,14.60113244],[120.95598781,14.60110362],[120.95599905,14.60108085],[120.95600892,14.60108208],[120.9560274,14.60108814],[120.95603724,14.60109537],[120.95608476,14.60111737],[120.95610068,14.6011163],[120.95610804,14.60111275],[120.95611544,14.60110438],[120.95613403,14.60106355],[120.95613778,14.60104912],[120.95616747,14.60100589],[120.95618352,14.6009951],[120.95619722,14.60097705],[120.95619849,14.60097343],[120.95619864,14.60096017],[120.95619382,14.60094691],[120.95618892,14.60094209],[120.9561704,14.60093725],[120.95616671,14.60093484],[120.95616429,14.60093003],[120.95616436,14.60092402],[120.95616821,14.60091201],[120.95617076,14.60090601],[120.95617577,14.60090002],[120.95618077,14.60089522],[120.95618448,14.60089522],[120.95622022,14.60090967],[120.95623756,14.60090969],[120.95624998,14.6009073],[120.95627231,14.60090612],[120.95627978,14.60090373],[120.95629224,14.60089653],[120.95630602,14.60087852],[120.95631363,14.60085572],[120.95632116,14.60084254],[120.95632614,14.60083894],[120.95634478,14.60083415],[120.95636839,14.60082212],[120.95637212,14.60081369],[120.95637711,14.60079441],[120.95637713,14.60077874],[120.95637466,14.6007703],[120.95636598,14.60075826],[120.95635854,14.60075224],[120.95634241,14.60074623],[120.95632877,14.60073661],[120.95632753,14.60073179],[120.9563325,14.60072214],[120.95634368,14.60071367],[120.95635486,14.60071365],[120.95636107,14.60071123],[120.95637848,14.60069912],[120.95639589,14.60069908],[120.95641703,14.60070507],[120.95642201,14.60070386],[120.95643696,14.60069658],[120.95645692,14.60068323],[120.95649694,14.60063231],[120.95650321,14.6006226],[120.95650698,14.6006129],[120.95651574,14.60060201],[120.95652077,14.60058631],[120.95652828,14.60057663],[120.95653456,14.60056213],[120.95654082,14.60055245],[120.95655324,14.60049844],[120.95714402,14.60054991],[120.9577343,14.60060868],[120.96046719,14.60084668],[120.96037285,14.60197099],[120.9602979,14.60200024],[120.95929331,14.60192502],[120.95931259,14.60199489],[120.95831087,14.60192043],[120.95827485,14.60230036],[120.96038276,14.60250531],[120.96088194,14.60252463],[120.96154718,14.60258464],[120.96180872,14.60258875],[120.96279008,14.60267084],[120.96282108,14.60226873],[120.96282728,14.60222557],[120.96283744,14.60209029],[120.96287797,14.60174412],[120.96289885,14.60156842],[120.96292021,14.60135558],[120.96296171,14.6007461],[120.9629505,14.60067274],[120.96293804,14.60059285],[120.96293002,14.60054143],[120.96314868,14.60045943],[120.96345276,14.6003501],[120.96372267,14.60026468],[120.96397892,14.60015877],[120.96422491,14.60004943],[120.96446066,14.59991619],[120.96470806,14.59973982],[120.96442281,14.59948743],[120.96413029,14.5992243],[120.96399767,14.59909759],[120.96356577,14.59865941],[120.96346627,14.59855818],[120.96334508,14.59849459],[120.96320589,14.59845804],[120.96317275,14.59845181],[120.96297956,14.59844615],[120.96247083,14.59845783],[120.96238989,14.59845657],[120.96201538,14.59847071],[120.96162977,14.59848509],[120.96147784,14.598492],[120.96140868,14.59849447],[120.96110051,14.59849715],[120.96090488,14.59850385],[120.96074543,14.59850519],[120.96051274,14.5985132],[120.96047558,14.59851447],[120.96042385,14.59849179],[120.9599331,14.5982748],[120.95971588,14.59817752],[120.95966604,14.5981555],[120.95959061,14.59812155],[120.95949172,14.5980763],[120.95926412,14.59797363],[120.95917395,14.59793592],[120.95898154,14.59785078],[120.95850034,14.59763879],[120.95832028,14.59756019],[120.95823097,14.59751919],[120.9579349,14.59738698],[120.95765507,14.59726255],[120.95757143,14.59722531],[120.95689477,14.59692295],[120.95641194,14.59675039],[120.95602583,14.59662281],[120.95580199,14.59654215],[120.95584056,14.59635632],[120.95162241,14.59582514],[120.9516024,14.59582052],[120.95158248,14.59580098],[120.95157307,14.59579751],[120.95155536,14.59579863],[120.95153408,14.59580433],[120.95151992,14.5958043],[120.95151167,14.59580199],[120.94838796,14.5954071],[120.94571016,14.59507098],[120.94569013,14.59506497],[120.94566544,14.59506344],[120.94561141,14.59506335],[120.9456006,14.59506184],[120.94558671,14.59505583],[120.9455466,14.59501985],[120.9455435,14.59502584],[120.94554349,14.59503182],[120.94552337,14.59503627],[120.94550016,14.59503773],[120.9454754,14.59503768],[120.94546611,14.59503617],[120.94543825,14.59502713],[120.94539642,14.59502705],[120.94537317,14.59502401],[120.94535146,14.59501497],[120.94533594,14.59500444],[120.94532196,14.59498941],[120.94530487,14.59496236],[120.94518051,14.59496056],[120.94516816,14.59499809],[120.94461662,14.59489161],[120.94337159,14.59477083],[120.94316426,14.59572718],[120.94299951,14.59643478],[120.94284364,14.59716154],[120.94269301,14.5978369],[120.94269301,14.59879122]]]]}},{"type":"Feature","properties":{"psgc_code":"1303901025","adm4_en":"Barangay 25","district":"Tondo"},"geometry":{"type":"MultiPolygon","coordinates":[[[[120.96602124,14.6046614],[120.96609183,14.60447082],[120.9661158,14.60440495],[120.96617772,14.60411252],[120.96629049,14.60374044],[120.96635251,14.60356004],[120.96621831,14.60356404],[120.96585262,14.6034855],[120.96573726,14.60345605],[120.96552619,14.60340451],[120.96517031,14.60331615],[120.96494116,14.60327204],[120.96489568,14.60345315],[120.96484627,14.60363705],[120.96480392,14.60377934],[120.96476102,14.60397773],[120.96472276,14.60414207],[120.96468434,14.60431499],[120.96464042,14.60450711],[120.96538367,14.60471236],[120.96592947,14.6049014],[120.96598947,14.60474611],[120.96602124,14.6046614]]]]}},{"type":"Feature","properties":{"psgc_code":"1303901026","adm4_en":"Barangay 26","district":"Tondo"},"geometry":{"type":"MultiPolygon","coordinates":[[[[120.96571745,14.60550446],[120.96576357,14.60534963],[120.96580761,14.60522325],[120.96584123,14.60512375],[120.96592947,14.6049014],[120.96538367,14.60471236],[120.96464042,14.60450711],[120.96460474,14.60465258],[120.96455739,14.60484171],[120.96451512,14.60500312],[120.96446515,14.60517605],[120.96441903,14.60534899],[120.96435037,14.6056156],[120.96466282,14.60577482],[120.96485917,14.60587108],[120.96520265,14.60604608],[120.96527498,14.60608283],[120.96536155,14.60612869],[120.96541562,14.60615733],[120.96550084,14.60620906],[120.96566474,14.60568139],[120.96571745,14.60550446]]]]}},{"type":"Feature","properties":{"psgc_code":"1303901028","adm4_en":"Barangay 28","district":"Tondo"},"geometry":{"type":"MultiPolygon","coordinates":[[[[120.96334898,14.60471234],[120.96339914,14.60454077],[120.96344929,14.6043692],[120.96349681,14.60419235],[120.96354529,14.60401033],[120.96359712,14.60384921],[120.96363106,14.60367482],[120.96367652,14.60349043],[120.96371946,14.60330351],[120.96375663,14.60317045],[120.9638335,14.60284927],[120.96360849,14.60280816],[120.96279008,14.60267084],[120.96277425,14.60292514],[120.96276815,14.60304488],[120.96274281,14.6032476],[120.96272591,14.60343342],[120.96271902,14.60362196],[120.96270902,14.60379662],[120.9626997,14.60417693],[120.96268898,14.60435556],[120.96267111,14.60455205],[120.96265682,14.60470211],[120.96265481,14.60478719],[120.96298105,14.60494919],[120.96324602,14.60507799],[120.96330411,14.60487863],[120.96334898,14.60471234]]]]}},{"type":"Feature","properties":{"psgc_code":"1303901029","adm4_en":"Barangay 29","district":"Tondo"},"geometry":{"type":"MultiPolygon","coordinates":[[[[120.96267111,14.60455205],[120.96268898,14.60435556],[120.9626997,14.60417693],[120.96270902,14.60379662],[120.96271902,14.60362196],[120.96272591,14.60343342],[120.96274281,14.6032476],[120.96276815,14.60304488],[120.96277425,14.60292514],[120.96279008,14.60267084],[120.96180872,14.60258875],[120.96154718,14.60258464],[120.96088194,14.60252463],[120.96038276,14.60250531],[120.95827485,14.60230036],[120.95831087,14.60192043],[120.95931259,14.60199489],[120.95929331,14.60192502],[120.95780545,14.60181362],[120.95774143,14.60268514],[120.95954261,14.6028283],[120.95985833,14.60285339],[120.96024107,14.60288381],[120.96019297,14.60346264],[120.96081658,14.60350967],[120.9614204,14.60354288],[120.96172598,14.60354877],[120.96178892,14.60355912],[120.96181626,14.60356617],[120.96203373,14.60362021],[120.96199425,14.60379591],[120.96195061,14.60397465],[120.96190588,14.60415751],[120.96170638,14.60410913],[120.96139482,14.60408519],[120.96077826,14.60405086],[120.96014781,14.60400602],[120.96014458,14.60404489],[120.95815045,14.60389037],[120.95812717,14.604215],[120.96033365,14.60440633],[120.96076119,14.60442753],[120.96138195,14.60464404],[120.96168331,14.60466576],[120.96204763,14.60469132],[120.96237229,14.60470726],[120.96265481,14.60478719],[120.96265682,14.60470211],[120.96267111,14.60455205]]]]}},{"type":"Feature","properties":{"psgc_code":"1303901030","adm4_en":"Barangay 30","district":"Tondo"},"geometry":{"type":"MultiPolygon","coordinates":[[[[120.96199425,14.60379591],[120.96203373,14.60362021],[120.96181626,14.60356617],[120.96178892,14.60355912],[120.96172598,14.60354877],[120.9614204,14.60354288],[120.96081658,14.60350967],[120.96019297,14.60346264],[120.96014781,14.60400602],[120.96077826,14.60405086],[120.96139482,14.60408519],[120.96170638,14.60410913],[120.96190588,14.60415751],[120.96195061,14.60397465],[120.96199425,14.60379591]]]]}},{"type":"Feature","properties":{"psgc_code":"1303901031","adm4_en":"Barangay 31","district":"Tondo"},"geometry":{"type":"MultiPolygon","coordinates":[[[[120.96446515,14.60517605],[120.96451512,14.60500312],[120.96455739,14.60484171],[120.96460474,14.60465258],[120.96464042,14.60450711],[120.96468434,14.60431499],[120.96430557,14.60420245],[120.96397346,14.60412286],[120.96354529,14.60401033],[120.96349681,14.60419235],[120.96344929,14.6043692],[120.96339914,14.60454077],[120.96334898,14.60471234],[120.96330411,14.60487863],[120.96324602,14.60507799],[120.96366466,14.60527931],[120.96397853,14.6054331],[120.96398423,14.60543589],[120.96435037,14.6056156],[120.96441903,14.60534899],[120.96446515,14.60517605]]]]}},{"type":"Feature","properties":{"psgc_code":"1303901032","adm4_en":"Barangay 32","district":"Tondo"},"geometry":{"type":"MultiPolygon","coordinates":[[[[120.96476102,14.60397773],[120.96480392,14.60377934],[120.96484627,14.60363705],[120.96489568,14.60345315],[120.96494116,14.60327204],[120.96459643,14.60317001],[120.96444398,14.60310874],[120.96440546,14.60307864],[120.96438054,14.60303008],[120.964385,14.60294141],[120.96429832,14.60292817],[120.9639049,14.60285576],[120.9638335,14.60284927],[120.96375663,14.60317045],[120.96371946,14.60330351],[120.96367652,14.60349043],[120.96363106,14.60367482],[120.96359712,14.60384921],[120.96354529,14.60401033],[120.96397346,14.60412286],[120.96430557,14.60420245],[120.96468434,14.60431499],[120.96472276,14.60414207],[120.96476102,14.60397773]]]]}},{"type":"Feature","properties":{"psgc_code":"1303901033","adm4_en":"Barangay 33","district":"Tondo"},"geometry":{"type":"MultiPolygon","coordinates":[[[[120.9641124,14.60633096],[120.96416536,14.60616757],[120.964234,14.60596301],[120.96426838,14.60586036],[120.96435037,14.6056156],[120.96398423,14.60543589],[120.96397853,14.6054331],[120.96366466,14.60527931],[120.96324602,14.60507799],[120.96320049,14.60525553],[120.96317037,14.6053731],[120.96315116,14.60544812],[120.96309912,14.605651],[120.96305069,14.60584205],[120.96296663,14.60617452],[120.96286858,14.60656268],[120.9628367,14.60673767],[120.96279199,14.60698233],[120.96301637,14.60699553],[120.96318991,14.60699557],[120.96330145,14.60699553],[120.9634557,14.60701673],[120.96361294,14.60704304],[120.96389248,14.60711681],[120.96398088,14.60673634],[120.9641124,14.60633096]]]]}},{"type":"Feature","properties":{"psgc_code":"1303901034","adm4_en":"Barangay 34","district":"Tondo"},"geometry":{"type":"MultiPolygon","coordinates":[[[[120.96286858,14.60656268],[120.96296663,14.60617452],[120.96305069,14.60584205],[120.96309912,14.605651],[120.96315116,14.60544812],[120.96317037,14.6053731],[120.96320049,14.60525553],[120.96324602,14.60507799],[120.96298105,14.60494919],[120.96265481,14.60478719],[120.96263181,14.60503436],[120.96261037,14.6052773],[120.96258893,14.6055131],[120.96258459,14.60556415],[120.96256749,14.60576675],[120.96255399,14.60590142],[120.96254605,14.60602398],[120.96252461,14.60625621],[120.96250317,14.60652773],[120.96249295,14.60663466],[120.96248531,14.60671708],[120.9624779,14.60678291],[120.96246744,14.60688142],[120.96245847,14.6069807],[120.96279199,14.60698233],[120.9628367,14.60673767],[120.96286858,14.60656268]]]]}},{"type":"Feature","properties":{"psgc_code":"1303901035","adm4_en":"Barangay 35","district":"Tondo"},"geometry":{"type":"MultiPolygon","coordinates":[[[[120.96512138,14.60683563],[120.96544881,14.60684474],[120.96544852,14.606775],[120.96545282,14.60670576],[120.96546401,14.60652561],[120.96547282,14.60638388],[120.96550084,14.60620906],[120.96541562,14.60615733],[120.96536155,14.60612869],[120.96527498,14.60608283],[120.96520265,14.60604608],[120.96485917,14.60587108],[120.96466282,14.60577482],[120.96435037,14.6056156],[120.96426838,14.60586036],[120.964234,14.60596301],[120.96416536,14.60616757],[120.9641124,14.60633096],[120.96398088,14.60673634],[120.96431406,14.60682794],[120.96451759,14.60684597],[120.9645642,14.60684981],[120.9646985,14.60686254],[120.96493301,14.60684332],[120.96512138,14.60683563]]]]}},{"type":"Feature","properties":{"psgc_code":"1303901036","adm4_en":"Barangay 36","district":"Tondo"},"geometry":{"type":"MultiPolygon","coordinates":[[[[120.96450502,14.60721505],[120.96469217,14.60722633],[120.964906,14.60723982],[120.96509136,14.60724239],[120.965444,14.6072432],[120.9654488,14.60703468],[120.96544881,14.60684474],[120.96512138,14.60683563],[120.96493301,14.60684332],[120.9646985,14.60686254],[120.9645642,14.60684981],[120.96451759,14.60684597],[120.96431406,14.60682794],[120.96398088,14.60673634],[120.96389248,14.60711681],[120.96372337,14.60783931],[120.96408273,14.60788033],[120.96433159,14.60789877],[120.96439262,14.60719986],[120.96450502,14.60721505]]]]}},{"type":"Feature","properties":{"psgc_code":"1303901037","adm4_en":"Barangay 37","district":"Tondo"},"geometry":{"type":"MultiPolygon","coordinates":[[[[120.96241027,14.60763167],[120.96242456,14.6074459],[120.96243886,14.60725297],[120.96245315,14.6070672],[120.96245847,14.6069807],[120.96246744,14.60688142],[120.9624779,14.60678291],[120.96248531,14.60671708],[120.96249295,14.60663466],[120.96201185,14.60659614],[120.96200507,14.60667215],[120.96199082,14.60686028],[120.96197371,14.60702846],[120.96197124,14.60706205],[120.96176963,14.60704779],[120.96170839,14.60772661],[120.9617073,14.60774039],[120.96168814,14.60793635],[120.96175685,14.60794075],[120.96175857,14.6079408],[120.96189257,14.60794629],[120.96192212,14.60794924],[120.96194797,14.60795183],[120.96236621,14.60799891],[120.96239241,14.60781388],[120.96241027,14.60763167]]]]}},{"type":"Feature","properties":{"psgc_code":"1303901038","adm4_en":"Barangay 38","district":"Tondo"},"geometry":{"type":"MultiPolygon","coordinates":[[[[120.96252461,14.60625621],[120.96254605,14.60602398],[120.96255399,14.60590142],[120.96256749,14.60576675],[120.96258459,14.60556415],[120.96258893,14.6055131],[120.96261037,14.6052773],[120.96263181,14.60503436],[120.96265481,14.60478719],[120.96237229,14.60470726],[120.96204763,14.60469132],[120.96202283,14.6049789],[120.96199976,14.60521339],[120.96197285,14.60545557],[120.96193825,14.60572082],[120.96191134,14.60595531],[120.96188827,14.60619749],[120.96185751,14.60645889],[120.96202256,14.60647631],[120.96201185,14.60659614],[120.96249295,14.60663466],[120.96250317,14.60652773],[120.96252461,14.60625621]]]]}},{"type":"Feature","properties":{"psgc_code":"1303901039","adm4_en":"Barangay 39","district":"Tondo"},"geometry":{"type":"MultiPolygon","coordinates":[[[[120.96170839,14.60772661],[120.96176963,14.60704779],[120.96197124,14.60706205],[120.96197371,14.60702846],[120.96199082,14.60686028],[120.96200507,14.60667215],[120.96201185,14.60659614],[120.96202256,14.60647631],[120.96185751,14.60645889],[120.96188827,14.60619749],[120.96191134,14.60595531],[120.96193825,14.60572082],[120.96197285,14.60545557],[120.96199976,14.60521339],[120.96202283,14.6049789],[120.96204763,14.60469132],[120.96168331,14.60466576],[120.96138195,14.60464404],[120.96076119,14.60442753],[120.96033365,14.60440633],[120.95812717,14.604215],[120.95809792,14.60462269],[120.95809707,14.60463451],[120.95813401,14.60463747],[120.96009659,14.60479489],[120.95999461,14.6060081],[120.95797907,14.60587459],[120.95792487,14.60661785],[120.95993463,14.60674977],[120.95992264,14.60716771],[120.95985415,14.60779508],[120.9604655,14.60781518],[120.96141516,14.60786404],[120.96141063,14.60791859],[120.96159394,14.60793032],[120.96168814,14.60793635],[120.9617073,14.60774039],[120.96170839,14.60772661]]]]}},{"type":"Feature","properties":{"psgc_code":"1303901041","adm4_en":"Barangay 41","district":"Tondo"},"geometry":{"type":"MultiPolygon","coordinates":[[[[120.96298359,14.60853689],[120.9630762,14.60808734],[120.96330145,14.60699553],[120.96318991,14.60699557],[120.96301637,14.60699553],[120.96279199,14.60698233],[120.96245847,14.6069807],[120.96245315,14.6070672],[120.96243886,14.60725297],[120.96242456,14.6074459],[120.96241027,14.60763167],[120.96239241,14.60781388],[120.96236621,14.60799891],[120.9623531,14.60825332],[120.96233,14.60849958],[120.96231763,14.60864569],[120.9623138,14.60869632],[120.96229206,14.60896542],[120.96225294,14.60945521],[120.96223948,14.60954185],[120.96239938,14.60955647],[120.96243016,14.60955928],[120.96260071,14.60957487],[120.96277621,14.60959091],[120.96278792,14.60949602],[120.96298359,14.60853689]]]]}},{"type":"Feature","properties":{"psgc_code":"1303901042","adm4_en":"Barangay 42","district":"Tondo"},"geometry":{"type":"MultiPolygon","coordinates":[[[[120.96340821,14.60913058],[120.96353504,14.60860024],[120.96363477,14.60817894],[120.96372337,14.60783931],[120.96389248,14.60711681],[120.96361294,14.60704304],[120.9634557,14.60701673],[120.96330145,14.60699553],[120.9630762,14.60808734],[120.96298359,14.60853689],[120.96278792,14.60949602],[120.96277621,14.60959091],[120.96295754,14.60960563],[120.96330297,14.60963623],[120.96331836,14.60954135],[120.96340821,14.60913058]]]]}},{"type":"Feature","properties":{"psgc_code":"1303901043","adm4_en":"Barangay 43","district":"Tondo"},"geometry":{"type":"MultiPolygon","coordinates":[[[[120.96229206,14.60896542],[120.9623138,14.60869632],[120.96231763,14.60864569],[120.96233,14.60849958],[120.9623531,14.60825332],[120.96236621,14.60799891],[120.96194797,14.60795183],[120.96192212,14.60794924],[120.96189257,14.60794629],[120.96175857,14.6079408],[120.96175685,14.60794075],[120.96168814,14.60793635],[120.96159394,14.60793032],[120.96153342,14.60859217],[120.96169572,14.60860363],[120.96168971,14.60866043],[120.96166474,14.60891004],[120.96164394,14.60910973],[120.96161369,14.60940534],[120.96160423,14.60948594],[120.96185515,14.60950777],[120.96223948,14.60954185],[120.96225294,14.60945521],[120.96229206,14.60896542]]]]}},{"type":"Feature","properties":{"psgc_code":"1303901044","adm4_en":"Barangay 44","district":"Tondo"},"geometry":{"type":"MultiPolygon","coordinates":[[[[120.96164394,14.60910973],[120.96166474,14.60891004],[120.96168971,14.60866043],[120.96169572,14.60860363],[120.96153342,14.60859217],[120.96159394,14.60793032],[120.96141063,14.60791859],[120.96141516,14.60786404],[120.9604655,14.60781518],[120.95985415,14.60779508],[120.95983266,14.60799199],[120.95781546,14.60785642],[120.95775922,14.60859117],[120.95976068,14.608735],[120.95973023,14.60925686],[120.95973187,14.60925712],[120.95972935,14.60932987],[120.96032449,14.6093765],[120.96099093,14.60943135],[120.96126558,14.60945515],[120.96145716,14.60947249],[120.96160423,14.60948594],[120.96161369,14.60940534],[120.96164394,14.60910973]]]]}},{"type":"Feature","properties":{"psgc_code":"1303901045","adm4_en":"Barangay 45","district":"Tondo"},"geometry":{"type":"MultiPolygon","coordinates":[[[[120.96491441,14.6084753],[120.96510276,14.60848915],[120.96528002,14.60850577],[120.9654835,14.60853068],[120.96546199,14.60807582],[120.9654632,14.60789128],[120.96545361,14.60740162],[120.965444,14.6072432],[120.96509136,14.60724239],[120.964906,14.60723982],[120.96469217,14.60722633],[120.96450502,14.60721505],[120.96439262,14.60719986],[120.96433159,14.60789877],[120.96430506,14.6083202],[120.96427109,14.60866409],[120.9644569,14.6086776],[120.96466299,14.60869447],[120.96467067,14.60840883],[120.96491441,14.6084753]]]]}},{"type":"Feature","properties":{"psgc_code":"1303901046","adm4_en":"Barangay 46","district":"Tondo"},"geometry":{"type":"MultiPolygon","coordinates":[[[[120.96427109,14.60866409],[120.96430506,14.6083202],[120.96433159,14.60789877],[120.96408273,14.60788033],[120.96372337,14.60783931],[120.96363477,14.60817894],[120.96353504,14.60860024],[120.96340821,14.60913058],[120.96331836,14.60954135],[120.96330297,14.60963623],[120.96370072,14.60967158],[120.96415601,14.60971652],[120.96416893,14.60961829],[120.96427109,14.60866409]]]]}},{"type":"Feature","properties":{"psgc_code":"1303901047","adm4_en":"Barangay 47","district":"Tondo"},"geometry":{"type":"MultiPolygon","coordinates":[[[[120.96637783,14.60955632],[120.96641495,14.60935877],[120.96668426,14.60877124],[120.96622803,14.60867219],[120.96571732,14.60857375],[120.9654835,14.60853068],[120.96528002,14.60850577],[120.96510276,14.60848915],[120.96491441,14.6084753],[120.96467067,14.60840883],[120.96466299,14.60869447],[120.9644569,14.6086776],[120.96427109,14.60866409],[120.96416893,14.60961829],[120.96415601,14.60971652],[120.9641946,14.60972115],[120.96468635,14.60976527],[120.96562148,14.60984838],[120.96631731,14.60991138],[120.96632419,14.60984057],[120.96637783,14.60955632]]]]}},{"type":"Feature","properties":{"psgc_code":"1303901048","adm4_en":"Barangay 48","district":"Tondo"},"geometry":{"type":"MultiPolygon","coordinates":[[[[120.97179115,14.60925145],[120.97191282,14.60922226],[120.97207656,14.60917641],[120.97201597,14.60894012],[120.97195066,14.60869125],[120.97188657,14.60846568],[120.97179828,14.60817493],[120.97163856,14.6075957],[120.97133052,14.6076803],[120.9711889,14.60772387],[120.97101459,14.60776473],[120.97055432,14.60789001],[120.97043145,14.60792056],[120.97057586,14.6080746],[120.97072026,14.60822863],[120.97086788,14.60840834],[120.97107326,14.60864582],[120.97123372,14.60884478],[120.97130901,14.60892374],[120.97130882,14.60892491],[120.97133354,14.60896245],[120.97134819,14.60898625],[120.97136375,14.60901279],[120.97140125,14.60911152],[120.97142306,14.6091689],[120.97146477,14.60925233],[120.97148888,14.60928534],[120.97153104,14.60927977],[120.97179115,14.60925145]]]]}},{"type":"Feature","properties":{"psgc_code":"1303901049","adm4_en":"Barangay 49","district":"Tondo"},"geometry":{"type":"MultiPolygon","coordinates":[[[[120.97101459,14.60776473],[120.9711889,14.60772387],[120.97133052,14.6076803],[120.97163856,14.6075957],[120.9715474,14.60727821],[120.97141747,14.60686851],[120.97119289,14.60599789],[120.97099079,14.60594277],[120.97096429,14.60593284],[120.97090218,14.60591071],[120.97085642,14.60589361],[120.9707684,14.60605287],[120.97072347,14.6061331],[120.97065608,14.60627751],[120.97059511,14.60641871],[120.97058548,14.60650535],[120.97050526,14.60672678],[120.97044749,14.60690649],[120.97041746,14.60698926],[120.97039615,14.60710545],[120.97038652,14.60725949],[120.97037047,14.60741673],[120.97036406,14.60753868],[120.97037049,14.6075923],[120.97037368,14.60761891],[120.9703801,14.6077216],[120.97039294,14.60784033],[120.97043145,14.60792056],[120.97055432,14.60789001],[120.97101459,14.60776473]]]]}},{"type":"Feature","properties":{"psgc_code":"1303901050","adm4_en":"Barangay 50","district":"Tondo"},"geometry":{"type":"MultiPolygon","coordinates":[[[[120.97322759,14.61414496],[120.9731631,14.61385416],[120.9730771,14.61351019],[120.97299686,14.61313798],[120.97292368,14.61278425],[120.97284439,14.61245492],[120.9728068,14.6122795],[120.97253359,14.61233616],[120.97142984,14.61256507],[120.97146322,14.61275367],[120.9714711,14.61278774],[120.97153848,14.61309387],[120.97161676,14.61343105],[120.97170481,14.613804],[120.97177288,14.61415872],[120.97184859,14.61445466],[120.97188793,14.61463343],[120.973266,14.61430796],[120.97322759,14.61414496]]]]}},{"type":"Feature","properties":{"psgc_code":"1303901051","adm4_en":"Barangay 51","district":"Tondo"},"geometry":{"type":"MultiPolygon","coordinates":[[[[120.9728068,14.6122795],[120.9727712,14.61211339],[120.97269801,14.61177186],[120.97262719,14.61144797],[120.97247345,14.61073529],[120.97207656,14.60917641],[120.97191282,14.60922226],[120.97179115,14.60925145],[120.97153104,14.60927977],[120.97148888,14.60928534],[120.97154008,14.60939329],[120.97156049,14.60954294],[120.97153632,14.60978918],[120.97152988,14.60986603],[120.97150267,14.61001227],[120.97151287,14.61012791],[120.97147546,14.6104306],[120.97145505,14.61059384],[120.97142928,14.6107686],[120.97140744,14.61092034],[120.97136663,14.61105978],[120.97133942,14.61143049],[120.97131159,14.61155207],[120.9712833,14.61174321],[120.97123195,14.6121061],[120.9712953,14.61210122],[120.97138136,14.61209521],[120.971403,14.61240745],[120.97142984,14.61256507],[120.97253359,14.61233616],[120.9728068,14.6122795]]]]}},{"type":"Feature","properties":{"psgc_code":"1303901052","adm4_en":"Barangay 52","district":"Tondo"},"geometry":{"type":"MultiPolygon","coordinates":[[[[120.97153282,14.61561342],[120.97175139,14.61558476],[120.97207386,14.61552026],[120.9719931,14.61512903],[120.97192085,14.61478281],[120.97188793,14.61463343],[120.97184859,14.61445466],[120.97177288,14.61415872],[120.97170481,14.613804],[120.97161676,14.61343105],[120.97153848,14.61309387],[120.9714711,14.61278774],[120.97146322,14.61275367],[120.97142984,14.61256507],[120.971403,14.61240745],[120.97138136,14.61209521],[120.9712953,14.61210122],[120.97123195,14.6121061],[120.97119733,14.61247129],[120.9711429,14.61300372],[120.97112983,14.61309674],[120.97110245,14.61356222],[120.97106202,14.61402824],[120.97104356,14.6144115],[120.97101483,14.61494772],[120.97100062,14.61522823],[120.97099293,14.61538035],[120.97094423,14.6157105],[120.97105628,14.61571401],[120.97133576,14.61564925],[120.97153282,14.61561342]]]]}},{"type":"Feature","properties":{"psgc_code":"1303901053","adm4_en":"Barangay 53","district":"Tondo"},"geometry":{"type":"MultiPolygon","coordinates":[[[[120.97353967,14.61551038],[120.9734784,14.61521571],[120.9733872,14.61483952],[120.97330791,14.6144858],[120.973266,14.61430796],[120.97188793,14.61463343],[120.97192085,14.61478281],[120.9719931,14.61512903],[120.97207386,14.61552026],[120.97214275,14.6158382],[120.97219134,14.61603391],[120.97358713,14.61572055],[120.97353967,14.61551038]]]]}},{"type":"Feature","properties":{"psgc_code":"1303901054","adm4_en":"Barangay 54","district":"Tondo"},"geometry":{"type":"MultiPolygon","coordinates":[[[[120.97394749,14.61726671],[120.97385134,14.61684735],[120.97375482,14.61642658],[120.97369306,14.61616794],[120.97367078,14.61607141],[120.97362357,14.61586683],[120.97358713,14.61572055],[120.97219134,14.61603391],[120.9722238,14.61617191],[120.97229054,14.61646271],[120.97235252,14.61673922],[120.97244787,14.6171492],[120.97253857,14.6175621],[120.97333393,14.61740304],[120.97394749,14.61726671]]]]}},{"type":"Feature","properties":{"psgc_code":"1303901055","adm4_en":"Barangay 55","district":"Tondo"},"geometry":{"type":"MultiPolygon","coordinates":[[[[120.97253857,14.6175621],[120.97244787,14.6171492],[120.97235252,14.61673922],[120.97229054,14.61646271],[120.9722238,14.61617191],[120.97219134,14.61603391],[120.97214275,14.6158382],[120.97207386,14.61552026],[120.97175139,14.61558476],[120.97153282,14.61561342],[120.97133576,14.61564925],[120.97105628,14.61571401],[120.97094423,14.6157105],[120.97091701,14.61598989],[120.97094719,14.61640576],[120.97089353,14.61694237],[120.9709103,14.61728445],[120.97092036,14.61753598],[120.97093042,14.61767013],[120.97084993,14.61778416],[120.97072834,14.61781921],[120.97075891,14.61790438],[120.970793,14.61799414],[120.97104955,14.61792111],[120.97253857,14.6175621]]]]}},{"type":"Feature","properties":{"psgc_code":"1303901056","adm4_en":"Barangay 56","district":"Tondo"},"geometry":{"type":"MultiPolygon","coordinates":[[[[120.97034939,14.61159427],[120.97044068,14.61156548],[120.97053486,14.61154782],[120.97069969,14.61148601],[120.97077622,14.61147129],[120.97087335,14.61143891],[120.97102346,14.61143303],[120.97110131,14.61142666],[120.97120343,14.61141818],[120.97128281,14.61143375],[120.97133942,14.61143049],[120.97136663,14.61105978],[120.97140744,14.61092034],[120.97142928,14.6107686],[120.97145505,14.61059384],[120.97147546,14.6104306],[120.97151287,14.61012791],[120.97150267,14.61001227],[120.97152988,14.60986603],[120.97153632,14.60978918],[120.97156049,14.60954294],[120.97154008,14.60939329],[120.97148888,14.60928534],[120.97142166,14.60929353],[120.97141623,14.60929439],[120.9703637,14.60945526],[120.96977432,14.60953232],[120.96911943,14.60962127],[120.96920588,14.61013236],[120.96939194,14.61103323],[120.96950455,14.61160118],[120.97027272,14.61144712],[120.97034939,14.61159427]]]]}},{"type":"Feature","properties":{"psgc_code":"1303901057","adm4_en":"Barangay 57","district":"Tondo"},"geometry":{"type":"MultiPolygon","coordinates":[[[[120.96939194,14.61103323],[120.96920588,14.61013236],[120.96911943,14.60962127],[120.96785806,14.60976203],[120.96788333,14.60984511],[120.96802096,14.61024007],[120.96813847,14.610573],[120.96825598,14.61090593],[120.96829545,14.61099676],[120.96837839,14.61125355],[120.96845503,14.61148117],[120.96846172,14.61150062],[120.96857565,14.61183223],[120.96950455,14.61160118],[120.96939194,14.61103323]]]]}},{"type":"Feature","properties":{"psgc_code":"1303901058","adm4_en":"Barangay 58","district":"Tondo"},"geometry":{"type":"MultiPolygon","coordinates":[[[[120.97070215,14.61304641],[120.97100442,14.61300254],[120.9710926,14.61300193],[120.9711429,14.61300372],[120.97119733,14.61247129],[120.97123195,14.6121061],[120.9712833,14.61174321],[120.97131159,14.61155207],[120.97133942,14.61143049],[120.97128281,14.61143375],[120.97120343,14.61141818],[120.97110131,14.61142666],[120.97102346,14.61143303],[120.97087335,14.61143891],[120.97077622,14.61147129],[120.97069969,14.61148601],[120.97053486,14.61154782],[120.97044068,14.61156548],[120.97034939,14.61159427],[120.97027272,14.61144712],[120.96950455,14.61160118],[120.96957132,14.61195883],[120.96963675,14.61229152],[120.96971111,14.61266779],[120.96976033,14.6129146],[120.96978556,14.61304641],[120.96981302,14.6131826],[120.97028085,14.61310809],[120.97070215,14.61304641]]]]}},{"type":"Feature","properties":{"psgc_code":"1303901059","adm4_en":"Barangay 59","district":"Tondo"},"geometry":{"type":"MultiPolygon","coordinates":[[[[120.96987496,14.61353137],[120.96981302,14.6131826],[120.96978556,14.61304641],[120.96976033,14.6129146],[120.96971111,14.61266779],[120.96963675,14.61229152],[120.96957132,14.61195883],[120.96950455,14.61160118],[120.96857565,14.61183223],[120.96868483,14.61214396],[120.96868773,14.6121524],[120.96879457,14.61248246],[120.96890719,14.6128056],[120.9690323,14.6131384],[120.96910824,14.61336315],[120.96913313,14.61344647],[120.96923309,14.6137416],[120.96926537,14.61383587],[120.96935866,14.61411445],[120.9699648,14.61396107],[120.96987496,14.61353137]]]]}},{"type":"Feature","properties":{"psgc_code":"1303901060","adm4_en":"Barangay 60","district":"Tondo"},"geometry":{"type":"MultiPolygon","coordinates":[[[[120.97068134,14.6140372],[120.97068379,14.61405684],[120.97093271,14.61403632],[120.97100991,14.61403109],[120.97106202,14.61402824],[120.97110245,14.61356222],[120.97112983,14.61309674],[120.9711429,14.61300372],[120.9710926,14.61300193],[120.97100442,14.61300254],[120.97070215,14.61304641],[120.97028085,14.61310809],[120.96981302,14.6131826],[120.96987496,14.61353137],[120.9699648,14.61396107],[120.97026397,14.61393023],[120.97029461,14.61407771],[120.97057575,14.61404824],[120.97068134,14.6140372]]]]}},{"type":"Feature","properties":{"psgc_code":"1303901061","adm4_en":"Barangay 61","district":"Tondo"},"geometry":{"type":"MultiPolygon","coordinates":[[[[120.97093042,14.61767013],[120.97092036,14.61753598],[120.9709103,14.61728445],[120.97089353,14.61694237],[120.97094719,14.61640576],[120.97091701,14.61598989],[120.97094423,14.6157105],[120.97099293,14.61538035],[120.97100062,14.61522823],[120.97101483,14.61494772],[120.97104356,14.6144115],[120.97106202,14.61402824],[120.97100991,14.61403109],[120.97093271,14.61403632],[120.97068379,14.61405684],[120.97068134,14.6140372],[120.97057575,14.61404824],[120.97029461,14.61407771],[120.97026397,14.61393023],[120.9699648,14.61396107],[120.96935866,14.61411445],[120.96945977,14.61444941],[120.96955836,14.61478434],[120.96959105,14.61489244],[120.96966647,14.61509608],[120.96978462,14.61545055],[120.96981022,14.61551469],[120.96990216,14.61575484],[120.97003263,14.6160868],[120.97018726,14.61640945],[120.97024682,14.61655504],[120.97051815,14.61726971],[120.97069021,14.61772631],[120.97069927,14.61774784],[120.97072834,14.61781921],[120.97084993,14.61778416],[120.97093042,14.61767013]]]]}},{"type":"Feature","properties":{"psgc_code":"1303901062","adm4_en":"Barangay 62","district":"Tondo"},"geometry":{"type":"MultiPolygon","coordinates":[[[[120.9673434,14.61182801],[120.96724752,14.61153351],[120.96837839,14.61125355],[120.96829545,14.61099676],[120.96825598,14.61090593],[120.96813847,14.610573],[120.96708113,14.61079541],[120.96659794,14.61086734],[120.96661983,14.61119259],[120.9666551,14.61166021],[120.96668867,14.61200193],[120.96672758,14.61239068],[120.96746076,14.6121846],[120.9673434,14.61182801]]]]}},{"type":"Feature","properties":{"psgc_code":"1303901063","adm4_en":"Barangay 63","district":"Tondo"},"geometry":{"type":"MultiPolygon","coordinates":[[[[120.96879457,14.61248246],[120.96868773,14.6121524],[120.96868483,14.61214396],[120.96857565,14.61183223],[120.96846172,14.61150062],[120.96845503,14.61148117],[120.96837839,14.61125355],[120.96724752,14.61153351],[120.9673434,14.61182801],[120.96746076,14.6121846],[120.96756265,14.61251404],[120.96767841,14.61283515],[120.96848059,14.61258731],[120.96879457,14.61248246]]]]}},{"type":"Feature","properties":{"psgc_code":"1303901064","adm4_en":"Barangay 64","district":"Tondo"},"geometry":{"type":"MultiPolygon","coordinates":[[[[120.96813847,14.610573],[120.96802096,14.61024007],[120.96788333,14.60984511],[120.96785806,14.60976203],[120.96687575,14.60991068],[120.96658934,14.60994493],[120.96651929,14.60994182],[120.96652367,14.61001738],[120.96656736,14.61048849],[120.96659794,14.61086734],[120.96708113,14.61079541],[120.96813847,14.610573]]]]}},{"type":"Feature","properties":{"psgc_code":"1303901065","adm4_en":"Barangay 65","district":"Tondo"},"geometry":{"type":"MultiPolygon","coordinates":[[[[120.96899771,14.61382329],[120.96923309,14.6137416],[120.96913313,14.61344647],[120.96910824,14.61336315],[120.9690323,14.6131384],[120.96890719,14.6128056],[120.96879457,14.61248246],[120.96848059,14.61258731],[120.96767841,14.61283515],[120.96778664,14.61312501],[120.96789163,14.61345197],[120.96800173,14.61378833],[120.96811853,14.614168],[120.96901155,14.61387037],[120.96899771,14.61382329]]]]}},{"type":"Feature","properties":{"psgc_code":"1303901066","adm4_en":"Barangay 66","district":"Tondo"},"geometry":{"type":"MultiPolygon","coordinates":[[[[120.96364588,14.61410265],[120.96375047,14.61410031],[120.96390904,14.61409087],[120.96430357,14.61409654],[120.96439418,14.61410409],[120.96443571,14.61409842],[120.96454765,14.61400137],[120.96450942,14.61394613],[120.96522459,14.61384858],[120.96599741,14.61376327],[120.96599891,14.61363864],[120.9659981,14.61328666],[120.96599899,14.61324782],[120.96599899,14.6128996],[120.96509167,14.61317116],[120.96473198,14.61329275],[120.96437752,14.61341054],[120.96433945,14.61321844],[120.9643098,14.61299723],[120.96394404,14.61307108],[120.9634286,14.61312625],[120.96339092,14.61338495],[120.96335968,14.61360571],[120.96331567,14.61391542],[120.96322701,14.61390681],[120.96322131,14.61410935],[120.96349185,14.61410598],[120.96364588,14.61410265]]]]}},{"type":"Feature","properties":{"psgc_code":"1303901067","adm4_en":"Barangay 67","district":"Tondo"},"geometry":{"type":"MultiPolygon","coordinates":[[[[120.96491569,14.61493157],[120.96505513,14.61489865],[120.9651126,14.61488485],[120.96514045,14.61488025],[120.96519234,14.61487032],[120.96527446,14.61485815],[120.96537959,14.6148448],[120.96575328,14.61484083],[120.9659725,14.61483781],[120.96597524,14.6148148],[120.96598062,14.6146063],[120.96598003,14.61443503],[120.96599478,14.61399104],[120.96599741,14.61376327],[120.96522459,14.61384858],[120.96450942,14.61394613],[120.96454765,14.61400137],[120.96443571,14.61409842],[120.96439418,14.61410409],[120.96430357,14.61409654],[120.96390904,14.61409087],[120.96375047,14.61410031],[120.96364588,14.61410265],[120.96349185,14.61410598],[120.96322131,14.61410935],[120.96321809,14.61422293],[120.96330014,14.61422814],[120.96330014,14.61424895],[120.96330464,14.61424906],[120.96349001,14.61425037],[120.96364862,14.61424848],[120.96385361,14.61425873],[120.96388104,14.61425901],[120.96402742,14.61426073],[120.96412261,14.61426203],[120.96426357,14.61426385],[120.96442355,14.61425571],[120.96450554,14.61441427],[120.96454035,14.61449936],[120.96458331,14.61460232],[120.96462609,14.61474789],[120.96465746,14.61492163],[120.96466289,14.6149491],[120.96477085,14.61494478],[120.96491569,14.61493157]]]]}},{"type":"Feature","properties":{"psgc_code":"1303901068","adm4_en":"Barangay 68","district":"Tondo"},"geometry":{"type":"MultiPolygon","coordinates":[[[[120.96509167,14.61317116],[120.96599899,14.6128996],[120.96600694,14.61256661],[120.96506328,14.61281283],[120.96495826,14.61284018],[120.9647286,14.61290266],[120.96464416,14.61292462],[120.96450231,14.61296346],[120.9643098,14.61299723],[120.96433945,14.61321844],[120.96437752,14.61341054],[120.96473198,14.61329275],[120.96509167,14.61317116]]]]}},{"type":"Feature","properties":{"psgc_code":"1303901069","adm4_en":"Barangay 69","district":"Tondo"},"geometry":{"type":"MultiPolygon","coordinates":[[[[120.96421311,14.61129321],[120.96428703,14.61128114],[120.96444995,14.61125549],[120.96469283,14.61120571],[120.96503063,14.61114415],[120.96507062,14.61113527],[120.9652954,14.61109903],[120.96549746,14.61106026],[120.9655945,14.61013006],[120.96561693,14.6099267],[120.96562148,14.60984838],[120.96468635,14.60976527],[120.9641946,14.60972115],[120.96418882,14.60979523],[120.96416652,14.61011105],[120.96414661,14.610399],[120.96410299,14.61133243],[120.9641588,14.61130678],[120.96421311,14.61129321]]]]}},{"type":"Feature","properties":{"psgc_code":"1303901070","adm4_en":"Barangay 70","district":"Tondo"},"geometry":{"type":"MultiPolygon","coordinates":[[[[120.96466875,14.61215906],[120.96509102,14.61210056],[120.96539608,14.61199564],[120.96560746,14.6119258],[120.96564266,14.61191179],[120.96563396,14.61178135],[120.96558701,14.61178483],[120.96556788,14.61168918],[120.96548731,14.611172],[120.96549746,14.61106026],[120.9652954,14.61109903],[120.96507062,14.61113527],[120.96503063,14.61114415],[120.96469283,14.61120571],[120.96444995,14.61125549],[120.96440013,14.61192988],[120.96437074,14.61219276],[120.96452657,14.61217869],[120.96466875,14.61215906]]]]}},{"type":"Feature","properties":{"psgc_code":"1303901071","adm4_en":"Barangay 71","district":"Tondo"},"geometry":{"type":"MultiPolygon","coordinates":[[[[120.9664069,14.61244892],[120.96672758,14.61239068],[120.96668867,14.61200193],[120.9666551,14.61166021],[120.96661983,14.61119259],[120.96659794,14.61086734],[120.96656736,14.61048849],[120.96652367,14.61001738],[120.96651929,14.60994182],[120.96631731,14.60991138],[120.96562148,14.60984838],[120.96561693,14.6099267],[120.9655945,14.61013006],[120.96549746,14.61106026],[120.96548731,14.611172],[120.96556788,14.61168918],[120.96558701,14.61178483],[120.96563396,14.61178135],[120.96564266,14.61191179],[120.96560746,14.6119258],[120.96539608,14.61199564],[120.96509102,14.61210056],[120.96466875,14.61215906],[120.96466648,14.61244759],[120.96486377,14.61245391],[120.96506328,14.61281283],[120.96600694,14.61256661],[120.9664069,14.61244892]]]]}},{"type":"Feature","properties":{"psgc_code":"1303901072","adm4_en":"Barangay 72","district":"Tondo"},"geometry":{"type":"MultiPolygon","coordinates":[[[[120.96369415,14.61214864],[120.96371686,14.61203642],[120.96369038,14.61188784],[120.96373387,14.61149216],[120.96367846,14.61149032],[120.96374489,14.61074923],[120.96355359,14.61073022],[120.96355153,14.61055937],[120.96355153,14.61055623],[120.96355359,14.61037658],[120.96360045,14.61027859],[120.96360578,14.61023445],[120.9636388,14.61003147],[120.96368566,14.6097503],[120.96370072,14.60967158],[120.96330297,14.60963623],[120.96295754,14.60960563],[120.96294659,14.60968642],[120.96292986,14.60985003],[120.9629028,14.6101866],[120.962898,14.61025137],[120.96289492,14.61029066],[120.96289123,14.61033],[120.96287481,14.61049957],[120.96287166,14.6105279],[120.96285608,14.61068887],[120.96280582,14.61143255],[120.96280656,14.61180023],[120.96280717,14.61207766],[120.96280748,14.61213362],[120.96279941,14.61234067],[120.96303198,14.61234926],[120.96328656,14.61236812],[120.96328422,14.61240339],[120.96339333,14.61241525],[120.963565,14.61243018],[120.96364894,14.61243566],[120.96366243,14.61231592],[120.96369415,14.61214864]]]]}},{"type":"Feature","properties":{"psgc_code":"1303901073","adm4_en":"Barangay 73","district":"Tondo"},"geometry":{"type":"MultiPolygon","coordinates":[[[[120.96401596,14.61145384],[120.96404089,14.61140957],[120.96410299,14.61133243],[120.96414661,14.610399],[120.96416652,14.61011105],[120.96418882,14.60979523],[120.9641946,14.60972115],[120.96415601,14.60971652],[120.96370072,14.60967158],[120.96368566,14.6097503],[120.9636388,14.61003147],[120.96360578,14.61023445],[120.96360045,14.61027859],[120.96355359,14.61037658],[120.96355153,14.61055623],[120.96355153,14.61055937],[120.96355359,14.61073022],[120.96374489,14.61074923],[120.96367846,14.61149032],[120.96373387,14.61149216],[120.96386393,14.6114964],[120.96393386,14.6114964],[120.9639906,14.61148499],[120.96401596,14.61145384]]]]}},{"type":"Feature","properties":{"psgc_code":"1303901074","adm4_en":"Barangay 74","district":"Tondo"},"geometry":{"type":"MultiPolygon","coordinates":[[[[120.9668465,14.6144638],[120.96683211,14.61419914],[120.96680938,14.61379135],[120.96679355,14.61340493],[120.96677911,14.61306323],[120.96676193,14.61272463],[120.96672758,14.61239068],[120.9664069,14.61244892],[120.96600694,14.61256661],[120.96599899,14.6128996],[120.96599899,14.61324782],[120.9659981,14.61328666],[120.96599891,14.61363864],[120.96599741,14.61376327],[120.96599478,14.61399104],[120.96598003,14.61443503],[120.96598062,14.6146063],[120.96636775,14.6145974],[120.9668465,14.6144638]]]]}},{"type":"Feature","properties":{"psgc_code":"1303901075","adm4_en":"Barangay 75","district":"Tondo"},"geometry":{"type":"MultiPolygon","coordinates":[[[[120.9677578,14.61426886],[120.96811853,14.614168],[120.96800173,14.61378833],[120.96789163,14.61345197],[120.96778664,14.61312501],[120.96767841,14.61283515],[120.96756265,14.61251404],[120.96746076,14.6121846],[120.96672758,14.61239068],[120.96676193,14.61272463],[120.96677911,14.61306323],[120.96679355,14.61340493],[120.96680938,14.61379135],[120.96683211,14.61419914],[120.9668465,14.6144638],[120.9675164,14.61434429],[120.9677578,14.61426886]]]]}},{"type":"Feature","properties":{"psgc_code":"1303901076","adm4_en":"Barangay 76","district":"Tondo"},"geometry":{"type":"MultiPolygon","coordinates":[[[[120.96833447,14.61481308],[120.9683236,14.61478081],[120.96821962,14.61447073],[120.96811853,14.614168],[120.9677578,14.61426886],[120.9675164,14.61434429],[120.9668465,14.6144638],[120.96684648,14.61485833],[120.96684552,14.61489008],[120.96685745,14.61520202],[120.96686791,14.61525244],[120.96697067,14.61554871],[120.96698124,14.61558013],[120.96844048,14.61513554],[120.96833447,14.61481308]]]]}},{"type":"Feature","properties":{"psgc_code":"1303901077","adm4_en":"Barangay 77","district":"Tondo"},"geometry":{"type":"MultiPolygon","coordinates":[[[[120.96854665,14.61546844],[120.96844048,14.61513554],[120.96698124,14.61558013],[120.96708856,14.61590156],[120.96720276,14.61625757],[120.96865624,14.61580039],[120.96854665,14.61546844]]]]}},{"type":"Feature","properties":{"psgc_code":"1303901078","adm4_en":"Barangay 78","district":"Tondo"},"geometry":{"type":"MultiPolygon","coordinates":[[[[120.96945977,14.61444941],[120.96935866,14.61411445],[120.96926537,14.61383587],[120.96923309,14.6137416],[120.96899771,14.61382329],[120.96901155,14.61387037],[120.96811853,14.614168],[120.96821962,14.61447073],[120.9683236,14.61478081],[120.96833447,14.61481308],[120.96844048,14.61513554],[120.96955836,14.61478434],[120.96945977,14.61444941]]]]}},{"type":"Feature","properties":{"psgc_code":"1303901079","adm4_en":"Barangay 79","district":"Tondo"},"geometry":{"type":"MultiPolygon","coordinates":[[[[120.9649623,14.61616736],[120.96510641,14.61615637],[120.96518284,14.61614685],[120.96527003,14.61614172],[120.96543927,14.61614685],[120.96555723,14.61616224],[120.96565981,14.61618275],[120.96583023,14.61622537],[120.96586038,14.61608153],[120.96588842,14.61595141],[120.96594156,14.61569429],[120.96577735,14.61565178],[120.96549892,14.61560827],[120.96523578,14.61561423],[120.96508536,14.61563261],[120.96493335,14.61565178],[120.96469252,14.61568313],[120.96470505,14.61574547],[120.96470936,14.61578614],[120.96471575,14.61583317],[120.96472639,14.61593658],[120.96474177,14.61618274],[120.96474713,14.61631117],[120.96474848,14.61633426],[120.96498068,14.6163338],[120.9649623,14.61616736]]]]}},{"type":"Feature","properties":{"psgc_code":"1303901080","adm4_en":"Barangay 80","district":"Tondo"},"geometry":{"type":"MultiPolygon","coordinates":[[[[120.96594812,14.61550297],[120.96595116,14.61542797],[120.9659578,14.61524029],[120.96596702,14.61498803],[120.9659725,14.61483781],[120.96575328,14.61484083],[120.96537959,14.6148448],[120.96527446,14.61485815],[120.96519234,14.61487032],[120.96514045,14.61488025],[120.9651126,14.61488485],[120.96505513,14.61489865],[120.96491569,14.61493157],[120.96477085,14.61494478],[120.96466289,14.6149491],[120.96467329,14.61514322],[120.96467846,14.61539279],[120.96468593,14.61557649],[120.96468911,14.61563389],[120.96469252,14.61568313],[120.96493335,14.61565178],[120.96508536,14.61563261],[120.96523578,14.61561423],[120.96549892,14.61560827],[120.96577735,14.61565178],[120.96594156,14.61569429],[120.96594693,14.61555341],[120.96594812,14.61550297]]]]}},{"type":"Feature","properties":{"psgc_code":"1303901081","adm4_en":"Barangay 81","district":"Tondo"},"geometry":{"type":"MultiPolygon","coordinates":[[[[120.96698124,14.61558013],[120.96697067,14.61554871],[120.96686791,14.61525244],[120.96685745,14.61520202],[120.96684552,14.61489008],[120.96684648,14.61485833],[120.9668465,14.6144638],[120.96636775,14.6145974],[120.96598062,14.6146063],[120.96597524,14.6148148],[120.9659725,14.61483781],[120.96596702,14.61498803],[120.9659578,14.61524029],[120.96595116,14.61542797],[120.96594812,14.61550297],[120.96594693,14.61555341],[120.96594156,14.61569429],[120.96588842,14.61595141],[120.96586038,14.61608153],[120.966211,14.61618794],[120.96708856,14.61590156],[120.96698124,14.61558013]]]]}},{"type":"Feature","properties":{"psgc_code":"1303901082","adm4_en":"Barangay 82","district":"Tondo"},"geometry":{"type":"MultiPolygon","coordinates":[[[[120.96600358,14.61734069],[120.96667783,14.6171382],[120.96741688,14.61691625],[120.96730594,14.6165738],[120.96720276,14.61625757],[120.96708856,14.61590156],[120.966211,14.61618794],[120.96586038,14.61608153],[120.96583023,14.61622537],[120.96567298,14.61709362],[120.96564563,14.61728504],[120.96552939,14.61787983],[120.96592158,14.61775066],[120.96600358,14.61734069]]]]}},{"type":"Feature","properties":{"psgc_code":"1303901083","adm4_en":"Barangay 83","district":"Tondo"},"geometry":{"type":"MultiPolygon","coordinates":[[[[120.96732109,14.61818572],[120.96777864,14.61804489],[120.96764359,14.61762044],[120.96584922,14.61813652],[120.96592158,14.61775066],[120.96552939,14.61787983],[120.96540589,14.6185485],[120.96576239,14.61861884],[120.96668467,14.61837009],[120.96732109,14.61818572]]]]}},{"type":"Feature","properties":{"psgc_code":"1303901084","adm4_en":"Barangay 84","district":"Tondo"},"geometry":{"type":"MultiPolygon","coordinates":[[[[120.967523,14.61723941],[120.96741688,14.61691625],[120.96667783,14.6171382],[120.96600358,14.61734069],[120.96592158,14.61775066],[120.96584922,14.61813652],[120.96764359,14.61762044],[120.967523,14.61723941]]]]}},{"type":"Feature","properties":{"psgc_code":"1303901085","adm4_en":"Barangay 85","district":"Tondo"},"geometry":{"type":"MultiPolygon","coordinates":[[[[120.96564563,14.61728504],[120.96567298,14.61709362],[120.96583023,14.61622537],[120.96565981,14.61618275],[120.96555723,14.61616224],[120.96543927,14.61614685],[120.96527003,14.61614172],[120.96518284,14.61614685],[120.96510641,14.61615637],[120.9649623,14.61616736],[120.96498068,14.6163338],[120.96474848,14.61633426],[120.96475832,14.61655864],[120.96476221,14.61664317],[120.96476228,14.61674686],[120.96476567,14.61690566],[120.96476653,14.61694654],[120.96476741,14.6169879],[120.96476767,14.61705147],[120.96476814,14.61717091],[120.96475715,14.61723918],[120.96474931,14.61727772],[120.9647404,14.61733852],[120.96471099,14.61751099],[120.96469858,14.61757161],[120.96465321,14.61774349],[120.9646422,14.61779716],[120.9645948,14.61798027],[120.96457171,14.61806265],[120.96448748,14.61837906],[120.96460923,14.61840291],[120.96475164,14.61840576],[120.96484205,14.61842386],[120.96487913,14.61843207],[120.96540589,14.6185485],[120.96552939,14.61787983],[120.96564563,14.61728504]]]]}},{"type":"Feature","properties":{"psgc_code":"1303901086","adm4_en":"Barangay 86","district":"Tondo"},"geometry":{"type":"MultiPolygon","coordinates":[[[[120.97024682,14.61655504],[120.97018726,14.61640945],[120.97003263,14.6160868],[120.96882051,14.61647292],[120.96891267,14.61681641],[120.96900929,14.61723662],[120.96910537,14.61769607],[120.97051815,14.61726971],[120.97024682,14.61655504]]]]}},{"type":"Feature","properties":{"psgc_code":"1303901087","adm4_en":"Barangay 87","district":"Tondo"},"geometry":{"type":"MultiPolygon","coordinates":[[[[120.96869925,14.61779986],[120.96910537,14.61769607],[120.96900929,14.61723662],[120.96891267,14.61681641],[120.96882051,14.61647292],[120.96741688,14.61691625],[120.967523,14.61723941],[120.96764359,14.61762044],[120.96777864,14.61804489],[120.96838484,14.61788037],[120.96869925,14.61779986]]]]}},{"type":"Feature","properties":{"psgc_code":"1303901088","adm4_en":"Barangay 88","district":"Tondo"},"geometry":{"type":"MultiPolygon","coordinates":[[[[120.96978462,14.61545055],[120.96966647,14.61509608],[120.96959105,14.61489244],[120.96955836,14.61478434],[120.96844048,14.61513554],[120.96854665,14.61546844],[120.96865624,14.61580039],[120.96894425,14.61571017],[120.96978462,14.61545055]]]]}},{"type":"Feature","properties":{"psgc_code":"1303901089","adm4_en":"Barangay 89","district":"Tondo"},"geometry":{"type":"MultiPolygon","coordinates":[[[[120.96875349,14.61613781],[120.96865624,14.61580039],[120.96720276,14.61625757],[120.96730594,14.6165738],[120.96741688,14.61691625],[120.96882051,14.61647292],[120.96875349,14.61613781]]]]}},{"type":"Feature","properties":{"psgc_code":"1303901090","adm4_en":"Barangay 90","district":"Tondo"},"geometry":{"type":"MultiPolygon","coordinates":[[[[120.96990216,14.61575484],[120.96981022,14.61551469],[120.96978462,14.61545055],[120.96894425,14.61571017],[120.96865624,14.61580039],[120.96875349,14.61613781],[120.96882051,14.61647292],[120.97003263,14.6160868],[120.96990216,14.61575484]]]]}},{"type":"Feature","properties":{"psgc_code":"1303901091","adm4_en":"Barangay 91","district":"Tondo"},"geometry":{"type":"MultiPolygon","coordinates":[[[[120.96810969,14.6200686],[120.96828184,14.6200593],[120.96844469,14.62002207],[120.96873781,14.61995694],[120.9688867,14.61987784],[120.96902162,14.61976617],[120.9691519,14.61961729],[120.96921239,14.61950097],[120.96923565,14.61934278],[120.96929613,14.61917063],[120.96933801,14.61900313],[120.96938919,14.61883563],[120.96942176,14.61867279],[120.96950551,14.61849598],[120.96962183,14.61836571],[120.96979863,14.61826335],[120.9701538,14.61809113],[120.97042828,14.61796838],[120.97072834,14.61781921],[120.97069927,14.61774784],[120.97069021,14.61772631],[120.97051815,14.61726971],[120.96910537,14.61769607],[120.96869925,14.61779986],[120.96838484,14.61788037],[120.96777864,14.61804489],[120.96732109,14.61818572],[120.96747817,14.61881009],[120.96755206,14.61909892],[120.96757297,14.61922708],[120.9676058,14.61946837],[120.96762704,14.61970365],[120.96764572,14.61981475],[120.96762094,14.61981813],[120.96763108,14.61991723],[120.96765585,14.61991835],[120.96766706,14.62005064],[120.96785379,14.62016631],[120.96796546,14.62009187],[120.96810969,14.6200686]]]]}},{"type":"Feature","properties":{"psgc_code":"1303901092","adm4_en":"Barangay 92","district":"Tondo"},"geometry":{"type":"MultiPolygon","coordinates":[[[[120.96762704,14.61970365],[120.9676058,14.61946837],[120.96757297,14.61922708],[120.96755206,14.61909892],[120.96747817,14.61881009],[120.96732109,14.61818572],[120.96668467,14.61837009],[120.96576239,14.61861884],[120.96569004,14.61899505],[120.96565627,14.61914457],[120.96559839,14.61943879],[120.96671081,14.61963855],[120.96702276,14.61969723],[120.96709272,14.61970525],[120.96722342,14.61972035],[120.96725706,14.6197242],[120.96744351,14.619735],[120.96753658,14.61973593],[120.96753565,14.61977967],[120.96755519,14.61978061],[120.9675524,14.61981411],[120.96762094,14.61981813],[120.96764572,14.61981475],[120.96762704,14.61970365]]]]}},{"type":"Feature","properties":{"psgc_code":"1303901093","adm4_en":"Barangay 93","district":"Tondo"},"geometry":{"type":"MultiPolygon","coordinates":[[[[120.96742985,14.62101277],[120.96743346,14.62093545],[120.96743782,14.62082522],[120.96760428,14.62085574],[120.96764111,14.62086249],[120.96782323,14.62089098],[120.96802567,14.62087658],[120.96810155,14.62087163],[120.96810155,14.62070007],[120.96809165,14.62062419],[120.9680933,14.62055491],[120.96806361,14.62046583],[120.96800008,14.62037223],[120.9679672,14.62031891],[120.96785379,14.62016631],[120.96766706,14.62005064],[120.96765585,14.61991835],[120.96763108,14.61991723],[120.96762094,14.61981813],[120.9675524,14.61981411],[120.96755519,14.61978061],[120.96753565,14.61977967],[120.96753658,14.61973593],[120.96744351,14.619735],[120.96725706,14.6197242],[120.96722342,14.61972035],[120.96709272,14.61970525],[120.96702276,14.61969723],[120.96671081,14.61963855],[120.96559839,14.61943879],[120.96547297,14.62009957],[120.96541991,14.62039861],[120.96540826,14.62045449],[120.96533791,14.62079411],[120.96530914,14.62094881],[120.96726128,14.62135643],[120.967436,14.62137869],[120.9674224,14.62118826],[120.96742985,14.62101277]]]]}},{"type":"Feature","properties":{"psgc_code":"1303901094","adm4_en":"Barangay 94","district":"Tondo"},"geometry":{"type":"MultiPolygon","coordinates":[[[[120.96553708,14.62491775],[120.96569793,14.6245317],[120.96607594,14.6241376],[120.96651025,14.62396066],[120.96686414,14.62364699],[120.96709738,14.62335745],[120.96733062,14.62283467],[120.96749147,14.62234406],[120.96749948,14.62191372],[120.967436,14.62137869],[120.96726128,14.62135643],[120.96530914,14.62094881],[120.9652752,14.62113174],[120.96519882,14.62148225],[120.96511092,14.6218221],[120.96501716,14.62215023],[120.9649234,14.62246663],[120.96482275,14.6228484],[120.96474175,14.62314047],[120.96468901,14.6233514],[120.96464213,14.62350375],[120.96449328,14.62407],[120.96444142,14.62422961],[120.96443914,14.62428207],[120.96444142,14.62432313],[120.96445739,14.62439385],[120.96451541,14.62457836],[120.96453723,14.62464478],[120.96460795,14.62489799],[120.9646513,14.62501433],[120.96471745,14.62516945],[120.96474734,14.62525924],[120.96483427,14.62549728],[120.96524944,14.62524189],[120.96553708,14.62491775]]]]}},{"type":"Feature","properties":{"psgc_code":"1303901095","adm4_en":"Barangay 95","district":"Tondo"},"geometry":{"type":"MultiPolygon","coordinates":[[[[120.96541991,14.62039861],[120.96547297,14.62009957],[120.96559839,14.61943879],[120.96565627,14.61914457],[120.96569004,14.61899505],[120.96576239,14.61861884],[120.96540589,14.6185485],[120.96487913,14.61843207],[120.96484205,14.61842386],[120.96475164,14.61840576],[120.96460923,14.61840291],[120.9645369,14.61878896],[120.96452992,14.61882466],[120.96447506,14.61911616],[120.9644377,14.61927867],[120.9643774,14.61941346],[120.96435743,14.61945143],[120.96430646,14.61954115],[120.96423592,14.61968733],[120.96423105,14.61969668],[120.96414188,14.61990251],[120.96409233,14.62003045],[120.96403159,14.62021629],[120.96398435,14.62036104],[120.96394371,14.62048618],[120.96421618,14.62056544],[120.96439947,14.62061003],[120.96444323,14.62062002],[120.96498241,14.62072386],[120.96533791,14.62079411],[120.96540826,14.62045449],[120.96541991,14.62039861]]]]}},{"type":"Feature","properties":{"psgc_code":"1303901096","adm4_en":"Barangay 96","district":"Tondo"},"geometry":{"type":"MultiPolygon","coordinates":[[[[120.96414508,14.62653918],[120.96428617,14.62628346],[120.96435083,14.62616294],[120.9644155,14.62601597],[120.96455952,14.62577201],[120.96483427,14.62549728],[120.96474734,14.62525924],[120.96471745,14.62516945],[120.9646513,14.62501433],[120.96460795,14.62489799],[120.96453723,14.62464478],[120.96451541,14.62457836],[120.96445739,14.62439385],[120.96444142,14.62432313],[120.96443914,14.62428207],[120.96444142,14.62422961],[120.96449328,14.62407],[120.96464213,14.62350375],[120.96468901,14.6233514],[120.96474175,14.62314047],[120.96482275,14.6228484],[120.9649234,14.62246663],[120.9645585,14.6224125],[120.96378022,14.62219022],[120.96344336,14.62208124],[120.96342354,14.62213573],[120.9633195,14.62245276],[120.96322042,14.62273511],[120.96317592,14.62286743],[120.96312788,14.62301656],[120.96310648,14.62308187],[120.96308171,14.62316112],[120.96298263,14.62343853],[120.96292318,14.6236119],[120.9628039,14.62393166],[120.96295096,14.62401697],[120.9631592,14.62412],[120.96310976,14.62424778],[120.96303551,14.62450903],[120.96297176,14.62489149],[120.9629452,14.62531644],[120.96244841,14.62638182],[120.96276797,14.6265359],[120.96363857,14.62698491],[120.96380117,14.6270712],[120.96400105,14.62677727],[120.96414508,14.62653918]]]]}},{"type":"Feature","properties":{"psgc_code":"1303901097","adm4_en":"Barangay 97","district":"Tondo"},"geometry":{"type":"MultiPolygon","coordinates":[[[[120.96511092,14.6218221],[120.96519882,14.62148225],[120.9652752,14.62113174],[120.96530914,14.62094881],[120.96533791,14.62079411],[120.96498241,14.62072386],[120.96444323,14.62062002],[120.96439947,14.62061003],[120.96421618,14.62056544],[120.96394371,14.62048618],[120.96389133,14.62066892],[120.96384959,14.62081807],[120.96380005,14.62098154],[120.96377568,14.62104697],[120.9637253,14.62117177],[120.96366629,14.62137783],[120.9635862,14.6216307],[120.96353748,14.62178402],[120.96351817,14.6218607],[120.96348299,14.62196235],[120.96344336,14.62208124],[120.96378022,14.62219022],[120.9645585,14.6224125],[120.9649234,14.62246663],[120.96501716,14.62215023],[120.96511092,14.6218221]]]]}},{"type":"Feature","properties":{"psgc_code":"1303901098","adm4_en":"Barangay 98","district":"Tondo"},"geometry":{"type":"MultiPolygon","coordinates":[[[[120.96252242,14.62776253],[120.96225097,14.62761599],[120.9622932,14.62753096],[120.96246512,14.62712252],[120.96255609,14.62693423],[120.96276797,14.6265359],[120.96244841,14.62638182],[120.96234186,14.62659751],[120.96224935,14.62680907],[120.96216429,14.62697757],[120.96196205,14.62738755],[120.96184993,14.62760137],[120.96179784,14.6277174],[120.96178651,14.62773947],[120.96169691,14.62791394],[120.9616438,14.62805736],[120.96163966,14.62813534],[120.96163317,14.62826452],[120.9616877,14.62842261],[120.96176975,14.62849406],[120.96185708,14.62856022],[120.96200589,14.62865842],[120.96279637,14.62790769],[120.96252242,14.62776253]]]]}},{"type":"Feature","properties":{"psgc_code":"1303901099","adm4_en":"Barangay 99","district":"Tondo"},"geometry":{"type":"MultiPolygon","coordinates":[[[[120.96363857,14.62698491],[120.96276797,14.6265359],[120.96255609,14.62693423],[120.96246512,14.62712252],[120.9622932,14.62753096],[120.96225097,14.62761599],[120.96252242,14.62776253],[120.96279637,14.62790769],[120.96380117,14.6270712],[120.96363857,14.62698491]]]]}},{"type":"Feature","properties":{"psgc_code":"1303901100","adm4_en":"Barangay 100","district":"Tondo"},"geometry":{"type":"MultiPolygon","coordinates":[[[[120.96136658,14.62321508],[120.9614482,14.62279756],[120.96153939,14.62212982],[120.96125101,14.62210029],[120.96129045,14.62187331],[120.96116742,14.62190686],[120.96105558,14.62193669],[120.96092683,14.62197976],[120.96091018,14.62198515],[120.96077597,14.62201497],[120.96061991,14.62203132],[120.96056615,14.62203697],[120.96045961,14.62205509],[120.96029289,14.6220567],[120.95989614,14.6221007],[120.95995981,14.62275971],[120.95999392,14.62308298],[120.96000728,14.62320876],[120.96004418,14.62366944],[120.96054173,14.62366523],[120.96075131,14.62368218],[120.9609802,14.62370067],[120.9612921,14.62379097],[120.96150292,14.62329337],[120.96136658,14.62321508]]]]}},{"type":"Feature","properties":{"psgc_code":"1303901101","adm4_en":"Barangay 101","district":"Tondo"},"geometry":{"type":"MultiPolygon","coordinates":[[[[120.96110074,14.62926363],[120.96139771,14.62914214],[120.96169959,14.62893598],[120.96200589,14.62865842],[120.96185708,14.62856022],[120.96176975,14.62849406],[120.9616877,14.62842261],[120.96163317,14.62826452],[120.96163966,14.62813534],[120.9616438,14.62805736],[120.96169691,14.62791394],[120.96178651,14.62773947],[120.96179784,14.6277174],[120.96184993,14.62760137],[120.96196205,14.62738755],[120.96216429,14.62697757],[120.96224935,14.62680907],[120.96234186,14.62659751],[120.96244841,14.62638182],[120.9619638,14.62613407],[120.96179062,14.626045],[120.96139478,14.62583719],[120.96121864,14.62574996],[120.96102211,14.62564474],[120.96088791,14.62557291],[120.96083608,14.62554905],[120.96048947,14.62538767],[120.96025856,14.62536891],[120.96007925,14.62536133],[120.96007533,14.62540372],[120.96005493,14.62592043],[120.95959283,14.62592066],[120.9592593,14.62592384],[120.95910771,14.62607895],[120.95918186,14.62605423],[120.95918604,14.62604896],[120.95919134,14.62603772],[120.95921568,14.62601219],[120.95922415,14.62600811],[120.95923366,14.62600813],[120.95929098,14.62601786],[120.95929727,14.62601892],[120.95931769,14.62601978],[120.95937302,14.62601989],[120.9593824,14.62601826],[120.95940963,14.62601831],[120.95942496,14.6260167],[120.95948796,14.6260193],[120.95950416,14.62601688],[120.959534,14.62600793],[120.95955188,14.62600634],[120.95956888,14.6260105],[120.95957823,14.62601463],[120.95958247,14.62601793],[120.95958839,14.62603357],[120.95959432,14.62604098],[120.95960536,14.62604676],[120.95961214,14.62605665],[120.95961384,14.62606158],[120.95961297,14.62606898],[120.95960613,14.62608542],[120.95961121,14.62609859],[120.9596197,14.62610684],[120.95962343,14.62611254],[120.95962564,14.62611591],[120.95962816,14.62612908],[120.95963147,14.62618182],[120.9596297,14.62621811],[120.95963135,14.62624448],[120.9596304,14.62628305],[120.95963456,14.62632155],[120.95963443,14.62636897],[120.95963028,14.62638323],[120.95963209,14.62641426],[120.95964366,14.62647086],[120.9596455,14.62652557],[120.95964743,14.62653311],[120.95964538,14.62658595],[120.95963751,14.62662184],[120.95962962,14.62667283],[120.95962955,14.62670492],[120.95961769,14.62678993],[120.95961767,14.62680126],[120.95961178,14.62682207],[120.9596019,14.62688823],[120.95960187,14.62690145],[120.95959592,14.62694476],[120.9595978,14.62697097],[120.9595957,14.62703195],[120.95958976,14.62707532],[120.95958577,14.62712616],[120.95957197,14.62720136],[120.95956604,14.62724655],[120.95956601,14.62726164],[120.95956206,14.62728234],[120.95956006,14.62731062],[120.95955218,14.62734448],[120.95953837,14.62742171],[120.95952656,14.6274669],[120.95952051,14.62755941],[120.95951259,14.62761036],[120.95951256,14.62762169],[120.95949286,14.62771053],[120.95948691,14.62776914],[120.95945355,14.6278937],[120.95944568,14.62794084],[120.95944561,14.62800489],[120.95944365,14.62801807],[120.95943387,14.62803502],[120.95942213,14.62806515],[120.95941231,14.62813661],[120.95940839,14.62815353],[120.95940054,14.62824362],[120.95940055,14.62828663],[120.95939653,14.62831693],[120.95939647,14.62832835],[120.95939447,14.62833599],[120.95939437,14.62835315],[120.95938815,14.62841433],[120.95939003,14.62842772],[120.95939774,14.62844682],[120.95940068,14.62849298],[120.95941466,14.62849562],[120.95941464,14.62850112],[120.95941037,14.62851353],[120.95939905,14.62853428],[120.95939618,14.62854672],[120.95939734,14.62859092],[120.95938869,14.62862939],[120.95939427,14.62863746],[120.95939274,14.62866008],[120.95939689,14.62867347],[120.95939682,14.62868548],[120.95939387,14.6287095],[120.95938952,14.62872953],[120.9593865,14.62876302],[120.95937209,14.62880456],[120.95937204,14.6288113],[120.9593846,14.62884516],[120.95938589,14.62886816],[120.95938439,14.62888033],[120.95937718,14.62890615],[120.95937425,14.62893073],[120.95936849,14.62895396],[120.95936701,14.62897037],[120.95936688,14.62901012],[120.95936116,14.62902519],[120.95935922,14.6290335],[120.95936461,14.62903421],[120.95936439,14.62903537],[120.9593689,14.62903656],[120.95940187,14.62904523],[120.9593766,14.62909428],[120.95933365,14.6292624],[120.95943305,14.62928081],[120.96006258,14.62936671],[120.96048226,14.62940229],[120.96075714,14.62937284],[120.96110074,14.62926363]]]]}},{"type":"Feature","properties":{"psgc_code":"1303901102","adm4_en":"Barangay 102","district":"Tondo"},"geometry":{"type":"MultiPolygon","coordinates":[[[[120.96298263,14.62343853],[120.96308171,14.62316112],[120.96310648,14.62308187],[120.96312788,14.62301656],[120.96317592,14.62286743],[120.96322042,14.62273511],[120.9628142,14.62260136],[120.96273989,14.62256174],[120.96265568,14.6225122],[120.96256651,14.62247257],[120.96242284,14.62243789],[120.9623424,14.6224272],[120.96228413,14.62243294],[120.96213056,14.62244285],[120.9621178,14.62224496],[120.96212465,14.62218997],[120.96191871,14.62216884],[120.96172619,14.62214857],[120.96153939,14.62212982],[120.9614482,14.62279756],[120.96136658,14.62321508],[120.96150292,14.62329337],[120.96152323,14.62330504],[120.96156574,14.62332865],[120.96194974,14.62349571],[120.96235951,14.6237045],[120.96262574,14.6238408],[120.9628039,14.62393166],[120.96292318,14.6236119],[120.96298263,14.62343853]]]]}},{"type":"Feature","properties":{"psgc_code":"1303901103","adm4_en":"Barangay 103","district":"Tondo"},"geometry":{"type":"MultiPolygon","coordinates":[[[[120.96342354,14.62213573],[120.96344336,14.62208124],[120.96348299,14.62196235],[120.96351817,14.6218607],[120.96353748,14.62178402],[120.9635862,14.6216307],[120.96366629,14.62137783],[120.96342552,14.62131839],[120.96329837,14.62128701],[120.96326502,14.62127876],[120.96297147,14.62122815],[120.96281711,14.62120154],[120.96267055,14.621145],[120.96262596,14.62112024],[120.96263934,14.6211017],[120.96254718,14.62105368],[120.96205782,14.62104329],[120.96143866,14.62097839],[120.96142705,14.62105296],[120.96140059,14.62121329],[120.96138835,14.62128737],[120.96137127,14.62139871],[120.96135226,14.62152465],[120.96131755,14.62171557],[120.96129045,14.62187331],[120.96125101,14.62210029],[120.96153939,14.62212982],[120.96172619,14.62214857],[120.96191871,14.62216884],[120.96212465,14.62218997],[120.9621178,14.62224496],[120.96213056,14.62244285],[120.96228413,14.62243294],[120.9623424,14.6224272],[120.96242284,14.62243789],[120.96256651,14.62247257],[120.96265568,14.6225122],[120.96273989,14.62256174],[120.9628142,14.62260136],[120.96322042,14.62273511],[120.9633195,14.62245276],[120.96342354,14.62213573]]]]}},{"type":"Feature","properties":{"psgc_code":"1303901104","adm4_en":"Barangay 104","district":"Tondo"},"geometry":{"type":"MultiPolygon","coordinates":[[[[120.96377568,14.62104697],[120.96380005,14.62098154],[120.96384959,14.62081807],[120.96389133,14.62066892],[120.96394371,14.62048618],[120.96398435,14.62036104],[120.96403159,14.62021629],[120.96409233,14.62003045],[120.96414188,14.61990251],[120.96380101,14.61976617],[120.96371372,14.61975002],[120.9635624,14.61970936],[120.9633238,14.61968664],[120.96299429,14.61970936],[120.96269887,14.6197548],[120.96247163,14.61981161],[120.96216032,14.61987681],[120.96208531,14.61989114],[120.96157791,14.61999154],[120.96154558,14.62025451],[120.96152619,14.62039205],[120.96147666,14.62078124],[120.96146798,14.62084198],[120.96146724,14.62084553],[120.96145368,14.62091046],[120.96144382,14.62095124],[120.96143996,14.6209706],[120.96143866,14.62097839],[120.96205782,14.62104329],[120.96254718,14.62105368],[120.96263934,14.6211017],[120.96262596,14.62112024],[120.96267055,14.621145],[120.96281711,14.62120154],[120.96297147,14.62122815],[120.96326502,14.62127876],[120.96329837,14.62128701],[120.96342552,14.62131839],[120.96366629,14.62137783],[120.9637253,14.62117177],[120.96377568,14.62104697]]]]}},{"type":"Feature","properties":{"psgc_code":"1303901105","adm4_en":"Barangay 105","district":"Tondo"},"geometry":{"type":"MultiPolygon","coordinates":[[[[120.95696832,14.62824896],[120.95698296,14.62825044],[120.95700202,14.62824768],[120.95706357,14.62824369],[120.95712367,14.62823544],[120.95714753,14.62823607],[120.95746866,14.62789973],[120.9587378,14.62651435],[120.95891202,14.62633675],[120.95892501,14.62632117],[120.95893456,14.62631401],[120.95896111,14.62628126],[120.95897599,14.62625874],[120.95900892,14.62622188],[120.95903334,14.62619831],[120.95907579,14.62616146],[120.95911505,14.62611437],[120.95912777,14.62610517],[120.95917226,14.62606634],[120.95918186,14.62605423],[120.95910771,14.62607895],[120.9592593,14.62592384],[120.95959283,14.62592066],[120.96005493,14.62592043],[120.96007533,14.62540372],[120.96007925,14.62536133],[120.9600756,14.62485334],[120.96007272,14.62458122],[120.9600756,14.62432949],[120.96007036,14.6241213],[120.96004418,14.62366944],[120.96000728,14.62320876],[120.95999392,14.62308298],[120.95995981,14.62275971],[120.95989614,14.6221007],[120.96029289,14.6220567],[120.96045961,14.62205509],[120.96056615,14.62203697],[120.96061991,14.62203132],[120.96077597,14.62201497],[120.96091018,14.62198515],[120.96092683,14.62197976],[120.96105558,14.62193669],[120.96116742,14.62190686],[120.96129045,14.62187331],[120.96131755,14.62171557],[120.96135226,14.62152465],[120.96137127,14.62139871],[120.96138835,14.62128737],[120.96140059,14.62121329],[120.96142705,14.62105296],[120.96143866,14.62097839],[120.96143996,14.6209706],[120.96144382,14.62095124],[120.96145368,14.62091046],[120.96146724,14.62084553],[120.96146798,14.62084198],[120.96147666,14.62078124],[120.96152619,14.62039205],[120.96154558,14.62025451],[120.96157791,14.61999154],[120.96147175,14.62001611],[120.96099454,14.62012972],[120.96088304,14.62015052],[120.96047616,14.62023968],[120.96027593,14.62027133],[120.96021211,14.62028243],[120.95975287,14.6203648],[120.95973333,14.6203683],[120.95972703,14.62026167],[120.95971826,14.62006281],[120.95932464,14.62008069],[120.95921356,14.62008291],[120.95910248,14.62008291],[120.95900695,14.62008291],[120.95888921,14.62008513],[120.95878702,14.62008958],[120.95867594,14.6200918],[120.95856041,14.62009402],[120.95846266,14.62009624],[120.95835158,14.62009624],[120.95823606,14.62010068],[120.9581272,14.62010068],[120.95803168,14.62008069],[120.95649449,14.61955928],[120.95646106,14.61954411],[120.95645312,14.61954376],[120.95643572,14.61954092],[120.95641486,14.61952836],[120.95639517,14.61951652],[120.95638164,14.61951181],[120.95637004,14.61950992],[120.95632466,14.61948551],[120.95631885,14.61948737],[120.95629081,14.61948732],[120.95623866,14.61946196],[120.95620289,14.61946002],[120.95618453,14.6194553],[120.95617777,14.61945155],[120.95616521,14.61944778],[120.95615072,14.61944495],[120.95612947,14.61943462],[120.95610435,14.61942615],[120.95610048,14.61942614],[120.95608599,14.61941863],[120.95607536,14.61941674],[120.95604541,14.61940733],[120.9560174,14.61939418],[120.95599518,14.61938852],[120.95597006,14.61937818],[120.95594204,14.61936971],[120.95592466,14.61936032],[120.9559063,14.61935748],[120.95588504,14.61934995],[120.95584446,14.61933865],[120.95583094,14.61933301],[120.95581838,14.6193255],[120.95579425,14.61930862],[120.95576237,14.61929452],[120.95571232,14.61928414],[120.95568815,14.61928129],[120.95567366,14.61927658],[120.9556698,14.61927377],[120.95564951,14.61926999],[120.95563888,14.61926622],[120.9556186,14.61925589],[120.95559541,14.61924837],[120.95557317,14.61924832],[120.95554804,14.61924453],[120.95553742,14.61923983],[120.95551715,14.61922483],[120.95550845,14.61922294],[120.95547075,14.61920736],[120.95545803,14.61920642],[120.95545216,14.6192102],[120.95544727,14.61922061],[120.95544825,14.6192367],[120.95545119,14.61924522],[120.9554551,14.61924995],[120.95547173,14.61925563],[120.95549716,14.61925753],[120.95551477,14.61926226],[120.95553628,14.61927456],[120.95555389,14.61928119],[120.95558128,14.61929728],[120.95561258,14.61931053],[120.95562725,14.61931526],[120.95566051,14.61932189],[120.95569279,14.61933135],[120.95571529,14.61934082],[120.95574854,14.61935123],[120.95575735,14.61935218],[120.95580821,14.61936732],[120.95586114,14.6193872],[120.95587386,14.61939004],[120.95589147,14.6193995],[120.95590418,14.61940424],[120.95594918,14.61941654],[120.9559707,14.61942695],[120.95598733,14.61943168],[120.95601863,14.61944494],[120.95603526,14.61945629],[120.95605188,14.61945345],[120.95606167,14.6194544],[120.95609492,14.61946481],[120.95611449,14.61946765],[120.95619078,14.61949699],[120.95621426,14.61950835],[120.9562573,14.61951876],[120.95629986,14.61953418],[120.95630671,14.61953418],[120.95632823,14.61954175],[120.95633899,14.61954365],[120.95634779,14.61955027],[120.95637498,14.61955561],[120.95638463,14.61955937],[120.95639622,14.61956688],[120.95639911,14.61957062],[120.95640349,14.61957807],[120.95641722,14.61960143],[120.95641838,14.6196034],[120.95642997,14.61960997],[120.95643802,14.6196095],[120.95644544,14.61960907],[120.95644931,14.61960627],[120.95645707,14.61959599],[120.95647157,14.61959789],[120.95648669,14.61960706],[120.95649452,14.6196099],[120.95652582,14.6196099],[120.95655125,14.61962221],[120.95657668,14.61962883],[120.95660407,14.61963924],[120.95667254,14.61965912],[120.95670248,14.61967224],[120.95672181,14.61967602],[120.95676625,14.6196892],[120.95678943,14.61970047],[120.95680586,14.61970611],[120.95683483,14.61972207],[120.95685124,14.61973333],[120.95686571,14.61975113],[120.95687765,14.61975864],[120.95691051,14.61976432],[120.9569163,14.61976807],[120.9569308,14.61977277],[120.9569482,14.61977468],[120.95696849,14.61978033],[120.95698202,14.61978129],[120.9570139,14.61979258],[120.95705063,14.6197992],[120.95707091,14.61980859],[120.95708347,14.61981142],[120.95710764,14.61981334],[120.95712793,14.61981806],[120.95713469,14.61982087],[120.95714145,14.6198265],[120.95717327,14.61986959],[120.95718835,14.61987808],[120.95722161,14.61987808],[120.95724602,14.61988186],[120.95726167,14.61988754],[120.95727927,14.61989038],[120.95729101,14.61989417],[120.95730079,14.61989985],[120.95730373,14.61990269],[120.95730275,14.61990553],[120.95730471,14.61991121],[120.95731644,14.61992067],[120.95732622,14.6199254],[120.95733201,14.61994486],[120.95733876,14.61995423],[120.95734744,14.61996079],[120.95736195,14.61996082],[120.95738517,14.61995245],[120.95739388,14.61994591],[120.95740742,14.61994594],[120.95741711,14.61995252],[120.95743365,14.61997969],[120.95744728,14.61998908],[120.95747551,14.61998916],[120.95748524,14.61998732],[120.95750274,14.61998084],[120.95751635,14.61997249],[120.95752801,14.61996228],[120.95753189,14.61996415],[120.95753672,14.61996976],[120.95754348,14.61998097],[120.95755121,14.61998937],[120.95757054,14.61999874],[120.95757538,14.619996],[120.95759417,14.61999303],[120.95761449,14.61999609],[120.95763946,14.62000968],[120.95768312,14.62002629],[120.95769558,14.62003383],[120.95770024,14.62003834],[120.9577049,14.62004586],[120.95770957,14.62004887],[120.95771423,14.62005489],[120.95771728,14.62006842],[120.95771402,14.62009702],[120.9577171,14.62010455],[120.95772331,14.62010907],[120.9577373,14.62011509],[120.9577404,14.62011811],[120.95774348,14.62012715],[120.95774341,14.62014071],[120.95775581,14.62015578],[120.95776046,14.6201603],[120.95778688,14.62017385],[120.95779622,14.62017233],[120.95780402,14.62016779],[120.95781651,14.6201512],[120.95781809,14.62014217],[120.9578151,14.62010455],[120.95782134,14.62009704],[120.95783221,14.62009253],[120.95783842,14.62009103],[120.95786941,14.62009405],[120.9578787,14.62009705],[120.95788952,14.62010756],[120.95789415,14.62011507],[120.95789414,14.62011957],[120.95788792,14.62013611],[120.95788789,14.62015265],[120.95788943,14.62015716],[120.957908,14.62017218],[120.95791264,14.6201782],[120.95792813,14.62017366],[120.95793588,14.62016914],[120.95793898,14.62016312],[120.95794054,14.62014659],[120.95793745,14.62014359],[120.95793436,14.62013458],[120.95792818,14.62012857],[120.95792664,14.62012107],[120.95793283,14.62011656],[120.95794056,14.62011356],[120.95794983,14.62011206],[120.95796682,14.62011356],[120.95798534,14.62013605],[120.95798535,14.62014656],[120.95798226,14.62016608],[120.95798998,14.62017809],[120.95799771,14.62018409],[120.9580116,14.62018858],[120.95803011,14.62018404],[120.9580409,14.62017502],[120.95804706,14.62017501],[120.95805323,14.62017951],[120.95805632,14.62018701],[120.95805635,14.62020503],[120.95805482,14.62021104],[120.9580425,14.62022911],[120.95802862,14.62023516],[120.9580209,14.6202412],[120.95801628,14.62025025],[120.95801628,14.6202623],[120.9580132,14.62027739],[120.95801167,14.62030002],[120.95801323,14.62032266],[120.95801944,14.62034379],[120.95801779,14.6203723],[120.95801453,14.62037528],[120.95801301,14.62038129],[120.95800222,14.62039029],[120.9579976,14.62039781],[120.95798996,14.62042941],[120.95797919,14.62045352],[120.95794517,14.62049277],[120.95794052,14.62049881],[120.95793743,14.62050638],[120.95791725,14.62051849],[120.9578877,14.6205276],[120.95786272,14.62052908],[120.95785804,14.62052756],[120.95783465,14.62051089],[120.95781437,14.62050481],[120.95780031,14.62050478],[120.95779406,14.62050628],[120.95778468,14.62051079],[120.95777999,14.62051532],[120.95777685,14.62052287],[120.95777837,14.62054402],[120.95777522,14.62055762],[120.95777052,14.62056516],[120.95776583,14.62056818],[120.95774239,14.62057417],[120.9577346,14.62056963],[120.95772526,14.6205545],[120.95771747,14.62054542],[120.95770811,14.62053936],[120.95769718,14.62053933],[120.95769093,14.62054234],[120.95768467,14.62054838],[120.95767683,14.62056347],[120.95767525,14.62057556],[120.95766898,14.6205831],[120.95766117,14.62058762],[120.95764867,14.62059062],[120.95761745,14.62058753],[120.95758778,14.62058748],[120.95757529,14.62058443],[120.95754721,14.62056927],[120.95750197,14.62055105],[120.95747855,14.62054647],[120.95745669,14.62054794],[120.95745044,14.62054944],[120.9574395,14.62055546],[120.95742542,14.62056601],[120.95740979,14.62057505],[120.95739102,14.62059012],[120.95735411,14.62062873],[120.95732249,14.62063271],[120.95730062,14.62063871],[120.95727092,14.62065225],[120.95725059,14.62066883],[120.95724277,14.62067335],[120.95721933,14.62068086],[120.9571959,14.62068535],[120.95711782,14.62068671],[120.95708659,14.62068967],[120.95706941,14.62068964],[120.95702411,14.6206956],[120.95692106,14.62069238],[120.95685081,14.62068469],[120.95683051,14.62068465],[120.95680864,14.62068612],[120.95678364,14.62069211],[120.95674772,14.62069809],[120.95669771,14.62071461],[120.95666179,14.62072059],[120.95662431,14.62071901],[120.95660246,14.62071443],[120.95658997,14.62071592],[120.95653751,14.62071103],[120.95648656,14.62071185],[120.95643344,14.62072384],[120.95637566,14.62072524],[120.95634286,14.6207282],[120.9562835,14.62073866],[120.95621947,14.62074307],[120.95618355,14.62074754],[120.95608674,14.62074584],[120.95603363,14.62075027],[120.95598991,14.62075019],[120.955929,14.62075762],[120.9558884,14.62075755],[120.95586809,14.62075902],[120.95582123,14.6207695],[120.95575252,14.62076937],[120.95570723,14.62077231],[120.95562603,14.62077064],[120.95557293,14.62077809],[120.95551514,14.62078403],[120.95544641,14.62079598],[120.95535427,14.62079883],[120.95534177,14.62080182],[120.95525743,14.62081224],[120.95521527,14.62081216],[120.95512541,14.62081652],[120.9551176,14.62081801],[120.95510509,14.62082403],[120.95509726,14.62083762],[120.95508,14.62087687],[120.95507212,14.62091312],[120.95506898,14.62092066],[120.95505946,14.62099468],[120.95505938,14.62103397],[120.9550515,14.62106719],[120.95503738,14.62110192],[120.95503107,14.62113364],[120.95503105,14.6211427],[120.95502631,14.62116838],[120.95502786,14.62117594],[120.9550215,14.62122787],[120.95498846,14.62135171],[120.95498215,14.62138191],[120.9549774,14.62141515],[120.95497269,14.62142571],[120.95496799,14.62143024],[120.95495393,14.62143323],[120.95494456,14.62143775],[120.9549383,14.62144227],[120.95493516,14.62145133],[120.95493039,14.62149211],[120.95493036,14.62150571],[120.95491297,14.62160993],[120.95490977,14.62164921],[120.95490662,14.62165978],[120.95490346,14.62168093],[120.95489874,14.62169452],[120.95489401,14.62171718],[120.95487989,14.6217519],[120.95486731,14.62179418],[120.95485471,14.62184704],[120.95484687,14.62186214],[120.95484522,14.62190293],[120.95484051,14.62191803],[120.95483104,14.62196385],[120.95483261,14.62196234],[120.95483259,14.6219699],[120.9548184,14.62203786],[120.95481836,14.62205902],[120.9548121,14.62206203],[120.95480742,14.62206202],[120.95478713,14.62205896],[120.95475434,14.62205738],[120.95468874,14.62206481],[120.95466844,14.62206477],[120.95465439,14.62206172],[120.95464658,14.62206171],[120.95464032,14.62206774],[120.95463718,14.6220768],[120.9546371,14.62211608],[120.95463865,14.62212364],[120.95464011,14.62217351],[120.95464318,14.6221992],[120.95464464,14.62224604],[120.95464769,14.6222808],[120.95464914,14.6223352],[120.95465681,14.62240472],[120.95465825,14.62246062],[120.95466132,14.62248934],[120.95465955,14.62259057],[120.95466263,14.62260871],[120.95466575,14.62261476],[120.95466564,14.62266437],[120.95466876,14.6226674],[120.95468437,14.62266743],[120.95469843,14.62266444],[120.95471093,14.62266446],[120.95471873,14.6226675],[120.95473119,14.62268263],[120.95474211,14.62268718],[120.95474992,14.6226872],[120.95478585,14.62267971],[120.95480459,14.62267975],[120.95483113,14.62268282],[120.95483737,14.62268435],[120.95485295,14.622701],[120.95485918,14.62271007],[120.95486848,14.62274182],[120.95487,14.62276298],[120.95486842,14.62277355],[120.95486835,14.62280679],[120.95487452,14.62284156],[120.95487603,14.62286725],[120.95487759,14.62287027],[120.95487757,14.62287934],[120.95488066,14.62289747],[120.95487746,14.62293222],[120.95487117,14.62295638],[120.95487113,14.622973],[120.95486955,14.62298056],[120.95486328,14.62299565],[120.95486478,14.62302285],[120.95486162,14.62304098],[120.95485849,14.62304702],[120.95483035,14.62306056],[120.95480537,14.62306051],[120.95474292,14.62305133],[120.95472575,14.62305129],[120.95468669,14.62305877],[120.95466482,14.62306629],[120.95464762,14.62307532],[120.95463511,14.62308436],[120.95462572,14.62309492],[120.95461944,14.62310851],[120.95460365,14.6231946],[120.95458793,14.62324594],[120.9545816,14.62328673],[120.95457846,14.62329579],[120.95457525,14.62333809],[120.95456894,14.62336678],[120.95456424,14.62337584],[120.95455049,14.62341425],[120.95453864,14.62347385],[120.95452679,14.62351626],[120.95450902,14.62362057],[120.95449836,14.6236561],[120.95448414,14.62371341],[120.95447467,14.62377187],[120.95446163,14.62382803],[120.95444742,14.62391285],[120.9544332,14.62397818],[120.95442609,14.62402976],[120.95442017,14.62405383],[120.95440951,14.62408218],[120.95440003,14.62412688],[120.95440003,14.62413376],[120.95438581,14.62420826],[120.95437515,14.62424953],[120.95436923,14.62428047],[120.95435738,14.62435956],[120.95434672,14.62439853],[120.95434553,14.6244077],[120.95433961,14.6244249],[120.95433369,14.6244574],[120.95433368,14.62446772],[120.95432776,14.62450783],[120.95430407,14.62459724],[120.95428274,14.62470842],[120.95427919,14.62472103],[120.95427208,14.62476573],[120.95426142,14.62481043],[120.95425194,14.62485972],[120.95424365,14.62488837],[120.95424128,14.624909],[120.95423275,14.62495473],[120.95423749,14.62495129],[120.95423275,14.62497421],[120.95422823,14.62502702],[120.9542282,14.62504364],[120.95423433,14.62509805],[120.95423429,14.62511769],[120.95423111,14.6251479],[120.95422639,14.62516451],[120.95421542,14.62518111],[120.95420916,14.62518714],[120.95419509,14.62519618],[120.95418726,14.62520674],[120.95418097,14.6252294],[120.95418242,14.62528379],[120.9541777,14.62529889],[120.95416517,14.62531851],[120.95415888,14.62533814],[120.95414948,14.62535323],[120.95414169,14.62538038],[120.95413542,14.62539396],[120.95413383,14.62540454],[120.95413379,14.62542418],[120.95413066,14.62542871],[120.9541244,14.62543323],[120.95409005,14.62543316],[120.95404944,14.62543913],[120.95404007,14.62543911],[120.95400882,14.62544812],[120.95400256,14.62545264],[120.9539963,14.62546018],[120.95399159,14.62547075],[120.95398844,14.62548585],[120.95396967,14.62549941],[120.95394469,14.62549936],[120.95391815,14.62549629],[120.95385881,14.62549467],[120.95382446,14.62549158],[120.95379323,14.62549152],[120.95373703,14.62548536],[120.95365427,14.62548672],[120.95364176,14.62549122],[120.95363863,14.62549575],[120.95363235,14.62551085],[120.9536292,14.62552444],[120.9536276,14.62554559],[120.95362909,14.62557884],[120.95363219,14.62558791],[120.95363687,14.62559396],[120.95365091,14.62560154],[120.95366183,14.62560307],[120.95368682,14.62560312],[120.95373211,14.62559868],[120.95385079,14.62560042],[120.95387421,14.62559895],[120.95390856,14.62560204],[120.95393198,14.62560208],[120.95398194,14.62560974],[120.95405688,14.62561744],[120.95406312,14.62561896],[120.95408184,14.62562806],[120.95410054,14.62564774],[120.95410521,14.62565379],[120.95410676,14.62566135],[120.9541036,14.62567645],[120.9540942,14.62569154],[120.95408795,14.62569606],[120.9540817,14.62569756],[120.95405671,14.62569752],[120.95403174,14.62570283],[120.95402226,14.62570283],[120.95400047,14.62570922],[120.95398797,14.62571524],[120.95396922,14.62571974],[120.95394578,14.62572876],[120.95393172,14.62573176],[120.95390829,14.62573473],[120.95384113,14.62573914],[120.9538177,14.62574362],[120.9537646,14.62574805],[120.9537443,14.62574499],[120.95370842,14.62573133],[120.95369905,14.6257298],[120.95366938,14.62572974],[120.95363345,14.62573722],[120.95361157,14.62574625],[120.95360687,14.62575077],[120.95360057,14.62577947],[120.95359894,14.62581119],[120.95359577,14.62583385],[120.95359574,14.62585047],[120.95359728,14.62585803],[120.95360507,14.62586862],[120.95363941,14.62587624],[120.95365034,14.62587626],[120.95370814,14.62586278],[120.9537394,14.62585226],[120.95378313,14.62584932],[120.95385342,14.62583888],[120.95386436,14.62583588],[120.95388466,14.62583441],[120.953935,14.62583588],[120.95394278,14.6258495],[120.95395212,14.6258616],[120.953963,14.62588731],[120.9539739,14.62590244],[120.95399263,14.62590852],[120.95399887,14.62590853],[120.95401763,14.62590252],[120.95402699,14.62590254],[120.95403323,14.62590709],[120.954041,14.62592826],[120.9540394,14.62594336],[120.95402999,14.62596601],[120.95402841,14.62597507],[120.95402991,14.62600529],[120.95402361,14.62602795],[120.95401419,14.6260521],[120.95401102,14.62607627],[120.95401095,14.62611102],[120.95400937,14.62611858],[120.95400468,14.6261231],[120.95399843,14.62612611],[120.95398749,14.6261276],[120.9539422,14.62612902],[120.95392347,14.62612748],[120.95392191,14.62612596],[120.95390317,14.62612895],[120.95389222,14.62613346],[120.95388596,14.62614251],[120.95387967,14.62616517],[120.95387965,14.62617423],[120.95388428,14.62619842],[120.9538905,14.62621052],[120.95389674,14.62621506],[120.95391391,14.62621811],[120.95395297,14.62620913],[120.95396546,14.62621066],[120.9539857,14.62623941],[120.9539794,14.62626357],[120.95397624,14.62628472],[120.95396778,14.62631655],[120.95396294,14.62635467],[120.95396291,14.62636827],[120.95395976,14.62638186],[120.95395033,14.62640904],[120.95394092,14.62642867],[120.95392996,14.62644527],[120.95392681,14.62645584],[120.95393144,14.62648455],[120.95392983,14.62650873],[120.95392198,14.62652835],[120.9539094,14.62657064],[120.95389055,14.62662499],[120.9538858,14.62665369],[120.95388254,14.62672319],[120.95387623,14.6267534],[120.95387463,14.62677304],[120.95386204,14.62681834],[120.9538573,14.62684402],[120.95384003,14.62689082],[120.95383372,14.62692254],[120.95381798,14.62698144],[120.95381163,14.6270328],[120.95380679,14.62710834],[120.95380205,14.62713553],[120.95379884,14.62717783],[120.95379254,14.6272035],[120.9537894,14.62720954],[120.95378625,14.62722464],[120.95377525,14.62725786],[120.95374207,14.62744516],[120.9537342,14.62747536],[120.95373258,14.62750407],[120.95372785,14.62752521],[120.95370903,14.62756597],[120.95370745,14.62757352],[120.953709,14.62758108],[120.9536944,14.62762685],[120.9537003,14.62766589],[120.9537047,14.62766306],[120.95375151,14.6276674],[120.95380124,14.62767882],[120.95384512,14.62768599],[120.95386267,14.62769027],[120.95387436,14.62769595],[120.95389041,14.62771581],[120.9538977,14.62773281],[120.95390351,14.62775264],[120.9539093,14.6277838],[120.95391511,14.62780222],[120.95392378,14.62785603],[120.95392959,14.62787728],[120.95392956,14.62789285],[120.95392508,14.62793532],[120.95392503,14.62795797],[120.9539279,14.62798912],[120.95392493,14.62800752],[120.95391168,14.62804714],[120.95388527,14.62808107],[120.95387499,14.62810087],[120.95384565,14.62813621],[120.95383978,14.62814611],[120.95384123,14.62815319],[120.95384707,14.62815603],[120.95385585,14.62815746],[120.9538895,14.62815894],[120.95392461,14.62816326],[120.95394509,14.62816755],[120.9539802,14.62817045],[120.95406799,14.62817203],[120.95410751,14.62816503],[120.95414847,14.62816794],[120.95415578,14.62817078],[120.95419327,14.62816504],[120.95420645,14.62816509],[120.95428991,14.62817537],[120.95435145,14.62817279],[120.95436463,14.62817426],[120.95440272,14.62817442],[120.95443346,14.6281788],[120.95446569,14.62817894],[120.95450816,14.62818337],[120.9546003,14.62818517],[120.95462521,14.62818386],[120.95470868,14.6281913],[120.95475262,14.6281929],[120.95479654,14.62820017],[120.95484194,14.62820178],[120.95486537,14.62820471],[120.95489907,14.62820485],[120.95492249,14.62820779],[120.95495472,14.62820792],[120.95498693,14.62821231],[120.95504845,14.6282154],[120.95506748,14.62821832],[120.95511436,14.62821851],[120.95512753,14.62821999],[120.955192,14.62821884],[120.95520078,14.62822029],[120.9552594,14.62821487],[120.9552931,14.62821501],[120.95529895,14.62821645],[120.95532826,14.62821516],[120.95541599,14.62821694],[120.95543209,14.62821985],[120.95550682,14.62821732],[120.95555955,14.62821896],[120.95556833,14.62822042],[120.95566795,14.62822083],[120.9556826,14.62821948],[120.95572067,14.62822531],[120.95575583,14.62822404],[120.95580123,14.62822848],[120.955832,14.62822719],[120.95585104,14.62822869],[120.95588325,14.62823166],[120.95591413,14.62823772],[120.95656085,14.62824745],[120.95659744,14.62824469],[120.95668393,14.62824919],[120.95672932,14.62825505],[120.95677328,14.62825098],[120.95683626,14.6282555],[120.95691098,14.62825297],[120.95694906,14.62825597],[120.95696832,14.62824896]]]]}},{"type":"Feature","properties":{"psgc_code":"1303901106","adm4_en":"Barangay 106","district":"Tondo"},"geometry":{"type":"MultiPolygon","coordinates":[[[[120.96297176,14.62489149],[120.96303551,14.62450903],[120.96310976,14.62424778],[120.9631592,14.62412],[120.96295096,14.62401697],[120.9628039,14.62393166],[120.96262574,14.6238408],[120.96235951,14.6237045],[120.96194974,14.62349571],[120.96156574,14.62332865],[120.96152323,14.62330504],[120.96150292,14.62329337],[120.9612921,14.62379097],[120.9609802,14.62370067],[120.96075131,14.62368218],[120.96054173,14.62366523],[120.96004418,14.62366944],[120.96007036,14.6241213],[120.9600756,14.62432949],[120.96007272,14.62458122],[120.9600756,14.62485334],[120.96007925,14.62536133],[120.96025856,14.62536891],[120.96048947,14.62538767],[120.96083608,14.62554905],[120.96088791,14.62557291],[120.96102211,14.62564474],[120.96121864,14.62574996],[120.96139478,14.62583719],[120.96179062,14.626045],[120.9619638,14.62613407],[120.96244841,14.62638182],[120.9629452,14.62531644],[120.96297176,14.62489149]]]]}},{"type":"Feature","properties":{"psgc_code":"1303901107","adm4_en":"Barangay 107","district":"Tondo"},"geometry":{"type":"MultiPolygon","coordinates":[[[[120.96021211,14.62028243],[120.96027593,14.62027133],[120.96047616,14.62023968],[120.96088304,14.62015052],[120.96099454,14.62012972],[120.96147175,14.62001611],[120.96131578,14.6195059],[120.96159562,14.61942686],[120.96163889,14.61936743],[120.96170624,14.61925961],[120.96186845,14.61900955],[120.96209535,14.61866485],[120.9622646,14.61838279],[120.96235234,14.61820927],[120.96246891,14.61800289],[120.96214983,14.61795806],[120.96183722,14.61785263],[120.96154528,14.61781093],[120.96143277,14.61779911],[120.96112349,14.61775152],[120.9610759,14.61774558],[120.96090342,14.61772179],[120.96085371,14.61771731],[120.96059893,14.61769435],[120.96049302,14.6176861],[120.96043448,14.617688],[120.9601877,14.61766617],[120.95990265,14.61764171],[120.9596542,14.6176343],[120.95666265,14.61738794],[120.95656307,14.61738794],[120.95655531,14.61745243],[120.95654611,14.61746621],[120.95654532,14.61748077],[120.95654057,14.61750604],[120.95653978,14.61754128],[120.95653666,14.61755235],[120.95653568,14.61757507],[120.95653373,14.61758548],[120.95653275,14.61762523],[120.95653079,14.6176347],[120.95652395,14.61773313],[120.95652355,14.61783685],[120.95651866,14.61787944],[120.95651377,14.61790216],[120.95650203,14.61799775],[120.95649812,14.61806212],[120.95649323,14.61808767],[120.95648834,14.61814351],[120.95648736,14.61823989],[120.95648344,14.61827775],[120.95648442,14.61831561],[120.95647366,14.61840552],[120.95647366,14.61844622],[120.95647171,14.61848313],[120.95646779,14.61850301],[120.95646486,14.61854182],[120.95646095,14.61857021],[120.95645997,14.61859293],[120.95645508,14.61863552],[120.95645508,14.61866391],[120.95645116,14.61868589],[120.95645116,14.61869725],[120.95644725,14.61872848],[120.95644696,14.61881118],[120.956445,14.61882334],[120.9564449,14.61887198],[120.95643901,14.61891875],[120.95643893,14.61895804],[120.95643498,14.61899732],[120.9564348,14.61908526],[120.95642307,14.61914838],[120.95642297,14.61919702],[120.95642002,14.61921853],[120.95641986,14.61929618],[120.9564169,14.61932611],[120.95641201,14.6193551],[120.95641197,14.61937194],[120.95641486,14.61938037],[120.95642475,14.61937724],[120.95647855,14.61938197],[120.95651278,14.61938008],[120.95657049,14.61938576],[120.95658419,14.61938386],[120.95657636,14.61949176],[120.95657245,14.61952394],[120.95656756,14.61954382],[120.95656756,14.61955423],[120.95656462,14.61955802],[120.95654011,14.61955515],[120.95651304,14.61955416],[120.95649274,14.61955038],[120.95647535,14.61954473],[120.95646106,14.61954411],[120.95649449,14.61955928],[120.95803168,14.62008069],[120.9581272,14.62010068],[120.95823606,14.62010068],[120.95835158,14.62009624],[120.95846266,14.62009624],[120.95856041,14.62009402],[120.95867594,14.6200918],[120.95878702,14.62008958],[120.95888921,14.62008513],[120.95900695,14.62008291],[120.95910248,14.62008291],[120.95921356,14.62008291],[120.95932464,14.62008069],[120.95971826,14.62006281],[120.95972703,14.62026167],[120.95973333,14.6203683],[120.95975287,14.6203648],[120.96021211,14.62028243]]]]}},{"type":"Feature","properties":{"psgc_code":"1303901108","adm4_en":"Barangay 108","district":"Tondo"},"geometry":{"type":"MultiPolygon","coordinates":[[[[120.96208531,14.61989114],[120.96216032,14.61987681],[120.96247163,14.61981161],[120.96269887,14.6197548],[120.96299429,14.61970936],[120.9633238,14.61968664],[120.96330412,14.61928928],[120.96329546,14.61911102],[120.96331598,14.61905461],[120.9633211,14.61902897],[120.96342671,14.61879191],[120.96351942,14.6185828],[120.96356026,14.61849216],[120.96369045,14.61822217],[120.96340154,14.61817148],[120.96330679,14.61815378],[120.96323496,14.61813504],[120.96294946,14.61807864],[120.96246891,14.61800289],[120.96235234,14.61820927],[120.9622646,14.61838279],[120.96209535,14.61866485],[120.96186845,14.61900955],[120.96170624,14.61925961],[120.96163889,14.61936743],[120.96159562,14.61942686],[120.96131578,14.6195059],[120.96147175,14.62001611],[120.96157791,14.61999154],[120.96208531,14.61989114]]]]}},{"type":"Feature","properties":{"psgc_code":"1303901109","adm4_en":"Barangay 109","district":"Tondo"},"geometry":{"type":"MultiPolygon","coordinates":[[[[120.96423592,14.61968733],[120.96430646,14.61954115],[120.96435743,14.61945143],[120.9643774,14.61941346],[120.9644377,14.61927867],[120.96447506,14.61911616],[120.96452992,14.61882466],[120.9645369,14.61878896],[120.96460923,14.61840291],[120.96448748,14.61837906],[120.96457171,14.61806265],[120.9645948,14.61798027],[120.9646422,14.61779716],[120.96465321,14.61774349],[120.96469858,14.61757161],[120.96471099,14.61751099],[120.9647404,14.61733852],[120.96474931,14.61727772],[120.96475715,14.61723918],[120.96476814,14.61717091],[120.96476767,14.61705147],[120.96476741,14.6169879],[120.96476653,14.61694654],[120.96476567,14.61690566],[120.96431608,14.61689045],[120.96430079,14.61702362],[120.96429101,14.61708902],[120.96425688,14.61730846],[120.96423147,14.61748338],[120.9642198,14.61754941],[120.96420145,14.61764273],[120.96418639,14.61771258],[120.9641776,14.61775714],[120.96412061,14.61795223],[120.96411138,14.6180007],[120.96402182,14.61828995],[120.96369045,14.61822217],[120.96356026,14.61849216],[120.96351942,14.6185828],[120.96342671,14.61879191],[120.9633211,14.61902897],[120.96331598,14.61905461],[120.96329546,14.61911102],[120.96330412,14.61928928],[120.9633238,14.61968664],[120.9635624,14.61970936],[120.96371372,14.61975002],[120.96380101,14.61976617],[120.96414188,14.61990251],[120.96423105,14.61969668],[120.96423592,14.61968733]]]]}},{"type":"Feature","properties":{"psgc_code":"1303901110","adm4_en":"Barangay 110","district":"Tondo"},"geometry":{"type":"MultiPolygon","coordinates":[[[[120.9614672,14.61727676],[120.961482,14.61706897],[120.96149686,14.61686896],[120.96149928,14.61682985],[120.96151582,14.61660325],[120.96153634,14.61618273],[120.96154551,14.61608274],[120.96155928,14.61577492],[120.96156685,14.61556657],[120.9615858,14.61530518],[120.96160853,14.61505137],[120.96161272,14.61482717],[120.96163601,14.61457067],[120.96113157,14.61453282],[120.96049903,14.61448039],[120.96015317,14.61445189],[120.96013321,14.61464877],[120.9599219,14.61462613],[120.95961247,14.61459594],[120.95936342,14.61458839],[120.95807287,14.61449028],[120.95688799,14.61438462],[120.95679496,14.6143703],[120.95679153,14.61441206],[120.9567084,14.61549899],[120.95665535,14.61613232],[120.95662469,14.61661163],[120.95658061,14.61711441],[120.95657909,14.61725487],[120.95656307,14.61738794],[120.95666265,14.61738794],[120.9596542,14.6176343],[120.95990265,14.61764171],[120.9601877,14.61766617],[120.96043448,14.617688],[120.96049302,14.6176861],[120.96059893,14.61769435],[120.96085371,14.61771731],[120.96090342,14.61772179],[120.9610759,14.61774558],[120.96112349,14.61775152],[120.96143277,14.61779911],[120.96144962,14.61752516],[120.9614672,14.61727676]]]]}},{"type":"Feature","properties":{"psgc_code":"1303901111","adm4_en":"Barangay 111","district":"Tondo"},"geometry":{"type":"MultiPolygon","coordinates":[[[[120.96412061,14.61795223],[120.9641776,14.61775714],[120.96418639,14.61771258],[120.96420145,14.61764273],[120.9642198,14.61754941],[120.96423147,14.61748338],[120.96425688,14.61730846],[120.96429101,14.61708902],[120.96397974,14.61705381],[120.96400066,14.61699409],[120.96402039,14.61681002],[120.96367673,14.61678037],[120.96367061,14.61682575],[120.9636613,14.61690991],[120.96326826,14.61689204],[120.96326918,14.61707906],[120.96326879,14.61709196],[120.96326855,14.61720144],[120.96327348,14.61730431],[120.96327201,14.61734443],[120.96327348,14.61754895],[120.963272,14.61769722],[120.96326477,14.6178171],[120.96325959,14.61792416],[120.96323496,14.61813504],[120.96330679,14.61815378],[120.96340154,14.61817148],[120.96369045,14.61822217],[120.96402182,14.61828995],[120.96411138,14.6180007],[120.96412061,14.61795223]]]]}},{"type":"Feature","properties":{"psgc_code":"1303901112","adm4_en":"Barangay 112","district":"Tondo"},"geometry":{"type":"MultiPolygon","coordinates":[[[[120.96326477,14.6178171],[120.963272,14.61769722],[120.96327348,14.61754895],[120.96327201,14.61734443],[120.96327348,14.61730431],[120.96326855,14.61720144],[120.96326879,14.61709196],[120.96326918,14.61707906],[120.96326826,14.61689204],[120.96327562,14.61678712],[120.96276149,14.61678591],[120.96276722,14.61672121],[120.96246976,14.61668018],[120.96215691,14.61665967],[120.96181977,14.61662813],[120.96151582,14.61660325],[120.96149928,14.61682985],[120.96149686,14.61686896],[120.961482,14.61706897],[120.9614672,14.61727676],[120.96144962,14.61752516],[120.96143277,14.61779911],[120.96154528,14.61781093],[120.96183722,14.61785263],[120.96214983,14.61795806],[120.96246891,14.61800289],[120.96294946,14.61807864],[120.96323496,14.61813504],[120.96325959,14.61792416],[120.96326477,14.6178171]]]]}},{"type":"Feature","properties":{"psgc_code":"1303901116","adm4_en":"Barangay 116","district":"Tondo"},"geometry":{"type":"MultiPolygon","coordinates":[[[[120.96328472,14.616468],[120.96329035,14.61613145],[120.96328344,14.61579917],[120.96329006,14.61567593],[120.96328736,14.61555669],[120.96328272,14.61533502],[120.96328428,14.61529358],[120.96327552,14.61516805],[120.96327295,14.61506118],[120.96327538,14.61496025],[120.96327413,14.61487196],[120.96327068,14.61465768],[120.96293747,14.6146615],[120.9626471,14.61464214],[120.96231652,14.61461981],[120.96198595,14.61459598],[120.96163601,14.61457067],[120.96161272,14.61482717],[120.96160853,14.61505137],[120.9615858,14.61530518],[120.96156685,14.61556657],[120.96155928,14.61577492],[120.96154551,14.61608274],[120.96153634,14.61618273],[120.96151582,14.61660325],[120.96181977,14.61662813],[120.96215691,14.61665967],[120.96246976,14.61668018],[120.96276722,14.61672121],[120.96276149,14.61678591],[120.96327562,14.61678712],[120.96327797,14.61670751],[120.96328472,14.616468]]]]}},{"type":"Feature","properties":{"psgc_code":"1303901117","adm4_en":"Barangay 117","district":"Tondo"},"geometry":{"type":"MultiPolygon","coordinates":[[[[120.96431608,14.61689045],[120.96476567,14.61690566],[120.96476228,14.61674686],[120.96476221,14.61664317],[120.96475832,14.61655864],[120.96474848,14.61633426],[120.96474713,14.61631117],[120.96474177,14.61618274],[120.96472639,14.61593658],[120.96471575,14.61583317],[120.96470936,14.61578614],[120.96470505,14.61574547],[120.96469252,14.61568313],[120.96468911,14.61563389],[120.96468593,14.61557649],[120.96433118,14.61558554],[120.96433089,14.61553548],[120.96412878,14.61553275],[120.96413012,14.61556663],[120.96413868,14.61574078],[120.96414065,14.61578587],[120.96371854,14.61580239],[120.96351175,14.61579493],[120.96328344,14.61579917],[120.96329035,14.61613145],[120.96328472,14.616468],[120.96327797,14.61670751],[120.96327562,14.61678712],[120.96326826,14.61689204],[120.9636613,14.61690991],[120.96367061,14.61682575],[120.96367673,14.61678037],[120.96402039,14.61681002],[120.96400066,14.61699409],[120.96397974,14.61705381],[120.96429101,14.61708902],[120.96430079,14.61702362],[120.96431608,14.61689045]]]]}},{"type":"Feature","properties":{"psgc_code":"1303901118","adm4_en":"Barangay 118","district":"Tondo"},"geometry":{"type":"MultiPolygon","coordinates":[[[[120.96049903,14.61448039],[120.96113157,14.61453282],[120.96163601,14.61457067],[120.96166072,14.61429221],[120.96168887,14.61404942],[120.96171024,14.61378143],[120.96174291,14.61348516],[120.96174802,14.61329836],[120.96175025,14.61324645],[120.96185826,14.6132517],[120.96185158,14.61308506],[120.96185707,14.61302489],[120.96187365,14.61278175],[120.96188521,14.61253025],[120.96189481,14.61227529],[120.96220034,14.61230331],[120.96248255,14.61232561],[120.96279941,14.61234067],[120.96280748,14.61213362],[120.96280717,14.61207766],[120.96280656,14.61180023],[120.96280582,14.61143255],[120.96252957,14.61142096],[120.96251697,14.61142039],[120.96227127,14.61140751],[120.96193438,14.61138784],[120.96169585,14.61137062],[120.96166097,14.61170049],[120.9612908,14.61168356],[120.96128514,14.61157599],[120.96088691,14.61154045],[120.96085569,14.61168623],[120.96048146,14.61163032],[120.96013891,14.61158723],[120.95951932,14.61150944],[120.95952631,14.61142859],[120.95952411,14.61142849],[120.95950521,14.61169996],[120.95947553,14.61194848],[120.95917481,14.611931],[120.9574514,14.61179362],[120.95740881,14.61252749],[120.95762951,14.61254497],[120.9584682,14.61262187],[120.95907141,14.61265427],[120.95945259,14.61269478],[120.95937327,14.61359025],[120.95932655,14.61358527],[120.9590357,14.61356608],[120.95856598,14.61352013],[120.95828072,14.61350606],[120.95772341,14.61346573],[120.95687172,14.61339535],[120.95687199,14.61343199],[120.95679496,14.6143703],[120.95688799,14.61438462],[120.95807287,14.61449028],[120.95936342,14.61458839],[120.95961247,14.61459594],[120.9599219,14.61462613],[120.96013321,14.61464877],[120.96015317,14.61445189],[120.96049903,14.61448039]]]]}},{"type":"Feature","properties":{"psgc_code":"1303901119","adm4_en":"Barangay 119","district":"Tondo"},"geometry":{"type":"MultiPolygon","coordinates":[[[[120.96327158,14.61464457],[120.96327986,14.61446116],[120.96330014,14.61424895],[120.96330014,14.61422814],[120.96321809,14.61422293],[120.96322131,14.61410935],[120.96322701,14.61390681],[120.96331567,14.61391542],[120.96335968,14.61360571],[120.96339092,14.61338495],[120.96274442,14.61337475],[120.96273993,14.6134291],[120.96270209,14.61385747],[120.96236486,14.61383433],[120.962064,14.61381449],[120.96171024,14.61378143],[120.96168887,14.61404942],[120.96166072,14.61429221],[120.96163601,14.61457067],[120.96198595,14.61459598],[120.96231652,14.61461981],[120.9626471,14.61464214],[120.96293747,14.6146615],[120.96327068,14.61465768],[120.96327158,14.61464457]]]]}},{"type":"Feature","properties":{"psgc_code":"1303901120","adm4_en":"Barangay 120","district":"Tondo"},"geometry":{"type":"MultiPolygon","coordinates":[[[[120.96274442,14.61337475],[120.96275761,14.61322118],[120.96277338,14.61305081],[120.96278104,14.61300284],[120.96278236,14.61291118],[120.96278062,14.612824],[120.96279007,14.61275319],[120.96279135,14.61257722],[120.96279941,14.61234067],[120.96248255,14.61232561],[120.96220034,14.61230331],[120.96189481,14.61227529],[120.96188521,14.61253025],[120.96187365,14.61278175],[120.96185707,14.61302489],[120.96185158,14.61308506],[120.96185826,14.6132517],[120.96175025,14.61324645],[120.96174802,14.61329836],[120.96174291,14.61348516],[120.96171024,14.61378143],[120.962064,14.61381449],[120.96236486,14.61383433],[120.96270209,14.61385747],[120.96273993,14.6134291],[120.96274442,14.61337475]]]]}},{"type":"Feature","properties":{"psgc_code":"1303901121","adm4_en":"Barangay 121","district":"Tondo"},"geometry":{"type":"MultiPolygon","coordinates":[[[[120.96394404,14.61307108],[120.9643098,14.61299723],[120.96450231,14.61296346],[120.96464416,14.61292462],[120.9647286,14.61290266],[120.96495826,14.61284018],[120.96506328,14.61281283],[120.96486377,14.61245391],[120.96466648,14.61244759],[120.96466875,14.61215906],[120.96452657,14.61217869],[120.96437074,14.61219276],[120.96440013,14.61192988],[120.96444995,14.61125549],[120.96428703,14.61128114],[120.96421311,14.61129321],[120.9641588,14.61130678],[120.96410299,14.61133243],[120.96404089,14.61140957],[120.96401596,14.61145384],[120.9639906,14.61148499],[120.96393386,14.6114964],[120.96386393,14.6114964],[120.96373387,14.61149216],[120.96369038,14.61188784],[120.96371686,14.61203642],[120.96369415,14.61214864],[120.96366243,14.61231592],[120.96364894,14.61243566],[120.963565,14.61243018],[120.96339333,14.61241525],[120.96328422,14.61240339],[120.96328656,14.61236812],[120.96303198,14.61234926],[120.96279941,14.61234067],[120.96279135,14.61257722],[120.96279007,14.61275319],[120.96278062,14.612824],[120.96278236,14.61291118],[120.96278104,14.61300284],[120.96277338,14.61305081],[120.96275761,14.61322118],[120.96274442,14.61337475],[120.96339092,14.61338495],[120.9634286,14.61312625],[120.96394404,14.61307108]]]]}},{"type":"Feature","properties":{"psgc_code":"1303901122","adm4_en":"Barangay 122","district":"Tondo"},"geometry":{"type":"MultiPolygon","coordinates":[[[[120.96413868,14.61574078],[120.96413012,14.61556663],[120.96412878,14.61553275],[120.96433089,14.61553548],[120.96433118,14.61558554],[120.96468593,14.61557649],[120.96467846,14.61539279],[120.96467329,14.61514322],[120.96466289,14.6149491],[120.96465746,14.61492163],[120.96462609,14.61474789],[120.96458331,14.61460232],[120.96454035,14.61449936],[120.96450554,14.61441427],[120.96442355,14.61425571],[120.96426357,14.61426385],[120.96412261,14.61426203],[120.96402742,14.61426073],[120.96388104,14.61425901],[120.96385361,14.61425873],[120.96364862,14.61424848],[120.96349001,14.61425037],[120.96330464,14.61424906],[120.96330014,14.61424895],[120.96327986,14.61446116],[120.96327158,14.61464457],[120.96327068,14.61465768],[120.96327413,14.61487196],[120.96327538,14.61496025],[120.96327295,14.61506118],[120.96327552,14.61516805],[120.96328428,14.61529358],[120.96328272,14.61533502],[120.96328736,14.61555669],[120.96329006,14.61567593],[120.96328344,14.61579917],[120.96351175,14.61579493],[120.96371854,14.61580239],[120.96414065,14.61578587],[120.96413868,14.61574078]]]]}},{"type":"Feature","properties":{"psgc_code":"1303901123","adm4_en":"Barangay 123","district":"Tondo"},"geometry":{"type":"MultiPolygon","coordinates":[[[[120.96193438,14.61138784],[120.96227127,14.61140751],[120.96251697,14.61142039],[120.96252957,14.61142096],[120.96280582,14.61143255],[120.96285608,14.61068887],[120.96287166,14.6105279],[120.96287481,14.61049957],[120.96289123,14.61033],[120.96289492,14.61029066],[120.962898,14.61025137],[120.9629028,14.6101866],[120.96292986,14.60985003],[120.96294659,14.60968642],[120.96295754,14.60960563],[120.96277621,14.60959091],[120.96260071,14.60957487],[120.96243016,14.60955928],[120.96239938,14.60955647],[120.96223948,14.60954185],[120.96185515,14.60950777],[120.96160423,14.60948594],[120.96145716,14.60947249],[120.96126558,14.60945515],[120.96099093,14.60943135],[120.96032449,14.6093765],[120.95972935,14.60932987],[120.95973187,14.60925712],[120.95973023,14.60925686],[120.95972892,14.60927939],[120.95970407,14.60964439],[120.95967301,14.60996705],[120.95928066,14.609943],[120.95874746,14.60989892],[120.95825662,14.60986084],[120.95789833,14.60983479],[120.95761375,14.6098388],[120.9575707,14.61055839],[120.95767676,14.61055915],[120.95791457,14.6105796],[120.95957396,14.61071256],[120.95952411,14.61142849],[120.95952631,14.61142859],[120.95951932,14.61150944],[120.96013891,14.61158723],[120.96048146,14.61163032],[120.96085569,14.61168623],[120.96088691,14.61154045],[120.96128514,14.61157599],[120.9612908,14.61168356],[120.96166097,14.61170049],[120.96169585,14.61137062],[120.96193438,14.61138784]]]]}},{"type":"Feature","properties":{"psgc_code":"1303901124","adm4_en":"Barangay 124","district":"Tondo"},"geometry":{"type":"MultiPolygon","coordinates":[[[[120.96593303,14.63311322],[120.96582451,14.6328628],[120.96580503,14.632823],[120.96565904,14.63252407],[120.96510686,14.63172563],[120.96477227,14.63127049],[120.96410078,14.63095193],[120.96391523,14.63139258],[120.96367934,14.63192745],[120.96404039,14.63206242],[120.96432055,14.63219142],[120.96441497,14.63226117],[120.96450886,14.63234441],[120.96469716,14.63261509],[120.96506201,14.63314467],[120.96553915,14.63377211],[120.96604989,14.63347217],[120.96593303,14.63311322]]]]}},{"type":"Feature","properties":{"psgc_code":"1303901125","adm4_en":"Barangay 125","district":"Tondo"},"geometry":{"type":"MultiPolygon","coordinates":[[[[120.96857834,14.63504091],[120.96827276,14.63494596],[120.96820619,14.63493061],[120.96812592,14.63491733],[120.9679749,14.63488055],[120.96769833,14.6347864],[120.96738737,14.63471253],[120.96726627,14.63485155],[120.96709733,14.63470596],[120.96697328,14.63459532],[120.96677882,14.63458526],[120.96657766,14.63447462],[120.9663832,14.63432711],[120.96624681,14.63419182],[120.96628281,14.63415337],[120.96633228,14.63408755],[120.96612327,14.63378067],[120.96604989,14.63347217],[120.96553915,14.63377211],[120.96576038,14.63404986],[120.96593293,14.63427446],[120.96602486,14.63438326],[120.96629778,14.63475697],[120.96639193,14.63485112],[120.96662732,14.63503942],[120.9667226,14.63512411],[120.9686297,14.63516715],[120.96864075,14.63505704],[120.96857834,14.63504091]]]]}},{"type":"Feature","properties":{"psgc_code":"1303901126","adm4_en":"Barangay 126","district":"Tondo"},"geometry":{"type":"MultiPolygon","coordinates":[[[[120.96178833,14.63600726],[120.96186688,14.63589736],[120.96190486,14.63583331],[120.96193752,14.6357664],[120.9619596,14.63571063],[120.96201451,14.6355906],[120.96207257,14.63546624],[120.96222794,14.63513702],[120.96294778,14.6356446],[120.96333185,14.63591541],[120.96353245,14.63561068],[120.96378718,14.63525549],[120.96385739,14.63516006],[120.96402509,14.6349289],[120.9643323,14.63441567],[120.96480087,14.63377391],[120.96485016,14.63369779],[120.96494431,14.63346242],[120.96506201,14.63314467],[120.96469716,14.63261509],[120.96450886,14.63234441],[120.96441497,14.63226117],[120.96432055,14.63219142],[120.96404039,14.63206242],[120.96367934,14.63192745],[120.96391523,14.63139258],[120.96410078,14.63095193],[120.96358799,14.63072578],[120.9632412,14.63057346],[120.96314975,14.63053251],[120.962732,14.63035398],[120.96271495,14.63044234],[120.96262756,14.63091413],[120.96262046,14.63095211],[120.96246272,14.63136863],[120.96242042,14.63150495],[120.96236351,14.6316899],[120.96233043,14.63179385],[120.96234933,14.63185999],[120.96233516,14.63199228],[120.96235878,14.63216237],[120.96239658,14.63225214],[120.96253463,14.63259584],[120.96257139,14.63269153],[120.96267153,14.63274931],[120.96251201,14.6331587],[120.96235189,14.63356972],[120.96223897,14.63365345],[120.96177293,14.63400025],[120.96128629,14.63441602],[120.96127684,14.6345861],[120.96128041,14.63515708],[120.96128156,14.63533732],[120.96116916,14.63560799],[120.96097111,14.63598513],[120.96097865,14.63599284],[120.96110346,14.63612546],[120.96123246,14.63625984],[120.96135462,14.63639815],[120.96166914,14.63614358],[120.96178833,14.63600726]]]]}},{"type":"Feature","properties":{"psgc_code":"1303901127","adm4_en":"Barangay 127","district":"Tondo"},"geometry":{"type":"MultiPolygon","coordinates":[[[[120.96455369,14.63602243],[120.96468198,14.63583128],[120.96486399,14.63555502],[120.96486698,14.635551],[120.96488267,14.63552994],[120.96514841,14.63513122],[120.9655076,14.63459861],[120.96590055,14.63509594],[120.96671714,14.63512398],[120.9667226,14.63512411],[120.96662732,14.63503942],[120.96639193,14.63485112],[120.96629778,14.63475697],[120.96602486,14.63438326],[120.96593293,14.63427446],[120.96576038,14.63404986],[120.96553915,14.63377211],[120.96506201,14.63314467],[120.96494431,14.63346242],[120.96485016,14.63369779],[120.96480087,14.63377391],[120.9643323,14.63441567],[120.96402509,14.6349289],[120.96385739,14.63516006],[120.96378718,14.63525549],[120.96353245,14.63561068],[120.96333185,14.63591541],[120.96377789,14.63622447],[120.96420764,14.63652339],[120.96420885,14.63652148],[120.96455369,14.63602243]]]]}},{"type":"Feature","properties":{"psgc_code":"1303901128","adm4_en":"Barangay 128","district":"Tondo"},"geometry":{"type":"MultiPolygon","coordinates":[[[[120.94269301,14.63424404],[120.94287715,14.63424437],[120.94303166,14.63422891],[120.9432288,14.63422891],[120.94328207,14.63423407],[120.94344191,14.63423408],[120.94348454,14.63423408],[120.94353249,14.63422893],[120.94358044,14.63423408],[120.94369233,14.63423409],[120.9437616,14.63422378],[120.94378824,14.63422378],[120.94386713,14.63421348],[120.9439364,14.63421348],[120.94397902,14.63421864],[120.9440696,14.63421864],[120.9441069,14.63421349],[120.94430937,14.6342135],[120.94438929,14.63420834],[120.94465037,14.63420835],[120.94473029,14.63421866],[120.94483153,14.63421867],[120.94489014,14.63421351],[120.94497539,14.63421351],[120.94508195,14.63422383],[120.94523113,14.63422383],[120.94527376,14.63422899],[120.94536966,14.63422899],[120.94542294,14.63423415],[120.94552418,14.63424962],[120.94553483,14.63423415],[120.94579058,14.63423416],[120.94584919,14.63423932],[120.94605698,14.63423932],[120.94612092,14.63424448],[120.94617952,14.63424448],[120.94623813,14.63424964],[120.94656314,14.63424965],[120.94662175,14.6342548],[120.946707,14.6342548],[120.94680823,14.6342445],[120.94709594,14.6342445],[120.94717586,14.63424966],[120.94725578,14.63424966],[120.94736767,14.63423936],[120.94766604,14.63423936],[120.94772465,14.63423421],[120.94784187,14.63423421],[120.94788449,14.63423937],[120.94793777,14.63423937],[120.94798572,14.63424453],[120.94802835,14.63424453],[120.94805499,14.63423937],[120.94814133,14.63424042],[120.94925688,14.63423232],[120.95083621,14.63425244],[120.95321235,14.63425704],[120.95321749,14.63438782],[120.9533076,14.6343845],[120.95330789,14.63424153],[120.95335296,14.63423464],[120.95364141,14.63417243],[120.95411422,14.63405381],[120.9545067,14.63394925],[120.95480501,14.63387473],[120.95507462,14.63380958],[120.95549612,14.63372345],[120.95597029,14.63360929],[120.95636897,14.63350365],[120.95675096,14.63341563],[120.95695044,14.6333639],[120.95704764,14.63333101],[120.95715765,14.6333655],[120.95732916,14.63342404],[120.95745013,14.63346334],[120.95769621,14.63354114],[120.95782344,14.63358679],[120.95785464,14.63361543],[120.95787415,14.63361445],[120.95787721,14.63361943],[120.95787814,14.63364827],[120.95786881,14.63367905],[120.95785643,14.63370483],[120.95785023,14.63372167],[120.95783781,14.63377411],[120.95781313,14.63383724],[120.95779669,14.63389726],[120.95779252,14.63390925],[120.95787024,14.6339231],[120.9579595,14.63394777],[120.95810361,14.63399528],[120.95832846,14.63407596],[120.95855641,14.63417048],[120.95879477,14.63428836],[120.95901519,14.63442308],[120.95916187,14.63451969],[120.95932122,14.63462248],[120.95951054,14.63474822],[120.95968266,14.63486116],[120.95984882,14.63497383],[120.95997642,14.63506494],[120.96008444,14.63514468],[120.96017833,14.63521595],[120.96033031,14.63534199],[120.96048046,14.63548805],[120.96066056,14.63566796],[120.96084151,14.63585244],[120.96097111,14.63598513],[120.96116916,14.63560799],[120.96128156,14.63533732],[120.96128041,14.63515708],[120.96127684,14.6345861],[120.96128629,14.63441602],[120.96177293,14.63400025],[120.96223897,14.63365345],[120.96235189,14.63356972],[120.96251201,14.6331587],[120.96267153,14.63274931],[120.96257139,14.63269153],[120.96253463,14.63259584],[120.96239658,14.63225214],[120.96235878,14.63216237],[120.96233516,14.63199228],[120.96234933,14.63185999],[120.96233043,14.63179385],[120.96236351,14.6316899],[120.96242042,14.63150495],[120.96246272,14.63136863],[120.96262046,14.63095211],[120.96262756,14.63091413],[120.96271495,14.63044234],[120.962732,14.63035398],[120.96277968,14.63015098],[120.96281875,14.62977559],[120.96248245,14.62963816],[120.96247293,14.62965638],[120.96221601,14.62955073],[120.96218297,14.62953815],[120.96215151,14.62953658],[120.96211218,14.62954287],[120.96135712,14.62969187],[120.96136344,14.62939502],[120.96139771,14.62914214],[120.96110074,14.62926363],[120.96075714,14.62937284],[120.96048226,14.62940229],[120.96006258,14.62936671],[120.95943305,14.62928081],[120.95933365,14.6292624],[120.9593766,14.62909428],[120.95940187,14.62904523],[120.9593689,14.62903656],[120.95936439,14.62903537],[120.95936461,14.62903421],[120.95935922,14.6290335],[120.9593554,14.62904988],[120.95935092,14.62912265],[120.95934805,14.62913363],[120.95934802,14.62914188],[120.9593394,14.62917347],[120.95932508,14.62920645],[120.95930927,14.62925732],[120.959302,14.6293055],[120.9593019,14.62933443],[120.95929465,14.629373],[120.95928605,14.62938953],[120.95925746,14.6294212],[120.9592389,14.62943496],[120.95920185,14.62944179],[120.95917621,14.62944312],[120.95916907,14.62944725],[120.9591662,14.62945138],[120.959132,14.62945942],[120.95909658,14.62948512],[120.95899476,14.62953225],[120.95893721,14.6295708],[120.9589018,14.62958793],[120.95887966,14.62960507],[120.95885753,14.62962649],[120.95881769,14.62965647],[120.95872915,14.62970787],[120.95865389,14.62975499],[120.95861405,14.62977213],[120.95857421,14.6297807],[120.95854322,14.62977641],[120.95842811,14.62977642],[120.95839713,14.6297807],[120.95835728,14.62978927],[120.95830859,14.62980641],[120.95827317,14.62980212],[120.95823333,14.62980641],[120.95771094,14.62980642],[120.95758256,14.62979357],[120.95754271,14.62979357],[120.95750287,14.62979786],[120.95747188,14.62979786],[120.95739662,14.62980642],[120.95732136,14.62980643],[120.95720626,14.62979786],[120.95712658,14.62979786],[120.95704689,14.62980215],[120.95699819,14.62979787],[120.95696278,14.62979787],[120.95691851,14.62980215],[120.95684325,14.62980215],[120.95682111,14.62980643],[120.95677452,14.62979787],[120.95663285,14.62981073],[120.95657973,14.62981073],[120.95652218,14.62980644],[120.95647348,14.62980644],[120.95635837,14.62979788],[120.95632738,14.62979788],[120.9562654,14.62978931],[120.95618572,14.6297936],[120.95614145,14.62979788],[120.95599535,14.62979788],[120.95595994,14.62980217],[120.955774,14.62980217],[120.95571202,14.62980645],[120.95550838,14.62980645],[120.9554464,14.62980217],[120.9552826,14.62980217],[120.95522948,14.62980646],[120.9550524,14.62980646],[120.9549373,14.62979789],[120.95478678,14.62981075],[120.95474251,14.62981075],[120.95467168,14.62980218],[120.95457428,14.62980218],[120.95454772,14.6297979],[120.95453444,14.6297979],[120.95446025,14.62981932],[120.95442926,14.62981075],[120.95437613,14.62981075],[120.95434514,14.62981504],[120.95416806,14.62981504],[120.95394228,14.62979362],[120.95381389,14.62980219],[120.95368108,14.62980219],[120.95363238,14.6297979],[120.95344202,14.6297979],[120.95327379,14.62981076],[120.9529152,14.62981076],[120.95279568,14.62981932],[120.95229985,14.62981932],[120.95221131,14.62981504],[120.95213605,14.62981932],[120.95200324,14.62981932],[120.95195897,14.62982789],[120.95191913,14.62983217],[120.95177304,14.6298236],[120.95169335,14.6298236],[120.95164466,14.62981932],[120.95159596,14.62981932],[120.95144987,14.62981075],[120.95137461,14.62981075],[120.95130378,14.62981932],[120.95115778,14.62981932],[120.95111351,14.62981075],[120.95102497,14.62980219],[120.95087002,14.62980218],[120.95079919,14.62981075],[120.9503919,14.62981074],[120.95035648,14.62980646],[120.9501794,14.62980646],[120.95005987,14.62981502],[120.94994477,14.62981502],[120.94987394,14.62981931],[120.94978097,14.6298193],[120.94971014,14.62982359],[120.94950649,14.62982358],[120.94945337,14.62981502],[120.94940467,14.62981501],[120.94936926,14.62981073],[120.94921874,14.62981073],[120.94918775,14.62980644],[120.94916119,14.62980644],[120.94912834,14.62981026],[120.94897383,14.62981026],[120.94890457,14.62981541],[120.94884596,14.62981541],[120.9487767,14.62981025],[120.94870211,14.62981025],[120.94863284,14.6298051],[120.94839308,14.62980509],[120.94834513,14.62979994],[120.94829185,14.62980509],[120.9480521,14.62980509],[120.94800947,14.62979993],[120.94797657,14.62980867],[120.9479138,14.62981703],[120.94787766,14.62981024],[120.94779241,14.62982055],[120.94774446,14.62982054],[120.9476965,14.6298257],[120.94763257,14.6298257],[120.94755265,14.62982054],[120.94722231,14.62982053],[120.94715837,14.62982569],[120.94711042,14.62982053],[120.94691861,14.62982053],[120.94680673,14.62983083],[120.94619934,14.62983082],[120.94614606,14.62982566],[120.94605382,14.62982331],[120.94605709,14.62981594],[120.94596773,14.62980902],[120.94594293,14.62980473],[120.94593418,14.62979906],[120.94592544,14.62979057],[120.94591819,14.62976936],[120.94591971,14.62974111],[120.94593001,14.6297044],[120.94593591,14.62967334],[120.94593451,14.6296479],[120.94593015,14.62963801],[120.94592142,14.62962527],[120.9459083,14.62961395],[120.94588935,14.62960261],[120.94588644,14.62959695],[120.94588211,14.62957575],[120.94587339,14.62955737],[120.94586756,14.62955029],[120.94586028,14.62954463],[120.94585007,14.62954037],[120.94580774,14.62953605],[120.9457698,14.62952608],[120.94575521,14.62952605],[120.94569099,14.62951886],[120.94567347,14.62951882],[120.94565449,14.62952161],[120.94560192,14.62952433],[120.94557711,14.62952287],[120.94554646,14.62951857],[120.94547496,14.62950005],[120.94541073,14.62949286],[120.94538884,14.62948575],[120.94535819,14.62947862],[120.94529547,14.62944882],[120.94526482,14.62944028],[120.94525169,14.6294346],[120.94523711,14.62942609],[120.94522545,14.62941477],[120.94519773,14.62940058],[120.94517291,14.62939911],[120.94513641,14.62939197],[120.9450853,14.62939187],[120.94507654,14.62939326],[120.94506192,14.62939747],[120.9450473,14.62940592],[120.9450356,14.62941437],[120.94502828,14.62942284],[120.94502678,14.62943979],[120.94502969,14.62944828],[120.94502967,14.62945534],[120.94502672,14.62947088],[120.94501938,14.62948923],[120.94500473,14.62950899],[120.94499886,14.62952169],[120.94499445,14.6295344],[120.94499002,14.629557],[120.94497095,14.62959653],[120.94496067,14.62962477],[120.94495919,14.62963325],[120.94495915,14.62965586],[120.9449606,14.6296601],[120.94496642,14.62966718],[120.94497372,14.62967285],[120.94498393,14.62967569],[120.94498685,14.62967853],[120.94499706,14.62968278],[120.94501308,14.62970401],[120.94502476,14.62970827],[120.9450642,14.62970411],[120.94507296,14.62970696],[120.94509632,14.62970983],[120.94511822,14.62970987],[120.94515913,14.62970289],[120.94518541,14.62970294],[120.9452876,14.62971727],[120.94533138,14.62972866],[120.94535911,14.62973719],[120.94536786,14.62974145],[120.94541749,14.6297472],[120.94547587,14.62975861],[120.94548171,14.62975862],[120.94550943,14.62976715],[120.94552548,14.62977425],[120.94555171,14.62979691],[120.94555607,14.62980257],[120.94555898,14.62981105],[120.94555751,14.62981528],[120.94555166,14.62981951],[120.94551514,14.6298265],[120.94547426,14.62982925],[120.94542462,14.62982916],[120.94538375,14.62982343],[120.94536915,14.6298234],[120.94531013,14.62981763],[120.94520064,14.62981742],[120.94512762,14.62982576],[120.94509404,14.62982569],[120.94507798,14.62982425],[120.94505317,14.62981855],[120.94498455,14.62981418],[120.94493637,14.62981408],[120.94492177,14.62981123],[120.94489841,14.62980977],[120.94480641,14.62981383],[120.94477719,14.62981802],[120.94471732,14.6298179],[120.94470855,14.6298193],[120.94469979,14.62981928],[120.94467206,14.62981075],[120.9446443,14.62981635],[120.94463407,14.62981633],[120.94460632,14.62982051],[120.94457417,14.62982893],[120.94456539,14.62983315],[120.94454055,14.62983876],[120.94451278,14.6298486],[120.94448791,14.62986692],[120.94447474,14.62988103],[120.94443962,14.62990923],[120.94439721,14.62993459],[120.9443358,14.62996415],[120.94431532,14.62997825],[120.9442963,14.6299881],[120.94426999,14.62999795],[120.94425683,14.63000499],[120.94422026,14.63002895],[120.94418953,14.63005009],[120.94417342,14.63006844],[120.94415148,14.63008536],[120.94414123,14.63009665],[120.94410902,14.63012627],[120.94407245,14.63015023],[120.94405928,14.6301601],[120.9440461,14.6301728],[120.94400113,14.63020127],[120.94399236,14.63020266],[120.94397917,14.63022384],[120.94396161,14.63023935],[120.94393965,14.63026192],[120.9439294,14.63026897],[120.94392501,14.63027461],[120.9438972,14.63029858],[120.94389281,14.63030423],[120.94388549,14.63030845],[120.94386939,14.63032538],[120.94385476,14.63033525],[120.9438299,14.63034792],[120.94379038,14.63037893],[120.9437567,14.63041561],[120.94372303,14.63044664],[120.94370546,14.63046498],[120.94366591,14.63051296],[120.94363366,14.63056379],[120.94357801,14.63061881],[120.94352825,14.63065829],[120.94349456,14.63069498],[120.9434521,14.63073024],[120.94342281,14.63075704],[120.94340816,14.63077539],[120.94340084,14.63078103],[120.94339352,14.6307895],[120.94333936,14.63082898],[120.94333496,14.63083604],[120.94333348,14.63084452],[120.94333055,14.63085017],[120.94330539,14.63086283],[120.94328835,14.63089971],[120.94327758,14.63093906],[120.94327756,14.63094589],[120.9432719,14.63094998],[120.9432379,14.63099229],[120.94323223,14.63100185],[120.9432209,14.63101413],[120.94316712,14.6310605],[120.94312608,14.63109049],[120.94309492,14.63112734],[120.94308356,14.63115056],[120.94307502,14.63117925],[120.94306368,14.63119974],[120.94305093,14.63121475],[120.94302403,14.63124067],[120.94299427,14.63128026],[120.94292061,14.63136625],[120.94290503,14.63138672],[120.94287951,14.63142769],[120.94285826,14.63145089],[120.9428342,14.63146998],[120.94278326,14.63150269],[120.94274503,14.63153953],[120.94270393,14.63159414],[120.94269301,14.63160617],[120.94269301,14.63424404]]]]}},{"type":"Feature","properties":{"psgc_code":"1303901129","adm4_en":"Barangay 129","district":"Tondo"},"geometry":{"type":"MultiPolygon","coordinates":[[[[120.96527723,14.63014224],[120.96462275,14.62985976],[120.96403204,14.62961624],[120.96397849,14.62959496],[120.96369403,14.62946602],[120.96336353,14.62933082],[120.96279341,14.62908829],[120.96258552,14.62900296],[120.96239301,14.62891546],[120.96239043,14.62891343],[120.96221799,14.62879878],[120.96213879,14.62874477],[120.96200589,14.62865842],[120.96169959,14.62893598],[120.96139771,14.62914214],[120.96136344,14.62939502],[120.96135712,14.62969187],[120.96211218,14.62954287],[120.96215151,14.62953658],[120.96218297,14.62953815],[120.96221601,14.62955073],[120.96247293,14.62965638],[120.96248245,14.62963816],[120.96281875,14.62977559],[120.96277968,14.63015098],[120.962732,14.63035398],[120.96314975,14.63053251],[120.9632412,14.63057346],[120.96358799,14.63072578],[120.96410078,14.63095193],[120.96477227,14.63127049],[120.96485857,14.63107255],[120.96527723,14.63014224]]]]}},{"type":"Feature","properties":{"psgc_code":"1303901130","adm4_en":"Barangay 130","district":"Tondo"},"geometry":{"type":"MultiPolygon","coordinates":[[[[120.96446402,14.6286646],[120.96412566,14.62852459],[120.96376979,14.62837874],[120.96319808,14.62814539],[120.96317254,14.6281297],[120.96279637,14.62790769],[120.96200589,14.62865842],[120.96213879,14.62874477],[120.96221799,14.62879878],[120.96239043,14.62891343],[120.96239301,14.62891546],[120.96258552,14.62900296],[120.96279341,14.62908829],[120.96336353,14.62933082],[120.96369403,14.62946602],[120.96397849,14.62959496],[120.96403204,14.62961624],[120.96462275,14.62985976],[120.96504607,14.62892525],[120.96446402,14.6286646]]]]}},{"type":"Feature","properties":{"psgc_code":"1303901131","adm4_en":"Barangay 131","district":"Tondo"},"geometry":{"type":"MultiPolygon","coordinates":[[[[120.96607994,14.63160641],[120.96649673,14.63070435],[120.96618895,14.63053729],[120.96589373,14.63040705],[120.96558982,14.63027682],[120.96527723,14.63014224],[120.96485857,14.63107255],[120.96477227,14.63127049],[120.96510686,14.63172563],[120.96565904,14.63252407],[120.96575397,14.63225401],[120.96607994,14.63160641]]]]}},{"type":"Feature","properties":{"psgc_code":"1303901132","adm4_en":"Barangay 132","district":"Tondo"},"geometry":{"type":"MultiPolygon","coordinates":[[[[120.96734407,14.62880164],[120.96747758,14.62849397],[120.96755373,14.62833934],[120.96725124,14.62806738],[120.96694597,14.62768719],[120.96665459,14.62718211],[120.96627295,14.62637249],[120.96619397,14.62651661],[120.96607526,14.62672433],[120.96590053,14.62706931],[120.9654592,14.62799391],[120.96612972,14.6282923],[120.96643568,14.62842016],[120.96674455,14.62854595],[120.96632209,14.62947706],[120.96589373,14.63040705],[120.96618895,14.63053729],[120.96649673,14.63070435],[120.96692652,14.62974105],[120.96734407,14.62880164]]]]}},{"type":"Feature","properties":{"psgc_code":"1303901133","adm4_en":"Barangay 133","district":"Tondo"},"geometry":{"type":"MultiPolygon","coordinates":[[[[120.96590053,14.62706931],[120.96607526,14.62672433],[120.96619397,14.62651661],[120.96627295,14.62637249],[120.96602966,14.62586907],[120.96579402,14.6255841],[120.96562413,14.62543066],[120.96524944,14.62524189],[120.96483427,14.62549728],[120.96455952,14.62577201],[120.9644155,14.62601597],[120.96435083,14.62616294],[120.96428617,14.62628346],[120.96414508,14.62653918],[120.96400105,14.62677727],[120.96380117,14.6270712],[120.96279637,14.62790769],[120.96317254,14.6281297],[120.96319808,14.62814539],[120.96376979,14.62837874],[120.96412566,14.62852459],[120.96446402,14.6286646],[120.96504607,14.62892525],[120.9654592,14.62799391],[120.96590053,14.62706931]]]]}},{"type":"Feature","properties":{"psgc_code":"1303901134","adm4_en":"Barangay 134","district":"Tondo"},"geometry":{"type":"MultiPolygon","coordinates":[[[[120.96674455,14.62854595],[120.96643568,14.62842016],[120.96612972,14.6282923],[120.9654592,14.62799391],[120.96504607,14.62892525],[120.96462275,14.62985976],[120.96527723,14.63014224],[120.96558982,14.63027682],[120.96589373,14.63040705],[120.96632209,14.62947706],[120.96674455,14.62854595]]]]}},{"type":"Feature","properties":{"psgc_code":"1303901135","adm4_en":"Barangay 135","district":"Tondo"},"geometry":{"type":"MultiPolygon","coordinates":[[[[120.96864322,14.63495217],[120.96866306,14.63487098],[120.96866993,14.63482923],[120.96868058,14.63479947],[120.96869857,14.63475698],[120.96872125,14.6347148],[120.96875645,14.6346726],[120.96876049,14.63466892],[120.96881191,14.63461481],[120.9688825,14.63456738],[120.96893899,14.63453463],[120.96898427,14.63451896],[120.96903323,14.63450574],[120.96911118,14.63449266],[120.96926227,14.63447717],[120.96944402,14.63446977],[120.96947123,14.63446866],[120.96953655,14.63446697],[120.96987134,14.63445525],[120.96989305,14.63445378],[120.96997827,14.63446325],[120.97009012,14.63446325],[120.97020739,14.63446325],[120.97033007,14.63444882],[120.97045594,14.63441463],[120.97047621,14.63440913],[120.97056811,14.63437264],[120.97057303,14.63437068],[120.97059889,14.63436042],[120.97062255,14.63423976],[120.97064288,14.6341002],[120.97065034,14.63404247],[120.97064916,14.63388024],[120.97050528,14.63383315],[120.97041633,14.63371543],[120.97035878,14.63356369],[120.97033518,14.63345102],[120.97020855,14.63344473],[120.97017355,14.63343338],[120.97014618,14.63337898],[120.97010572,14.63334358],[120.96997423,14.63329048],[120.96993882,14.63327531],[120.96969101,14.63317163],[120.96943307,14.63305784],[120.96916755,14.63294406],[120.96905246,14.63289021],[120.96861403,14.63382347],[120.96820552,14.63471904],[120.96812592,14.63491733],[120.96820619,14.63493061],[120.96827276,14.63494596],[120.96857834,14.63504091],[120.96864075,14.63505704],[120.96864525,14.63501218],[120.96864322,14.63495217]]]]}},{"type":"Feature","properties":{"psgc_code":"1303901136","adm4_en":"Barangay 136","district":"Tondo"},"geometry":{"type":"MultiPolygon","coordinates":[[[[120.96932786,14.63190046],[120.96905869,14.6317789],[120.96878517,14.63166169],[120.96916635,14.63077311],[120.96952801,14.62995449],[120.96962674,14.6296936],[120.9693853,14.62955484],[120.96920492,14.62944661],[120.96910203,14.62958789],[120.96905228,14.62967049],[120.96868308,14.63048317],[120.96825117,14.6314316],[120.96781719,14.63236247],[120.96810294,14.63248132],[120.96835582,14.63259258],[120.9686264,14.63270889],[120.96888939,14.63282521],[120.96903026,14.63251971],[120.96932786,14.63190046]]]]}},{"type":"Feature","properties":{"psgc_code":"1303901137","adm4_en":"Barangay 137","district":"Tondo"},"geometry":{"type":"MultiPolygon","coordinates":[[[[120.96910203,14.62958789],[120.96920492,14.62944661],[120.96866527,14.62919628],[120.96805325,14.6286668],[120.96755373,14.62833934],[120.96747758,14.62849397],[120.96734407,14.62880164],[120.96692652,14.62974105],[120.96723049,14.62986395],[120.9675333,14.62999853],[120.96784731,14.6301331],[120.9681389,14.63025646],[120.96842488,14.63037421],[120.96868308,14.63048317],[120.96905228,14.62967049],[120.96910203,14.62958789]]]]}},{"type":"Feature","properties":{"psgc_code":"1303901138","adm4_en":"Barangay 138","district":"Tondo"},"geometry":{"type":"MultiPolygon","coordinates":[[[[120.96644197,14.63393085],[120.96649028,14.63386741],[120.96667539,14.6334621],[120.96685811,14.6330674],[120.96729374,14.63213489],[120.96699535,14.63200341],[120.96668178,14.63186686],[120.96639856,14.63174296],[120.96607994,14.63160641],[120.96575397,14.63225401],[120.96565904,14.63252407],[120.96580503,14.632823],[120.96582451,14.6328628],[120.96593303,14.63311322],[120.96604989,14.63347217],[120.96612327,14.63378067],[120.96633228,14.63408755],[120.96638935,14.63401319],[120.96644197,14.63393085]]]]}},{"type":"Feature","properties":{"psgc_code":"1303901139","adm4_en":"Barangay 139","district":"Tondo"},"geometry":{"type":"MultiPolygon","coordinates":[[[[120.96842488,14.63037421],[120.9681389,14.63025646],[120.96773019,14.63120585],[120.96798199,14.63131438],[120.96825117,14.6314316],[120.96868308,14.63048317],[120.96842488,14.63037421]]]]}},{"type":"Feature","properties":{"psgc_code":"1303901140","adm4_en":"Barangay 140","district":"Tondo"},"geometry":{"type":"MultiPolygon","coordinates":[[[[120.9681389,14.63025646],[120.96784731,14.6301331],[120.9675333,14.62999853],[120.96723049,14.62986395],[120.96692652,14.62974105],[120.96649673,14.63070435],[120.96607994,14.63160641],[120.96639856,14.63174296],[120.96668178,14.63186686],[120.96699535,14.63200341],[120.96729374,14.63213489],[120.96773019,14.63120585],[120.9681389,14.63025646]]]]}},{"type":"Feature","properties":{"psgc_code":"1303901141","adm4_en":"Barangay 141","district":"Tondo"},"geometry":{"type":"MultiPolygon","coordinates":[[[[120.96798199,14.63131438],[120.96773019,14.63120585],[120.96729374,14.63213489],[120.96755926,14.63224868],[120.96781719,14.63236247],[120.96825117,14.6314316],[120.96798199,14.63131438]]]]}},{"type":"Feature","properties":{"psgc_code":"1303901142","adm4_en":"Barangay 142","district":"Tondo"},"geometry":{"type":"MultiPolygon","coordinates":[[[[120.96720694,14.63368722],[120.96739057,14.63329397],[120.96781719,14.63236247],[120.96755926,14.63224868],[120.96729374,14.63213489],[120.96685811,14.6330674],[120.96667539,14.6334621],[120.96649028,14.63386741],[120.96644197,14.63393085],[120.96638935,14.63401319],[120.96633228,14.63408755],[120.96628281,14.63415337],[120.96624681,14.63419182],[120.9663832,14.63432711],[120.96657766,14.63447462],[120.96677882,14.63458526],[120.96698945,14.63417602],[120.96720694,14.63368722]]]]}},{"type":"Feature","properties":{"psgc_code":"1303901143","adm4_en":"Barangay 143","district":"Tondo"},"geometry":{"type":"MultiPolygon","coordinates":[[[[120.97083229,14.63197051],[120.97086891,14.63180046],[120.97088722,14.63158594],[120.97088199,14.63135834],[120.97086106,14.63106796],[120.97082544,14.63091179],[120.97076165,14.63076188],[120.97069754,14.63068265],[120.97059447,14.63086884],[120.96999527,14.63218116],[120.97011802,14.63223474],[120.97036141,14.63234151],[120.97054093,14.63243593],[120.97062827,14.63245718],[120.97073026,14.63224258],[120.97083229,14.63197051]]]]}},{"type":"Feature","properties":{"psgc_code":"1303901144","adm4_en":"Barangay 144","district":"Tondo"},"geometry":{"type":"MultiPolygon","coordinates":[[[[120.97069754,14.63068265],[120.97058114,14.6305369],[120.97028553,14.6301785],[120.97000037,14.62991427],[120.96962674,14.6296936],[120.96952801,14.62995449],[120.96916635,14.63077311],[120.96878517,14.63166169],[120.96905869,14.6317789],[120.96932786,14.63190046],[120.96959704,14.63201333],[120.96985319,14.63212186],[120.96999527,14.63218116],[120.97059447,14.63086884],[120.97069754,14.63068265]]]]}},{"type":"Feature","properties":{"psgc_code":"1303901145","adm4_en":"Barangay 145","district":"Tondo"},"geometry":{"type":"MultiPolygon","coordinates":[[[[120.97034046,14.63305618],[120.97043987,14.6328155],[120.97058638,14.63257743],[120.97062827,14.63245718],[120.97054093,14.63243593],[120.97036141,14.63234151],[120.97011802,14.63223474],[120.96999527,14.63218116],[120.96985319,14.63212186],[120.96959704,14.63201333],[120.96932786,14.63190046],[120.96903026,14.63251971],[120.96888939,14.63282521],[120.96905246,14.63289021],[120.96916755,14.63294406],[120.96943307,14.63305784],[120.96969101,14.63317163],[120.96993882,14.63327531],[120.96997423,14.63329048],[120.97010572,14.63334358],[120.97014618,14.63337898],[120.97017355,14.63343338],[120.97020855,14.63344473],[120.97033518,14.63345102],[120.97031954,14.6333047],[120.97034046,14.63305618]]]]}},{"type":"Feature","properties":{"psgc_code":"1303901146","adm4_en":"Barangay 146","district":"Tondo"},"geometry":{"type":"MultiPolygon","coordinates":[[[[120.96861403,14.63382347],[120.96905246,14.63289021],[120.96888939,14.63282521],[120.9686264,14.63270889],[120.96835582,14.63259258],[120.96810294,14.63248132],[120.96781719,14.63236247],[120.96739057,14.63329397],[120.96720694,14.63368722],[120.96698945,14.63417602],[120.96677882,14.63458526],[120.96697328,14.63459532],[120.96709733,14.63470596],[120.96726627,14.63485155],[120.96738737,14.63471253],[120.96769833,14.6347864],[120.9679749,14.63488055],[120.96812592,14.63491733],[120.96820552,14.63471904],[120.96861403,14.63382347]]]]}},{"type":"Feature","properties":{"psgc_code":"1303901147","adm4_en":"Barangay 147","district":"Tondo"},"geometry":{"type":"MultiPolygon","coordinates":[[[[120.96641328,14.62614607],[120.96663913,14.62577474],[120.9669571,14.62532114],[120.96726659,14.62487178],[120.96738954,14.62470645],[120.96765663,14.62434611],[120.96772871,14.62427828],[120.96783046,14.62420197],[120.96789405,14.62416806],[120.9686063,14.62381196],[120.96991804,14.62316064],[120.97033478,14.6229526],[120.9710059,14.62262922],[120.9722586,14.62201437],[120.97215934,14.62174305],[120.97214566,14.62170172],[120.97203677,14.62137125],[120.97197199,14.62117545],[120.97071487,14.62158037],[120.96988406,14.62184675],[120.97003714,14.62224],[120.96964059,14.62227695],[120.96929617,14.62134265],[120.96773881,14.62186412],[120.96749948,14.62191372],[120.96749147,14.62234406],[120.96733062,14.62283467],[120.96709738,14.62335745],[120.96686414,14.62364699],[120.96651025,14.62396066],[120.96607594,14.6241376],[120.96569793,14.6245317],[120.96553708,14.62491775],[120.96524944,14.62524189],[120.96562413,14.62543066],[120.96579402,14.6255841],[120.96602966,14.62586907],[120.96627295,14.62637249],[120.96639541,14.62617473],[120.96641328,14.62614607]]]]}},{"type":"Feature","properties":{"psgc_code":"1303901148","adm4_en":"Barangay 148","district":"Tondo"},"geometry":{"type":"MultiPolygon","coordinates":[[[[120.96678291,14.62701532],[120.96700379,14.6267033],[120.96730114,14.62628636],[120.96766001,14.62583183],[120.96800862,14.62541147],[120.96851445,14.62510048],[120.96885281,14.6248886],[120.96918092,14.62468355],[120.96948169,14.62449558],[120.9696765,14.62438281],[120.96970555,14.62437255],[120.96973289,14.62436572],[120.97025068,14.62429395],[120.97082829,14.62420852],[120.97135067,14.62416516],[120.97188563,14.62410817],[120.97275453,14.62390151],[120.97270198,14.62364224],[120.97260934,14.62325843],[120.97250345,14.62284154],[120.97231154,14.62219965],[120.9722586,14.62201437],[120.9710059,14.62262922],[120.97033478,14.6229526],[120.96991804,14.62316064],[120.9686063,14.62381196],[120.96789405,14.62416806],[120.96783046,14.62420197],[120.96772871,14.62427828],[120.96765663,14.62434611],[120.96738954,14.62470645],[120.96726659,14.62487178],[120.9669571,14.62532114],[120.96663913,14.62577474],[120.96641328,14.62614607],[120.96639541,14.62617473],[120.96627295,14.62637249],[120.96665459,14.62718211],[120.96675735,14.62704849],[120.96678291,14.62701532]]]]}},{"type":"Feature","properties":{"psgc_code":"1303901149","adm4_en":"Barangay 149","district":"Tondo"},"geometry":{"type":"MultiPolygon","coordinates":[[[[120.97192772,14.62104161],[120.97175306,14.62060634],[120.97159734,14.62022142],[120.97130969,14.62030451],[120.97101564,14.62039399],[120.97080946,14.62045759],[120.97067429,14.62012024],[120.97027163,14.62025067],[120.96995031,14.62035468],[120.96997384,14.62042752],[120.97006319,14.62068162],[120.97023187,14.62120226],[120.97055784,14.62110365],[120.97066918,14.62144589],[120.97071487,14.62158037],[120.97197199,14.62117545],[120.97192772,14.62104161]]]]}},{"type":"Feature","properties":{"psgc_code":"1303901150","adm4_en":"Barangay 150","district":"Tondo"},"geometry":{"type":"MultiPolygon","coordinates":[[[[120.96988406,14.62184675],[120.97071487,14.62158037],[120.97066918,14.62144589],[120.97055784,14.62110365],[120.97023187,14.62120226],[120.97006319,14.62068162],[120.96997384,14.62042752],[120.96995031,14.62035468],[120.96919994,14.62059985],[120.96905507,14.61989592],[120.96902162,14.61976617],[120.9688867,14.61987784],[120.96873781,14.61995694],[120.96844469,14.62002207],[120.96828184,14.6200593],[120.96810969,14.6200686],[120.96796546,14.62009187],[120.96785379,14.62016631],[120.9679672,14.62031891],[120.96800008,14.62037223],[120.96806361,14.62046583],[120.9680933,14.62055491],[120.96809165,14.62062419],[120.96810155,14.62070007],[120.96810155,14.62087163],[120.96802567,14.62087658],[120.96782323,14.62089098],[120.96764111,14.62086249],[120.96760428,14.62085574],[120.96743782,14.62082522],[120.96743346,14.62093545],[120.96742985,14.62101277],[120.9674224,14.62118826],[120.967436,14.62137869],[120.96749948,14.62191372],[120.96773881,14.62186412],[120.96929617,14.62134265],[120.96964059,14.62227695],[120.97003714,14.62224],[120.96988406,14.62184675]]]]}},{"type":"Feature","properties":{"psgc_code":"1303901151","adm4_en":"Barangay 151","district":"Tondo"},"geometry":{"type":"MultiPolygon","coordinates":[[[[120.97027163,14.62025067],[120.97067429,14.62012024],[120.97080946,14.62045759],[120.97101564,14.62039399],[120.97130969,14.62030451],[120.97159734,14.62022142],[120.97127918,14.61934757],[120.97119315,14.61910934],[120.97115647,14.61898399],[120.970793,14.61799414],[120.97075891,14.61790438],[120.97072834,14.61781921],[120.97042828,14.61796838],[120.9701538,14.61809113],[120.96979863,14.61826335],[120.96962183,14.61836571],[120.96950551,14.61849598],[120.96942176,14.61867279],[120.96938919,14.61883563],[120.96933801,14.61900313],[120.96929613,14.61917063],[120.96923565,14.61934278],[120.96921239,14.61950097],[120.9691519,14.61961729],[120.96902162,14.61976617],[120.96905507,14.61989592],[120.96919994,14.62059985],[120.96995031,14.62035468],[120.97027163,14.62025067]]]]}},{"type":"Feature","properties":{"psgc_code":"1303901152","adm4_en":"Barangay 152","district":"Tondo"},"geometry":{"type":"MultiPolygon","coordinates":[[[[120.97415347,14.62312426],[120.97437801,14.62308901],[120.9743808,14.6231354],[120.97470369,14.62312983],[120.97470647,14.62302034],[120.97486885,14.62294055],[120.97489761,14.62289694],[120.97504236,14.6228788],[120.9750162,14.62269196],[120.97499999,14.62257724],[120.97487614,14.62169575],[120.9748727,14.62166899],[120.9747838,14.62168882],[120.97467319,14.62170462],[120.9745816,14.62170569],[120.9743901,14.62170793],[120.97416022,14.62165047],[120.97391885,14.62162748],[120.97379405,14.62162849],[120.97368897,14.62162748],[120.97357867,14.62161192],[120.97345718,14.62159535],[120.97336882,14.62156222],[120.97333676,14.62155014],[120.97331142,14.62153076],[120.97329721,14.6215503],[120.97328498,14.62156932],[120.97329042,14.62159241],[120.97329378,14.62169997],[120.97331306,14.62169788],[120.97336512,14.62198087],[120.97344981,14.62196143],[120.97357509,14.62271961],[120.97358216,14.62276213],[120.97364171,14.62304006],[120.9736748,14.62316579],[120.97390501,14.62314859],[120.97415347,14.62312426]]]]}},{"type":"Feature","properties":{"psgc_code":"1303901153","adm4_en":"Barangay 153","district":"Tondo"},"geometry":{"type":"MultiPolygon","coordinates":[[[[120.97331002,14.62319744],[120.9736748,14.62316579],[120.97364171,14.62304006],[120.97358216,14.62276213],[120.97357509,14.62271961],[120.97344981,14.62196143],[120.97336512,14.62198087],[120.97331306,14.62169788],[120.97329378,14.62169997],[120.97329042,14.62159241],[120.97308583,14.62161733],[120.97290093,14.62164053],[120.97270713,14.62166206],[120.97269218,14.62166416],[120.97251025,14.62168975],[120.97249514,14.62169205],[120.97215934,14.62174305],[120.9722586,14.62201437],[120.97231154,14.62219965],[120.97250345,14.62284154],[120.97260934,14.62325843],[120.973119,14.62321352],[120.97331002,14.62319744]]]]}},{"type":"Feature","properties":{"psgc_code":"1303901154","adm4_en":"Barangay 154","district":"Tondo"},"geometry":{"type":"MultiPolygon","coordinates":[[[[120.9724353,14.62005508],[120.97247796,14.62004965],[120.97261335,14.62003423],[120.97272914,14.62001912],[120.97284305,14.62001872],[120.97294458,14.62001544],[120.97293806,14.61992204],[120.97291045,14.61983368],[120.97288836,14.61968457],[120.97287732,14.61959621],[120.97283314,14.61936979],[120.97280155,14.61918106],[120.97278896,14.61911575],[120.97277239,14.61899978],[120.97274478,14.6188341],[120.97271672,14.618731],[120.97271538,14.61866113],[120.9726288,14.61858007],[120.97252388,14.61860768],[120.97232507,14.61864081],[120.9721373,14.61870709],[120.97197715,14.61875127],[120.971817,14.61879545],[120.9716458,14.61886172],[120.97147451,14.61889608],[120.97115647,14.61898399],[120.97119315,14.61910934],[120.97127918,14.61934757],[120.97159734,14.62022142],[120.9720202,14.62013802],[120.9724353,14.62005508]]]]}},{"type":"Feature","properties":{"psgc_code":"1303901155","adm4_en":"Barangay 155","district":"Tondo"},"geometry":{"type":"MultiPolygon","coordinates":[[[[120.97467319,14.62170462],[120.9747838,14.62168882],[120.9748727,14.62166899],[120.97486785,14.62137005],[120.97487095,14.62134055],[120.97488648,14.62131415],[120.97491164,14.62130291],[120.97484988,14.62107802],[120.97481403,14.62090134],[120.97478546,14.62081988],[120.97477818,14.62073746],[120.97476739,14.62061629],[120.97474287,14.62045174],[120.97449396,14.62048814],[120.97433333,14.62058715],[120.97406867,14.62070769],[120.97408439,14.62077582],[120.97376391,14.62081842],[120.97319906,14.62090769],[120.97316245,14.62091974],[120.97328842,14.62149519],[120.9733029,14.62151862],[120.97331142,14.62153076],[120.97333676,14.62155014],[120.97336882,14.62156222],[120.97345718,14.62159535],[120.97357867,14.62161192],[120.97368897,14.62162748],[120.97379405,14.62162849],[120.97391885,14.62162748],[120.97416022,14.62165047],[120.9743901,14.62170793],[120.9745816,14.62170569],[120.97467319,14.62170462]]]]}},{"type":"Feature","properties":{"psgc_code":"1303901156","adm4_en":"Barangay 156","district":"Tondo"},"geometry":{"type":"MultiPolygon","coordinates":[[[[120.9716458,14.61886172],[120.971817,14.61879545],[120.97197715,14.61875127],[120.9721373,14.61870709],[120.97232507,14.61864081],[120.97252388,14.61860768],[120.9726288,14.61858007],[120.97271538,14.61866113],[120.97271672,14.618731],[120.97276882,14.61870708],[120.97285076,14.6186926],[120.97293775,14.61861984],[120.97301368,14.61859453],[120.97309593,14.61856131],[120.97322721,14.61853442],[120.97329151,14.61853749],[120.97328287,14.6184477],[120.97345795,14.61843178],[120.97441724,14.61827398],[120.9742655,14.61720807],[120.97394749,14.61726671],[120.97333393,14.61740304],[120.97253857,14.6175621],[120.97104955,14.61792111],[120.970793,14.61799414],[120.97115647,14.61898399],[120.97147451,14.61889608],[120.9716458,14.61886172]]]]}},{"type":"Feature","properties":{"psgc_code":"1303901157","adm4_en":"Barangay 157","district":"Tondo"},"geometry":{"type":"MultiPolygon","coordinates":[[[[120.97303776,14.62001257],[120.9733734,14.61999991],[120.97352057,14.61999528],[120.97366381,14.61999358],[120.97368479,14.61999338],[120.97390497,14.61999132],[120.97426064,14.6199638],[120.97405204,14.6190101],[120.97389983,14.61904318],[120.97382071,14.61905256],[120.97367714,14.61906916],[120.97353585,14.6190895],[120.97352306,14.6189884],[120.97351185,14.6188916],[120.97334273,14.61890977],[120.97329151,14.61853749],[120.97322721,14.61853442],[120.97309593,14.61856131],[120.97301368,14.61859453],[120.97293775,14.61861984],[120.97285076,14.6186926],[120.97276882,14.61870708],[120.97271672,14.618731],[120.97274478,14.6188341],[120.97277239,14.61899978],[120.97278896,14.61911575],[120.97280155,14.61918106],[120.97283314,14.61936979],[120.97287732,14.61959621],[120.97288836,14.61968457],[120.97291045,14.61983368],[120.97293806,14.61992204],[120.97294458,14.62001544],[120.9729866,14.62001435],[120.97303776,14.62001257]]]]}},{"type":"Feature","properties":{"psgc_code":"1303901158","adm4_en":"Barangay 158","district":"Tondo"},"geometry":{"type":"MultiPolygon","coordinates":[[[[120.97251025,14.62168975],[120.97269218,14.62166416],[120.97270713,14.62166206],[120.97290093,14.62164053],[120.97308583,14.62161733],[120.97329042,14.62159241],[120.97328498,14.62156932],[120.97329721,14.6215503],[120.97331142,14.62153076],[120.9733029,14.62151862],[120.97328842,14.62149519],[120.97316245,14.62091974],[120.97310769,14.62069826],[120.97309407,14.62064628],[120.97304851,14.62046876],[120.97296568,14.62009876],[120.97294458,14.62001544],[120.97284305,14.62001872],[120.97272914,14.62001912],[120.97261335,14.62003423],[120.97247796,14.62004965],[120.9724353,14.62005508],[120.9720202,14.62013802],[120.97159734,14.62022142],[120.97175306,14.62060634],[120.97192772,14.62104161],[120.97197199,14.62117545],[120.97203677,14.62137125],[120.97214566,14.62170172],[120.97215934,14.62174305],[120.97249514,14.62169205],[120.97251025,14.62168975]]]]}},{"type":"Feature","properties":{"psgc_code":"1303901159","adm4_en":"Barangay 159","district":"Tondo"},"geometry":{"type":"MultiPolygon","coordinates":[[[[120.97441635,14.61995297],[120.97459929,14.61993722],[120.97464008,14.6199338],[120.97447379,14.61869565],[120.97441724,14.61827398],[120.97345795,14.61843178],[120.97328287,14.6184477],[120.97329151,14.61853749],[120.97334273,14.61890977],[120.97351185,14.6188916],[120.97352306,14.6189884],[120.97353585,14.6190895],[120.97367714,14.61906916],[120.97382071,14.61905256],[120.97389983,14.61904318],[120.97405204,14.6190101],[120.97426064,14.6199638],[120.97434144,14.6199577],[120.97441635,14.61995297]]]]}},{"type":"Feature","properties":{"psgc_code":"1303901160","adm4_en":"Barangay 160","district":"Tondo"},"geometry":{"type":"MultiPolygon","coordinates":[[[[120.97376391,14.62081842],[120.97408439,14.62077582],[120.97406867,14.62070769],[120.97433333,14.62058715],[120.97449396,14.62048814],[120.97474287,14.62045174],[120.97471503,14.62027557],[120.97468186,14.62008951],[120.97464008,14.6199338],[120.97459929,14.61993722],[120.97441635,14.61995297],[120.97434144,14.6199577],[120.97426064,14.6199638],[120.97390497,14.61999132],[120.97368479,14.61999338],[120.97366381,14.61999358],[120.97352057,14.61999528],[120.9733734,14.61999991],[120.97303776,14.62001257],[120.9729866,14.62001435],[120.97294458,14.62001544],[120.97296568,14.62009876],[120.97304851,14.62046876],[120.97309407,14.62064628],[120.97310769,14.62069826],[120.97316245,14.62091974],[120.97319906,14.62090769],[120.97376391,14.62081842]]]]}},{"type":"Feature","properties":{"psgc_code":"1303901161","adm4_en":"Barangay 161","district":"Tondo"},"geometry":{"type":"MultiPolygon","coordinates":[[[[120.9748415,14.6287826],[120.97513323,14.62875591],[120.97519368,14.62868379],[120.97530145,14.62860918],[120.97542911,14.6285611],[120.97549377,14.62853789],[120.9757977,14.62851623],[120.97577305,14.62832022],[120.97564882,14.62733294],[120.97534727,14.62737932],[120.97471443,14.62746054],[120.97426466,14.62750957],[120.97411418,14.62753648],[120.97362861,14.62760302],[120.97371358,14.62794834],[120.9739283,14.6288247],[120.97394712,14.62889372],[120.9747276,14.62879351],[120.9748415,14.6287826]]]]}},{"type":"Feature","properties":{"psgc_code":"1303901162","adm4_en":"Barangay 162","district":"Tondo"},"geometry":{"type":"MultiPolygon","coordinates":[[[[120.97426466,14.62750957],[120.97471443,14.62746054],[120.97534727,14.62737932],[120.97564882,14.62733294],[120.97556543,14.62666239],[120.97525501,14.62660742],[120.97441752,14.62642958],[120.97433345,14.62641988],[120.97425261,14.62641988],[120.9740787,14.62648392],[120.97371436,14.62659121],[120.97354896,14.62664038],[120.97340543,14.62665268],[120.97360817,14.62752381],[120.97362861,14.62760302],[120.97411418,14.62753648],[120.97426466,14.62750957]]]]}},{"type":"Feature","properties":{"psgc_code":"1303901163","adm4_en":"Barangay 163","district":"Tondo"},"geometry":{"type":"MultiPolygon","coordinates":[[[[120.97406776,14.62468919],[120.97451476,14.62456897],[120.97483113,14.62451925],[120.97496446,14.62450117],[120.97521756,14.62442208],[120.97524752,14.62441585],[120.97514402,14.62360213],[120.97511992,14.62343299],[120.9751096,14.62335727],[120.97505586,14.62297484],[120.97504236,14.6228788],[120.97489761,14.62289694],[120.97486885,14.62294055],[120.97470647,14.62302034],[120.97470369,14.62312983],[120.9743808,14.6231354],[120.97437801,14.62308901],[120.97415347,14.62312426],[120.97390501,14.62314859],[120.9736748,14.62316579],[120.97331002,14.62319744],[120.973119,14.62321352],[120.97260934,14.62325843],[120.97270198,14.62364224],[120.97275453,14.62390151],[120.97289389,14.62448926],[120.97305272,14.62517085],[120.97387671,14.62467009],[120.97406776,14.62468919]]]]}},{"type":"Feature","properties":{"psgc_code":"1303901164","adm4_en":"Barangay 164","district":"Tondo"},"geometry":{"type":"MultiPolygon","coordinates":[[[[120.9743772,14.62570485],[120.97441228,14.62580131],[120.97454414,14.62576893],[120.97451476,14.62559718],[120.97474333,14.62555357],[120.97472629,14.62546541],[120.97492277,14.62543366],[120.97491483,14.6254019],[120.97509346,14.62537015],[120.97537802,14.62532785],[120.97534529,14.62509672],[120.97526636,14.62456401],[120.97524752,14.62441585],[120.97521756,14.62442208],[120.97496446,14.62450117],[120.97483113,14.62451925],[120.97451476,14.62456897],[120.97406776,14.62468919],[120.97387671,14.62467009],[120.97305272,14.62517085],[120.97316716,14.62567795],[120.97320492,14.62584582],[120.97324039,14.6259964],[120.97422812,14.62573773],[120.9743772,14.62570485]]]]}},{"type":"Feature","properties":{"psgc_code":"1303901165","adm4_en":"Barangay 165","district":"Tondo"},"geometry":{"type":"MultiPolygon","coordinates":[[[[120.97541813,14.62564151],[120.9754043,14.62551554],[120.97538406,14.62537189],[120.97537802,14.62532785],[120.97509346,14.62537015],[120.97491483,14.6254019],[120.97492277,14.62543366],[120.97472629,14.62546541],[120.97474333,14.62555357],[120.97451476,14.62559718],[120.97454414,14.62576893],[120.97441228,14.62580131],[120.9743772,14.62570485],[120.97422812,14.62573773],[120.97324039,14.6259964],[120.97327772,14.62615022],[120.97337036,14.62652741],[120.97340543,14.62665268],[120.97354896,14.62664038],[120.97371436,14.62659121],[120.9740787,14.62648392],[120.97425261,14.62641988],[120.97433345,14.62641988],[120.97441752,14.62642958],[120.97525501,14.62660742],[120.97556543,14.62666239],[120.97546392,14.62605868],[120.97541813,14.62564151]]]]}},{"type":"Feature","properties":{"psgc_code":"1303901166","adm4_en":"Barangay 166","district":"Tondo"},"geometry":{"type":"MultiPolygon","coordinates":[[[[120.97243747,14.62668727],[120.97337036,14.62652741],[120.97327772,14.62615022],[120.97324039,14.6259964],[120.97320492,14.62584582],[120.97316716,14.62567795],[120.97305272,14.62517085],[120.9727425,14.62521017],[120.97247534,14.62524123],[120.97214293,14.62528161],[120.97159617,14.62534684],[120.97108979,14.62541829],[120.9711564,14.62573224],[120.97120869,14.62598586],[120.97126099,14.62623163],[120.9713159,14.62647217],[120.9713858,14.62679429],[120.97191922,14.62674557],[120.97243747,14.62668727]]]]}},{"type":"Feature","properties":{"psgc_code":"1303901167","adm4_en":"Barangay 167","district":"Tondo"},"geometry":{"type":"MultiPolygon","coordinates":[[[[120.97214293,14.62528161],[120.97247534,14.62524123],[120.9727425,14.62521017],[120.97305272,14.62517085],[120.97289389,14.62448926],[120.97275453,14.62390151],[120.97188563,14.62410817],[120.97135067,14.62416516],[120.97082829,14.62420852],[120.9708897,14.62448247],[120.97093938,14.62471778],[120.97098645,14.6249348],[120.9710309,14.62514396],[120.97108979,14.62541829],[120.97159617,14.62534684],[120.97214293,14.62528161]]]]}},{"type":"Feature","properties":{"psgc_code":"1303901168","adm4_en":"Barangay 168","district":"Tondo"},"geometry":{"type":"MultiPolygon","coordinates":[[[[120.97067095,14.62690762],[120.97084297,14.62687908],[120.9713858,14.62679429],[120.9713159,14.62647217],[120.97126099,14.62623163],[120.97120869,14.62598586],[120.9711564,14.62573224],[120.97108979,14.62541829],[120.97050886,14.62549284],[120.96994656,14.62557049],[120.96989686,14.62558602],[120.96985336,14.62560156],[120.96979745,14.62563573],[120.96945261,14.62585007],[120.96912952,14.62605819],[120.96898973,14.62614828],[120.96925155,14.62634587],[120.96944961,14.62650051],[120.96964767,14.62664973],[120.96984574,14.62680166],[120.96995426,14.62688305],[120.97015123,14.62703261],[120.97028701,14.62712915],[120.97042384,14.62703587],[120.97067095,14.62690762]]]]}},{"type":"Feature","properties":{"psgc_code":"1303901169","adm4_en":"Barangay 169","district":"Tondo"},"geometry":{"type":"MultiPolygon","coordinates":[[[[120.96985336,14.62560156],[120.96989686,14.62558602],[120.96994656,14.62557049],[120.97050886,14.62549284],[120.97108979,14.62541829],[120.9710309,14.62514396],[120.97098645,14.6249348],[120.97093938,14.62471778],[120.9708897,14.62448247],[120.97082829,14.62420852],[120.97025068,14.62429395],[120.96973289,14.62436572],[120.96970555,14.62437255],[120.9696765,14.62438281],[120.96948169,14.62449558],[120.96918092,14.62468355],[120.96885281,14.6248886],[120.96899165,14.62511527],[120.96910054,14.62528949],[120.96920701,14.62545886],[120.96931348,14.62563065],[120.96945261,14.62585007],[120.96979745,14.62563573],[120.96985336,14.62560156]]]]}},{"type":"Feature","properties":{"psgc_code":"1303901170","adm4_en":"Barangay 170","district":"Tondo"},"geometry":{"type":"MultiPolygon","coordinates":[[[[120.96978885,14.62742598],[120.97016102,14.627204],[120.97028701,14.62712915],[120.97015123,14.62703261],[120.96995426,14.62688305],[120.96984574,14.62680166],[120.96964767,14.62664973],[120.96944961,14.62650051],[120.96925155,14.62634587],[120.96898973,14.62614828],[120.96865111,14.62657385],[120.96829384,14.62703049],[120.96854882,14.62721674],[120.96875503,14.62736596],[120.9689558,14.62751518],[120.96916844,14.62767253],[120.96940615,14.62787781],[120.96969584,14.62752134],[120.96978885,14.62742598]]]]}},{"type":"Feature","properties":{"psgc_code":"1303901171","adm4_en":"Barangay 171","district":"Tondo"},"geometry":{"type":"MultiPolygon","coordinates":[[[[120.96898973,14.62614828],[120.96912952,14.62605819],[120.96945261,14.62585007],[120.96931348,14.62563065],[120.96920701,14.62545886],[120.96910054,14.62528949],[120.96899165,14.62511527],[120.96885281,14.6248886],[120.96851445,14.62510048],[120.96800862,14.62541147],[120.96766001,14.62583183],[120.96730114,14.62628636],[120.96753138,14.6264598],[120.96770746,14.62659449],[120.96787867,14.62672297],[120.96806316,14.62686133],[120.96829384,14.62703049],[120.96865111,14.62657385],[120.96898973,14.62614828]]]]}},{"type":"Feature","properties":{"psgc_code":"1303901172","adm4_en":"Barangay 172","district":"Tondo"},"geometry":{"type":"MultiPolygon","coordinates":[[[[120.96878222,14.6289612],[120.96888455,14.62876706],[120.96891259,14.62870742],[120.96898008,14.62856314],[120.96909768,14.62826821],[120.96940615,14.62787781],[120.96916844,14.62767253],[120.9689558,14.62751518],[120.96875503,14.62736596],[120.96854882,14.62721674],[120.96829384,14.62703049],[120.96806316,14.62686133],[120.96787867,14.62672297],[120.96770746,14.62659449],[120.96753138,14.6264598],[120.96730114,14.62628636],[120.96700379,14.6267033],[120.96678291,14.62701532],[120.96675735,14.62704849],[120.96665459,14.62718211],[120.96694597,14.62768719],[120.96725124,14.62806738],[120.96755373,14.62833934],[120.96805325,14.6286668],[120.96866527,14.62919628],[120.96876089,14.62900347],[120.96878222,14.6289612]]]]}},{"type":"Feature","properties":{"psgc_code":"1303901173","adm4_en":"Barangay 173","district":"Tondo"},"geometry":{"type":"MultiPolygon","coordinates":[[[[120.9724953,14.62900944],[120.9739283,14.6288247],[120.97371358,14.62794834],[120.97362861,14.62760302],[120.97360817,14.62752381],[120.97333427,14.62758902],[120.97311255,14.62764118],[120.97295169,14.62767813],[120.97274126,14.62771711],[120.97254301,14.62776073],[120.97236911,14.62778247],[120.97207565,14.62781724],[120.9716295,14.62787029],[120.97168782,14.62812546],[120.97172792,14.62830043],[120.97176802,14.6284754],[120.97180812,14.62864673],[120.97184822,14.62882535],[120.97190099,14.6290927],[120.97234798,14.62902549],[120.9724953,14.62900944]]]]}},{"type":"Feature","properties":{"psgc_code":"1303901174","adm4_en":"Barangay 174","district":"Tondo"},"geometry":{"type":"MultiPolygon","coordinates":[[[[120.97236911,14.62778247],[120.97254301,14.62776073],[120.97274126,14.62771711],[120.97295169,14.62767813],[120.97311255,14.62764118],[120.97333427,14.62758902],[120.97360817,14.62752381],[120.97340543,14.62665268],[120.97337036,14.62652741],[120.97243747,14.62668727],[120.97191922,14.62674557],[120.9713858,14.62679429],[120.97144402,14.62706829],[120.97148847,14.62724609],[120.9715303,14.62741865],[120.97156916,14.62759553],[120.9716295,14.62787029],[120.97207565,14.62781724],[120.97236911,14.62778247]]]]}},{"type":"Feature","properties":{"psgc_code":"1303901175","adm4_en":"Barangay 175","district":"Tondo"},"geometry":{"type":"MultiPolygon","coordinates":[[[[120.97127227,14.62937419],[120.97141155,14.62915019],[120.97157487,14.62913423],[120.97190099,14.6290927],[120.97184822,14.62882535],[120.97180812,14.62864673],[120.97176802,14.6284754],[120.97172792,14.62830043],[120.97168782,14.62812546],[120.9716295,14.62787029],[120.97123213,14.62791403],[120.97106918,14.62794113],[120.97103223,14.62794983],[120.97097354,14.62797156],[120.97087123,14.62801974],[120.97055771,14.62823481],[120.9703244,14.62853554],[120.97006564,14.62889992],[120.96981473,14.62936324],[120.96971053,14.62955256],[120.96962674,14.6296936],[120.97000037,14.62991427],[120.97028553,14.6301785],[120.97058114,14.6305369],[120.97068811,14.63038318],[120.97127227,14.62937419]]]]}},{"type":"Feature","properties":{"psgc_code":"1303901176","adm4_en":"Barangay 176","district":"Tondo"},"geometry":{"type":"MultiPolygon","coordinates":[[[[120.96981473,14.62936324],[120.97006564,14.62889992],[120.9703244,14.62853554],[120.97055771,14.62823481],[120.97087123,14.62801974],[120.97097354,14.62797156],[120.97103223,14.62794983],[120.97106918,14.62794113],[120.97123213,14.62791403],[120.9716295,14.62787029],[120.97156916,14.62759553],[120.9715303,14.62741865],[120.97148847,14.62724609],[120.97144402,14.62706829],[120.9713858,14.62679429],[120.97084297,14.62687908],[120.97067095,14.62690762],[120.97042384,14.62703587],[120.97028701,14.62712915],[120.97016102,14.627204],[120.96978885,14.62742598],[120.96969584,14.62752134],[120.96940615,14.62787781],[120.96909768,14.62826821],[120.96898008,14.62856314],[120.96891259,14.62870742],[120.96888455,14.62876706],[120.96878222,14.6289612],[120.96876089,14.62900347],[120.96866527,14.62919628],[120.96920492,14.62944661],[120.9693853,14.62955484],[120.96962674,14.6296936],[120.96971053,14.62955256],[120.96981473,14.62936324]]]]}},{"type":"Feature","properties":{"psgc_code":"1303901177","adm4_en":"Barangay 177","district":"Tondo"},"geometry":{"type":"MultiPolygon","coordinates":[[[[120.97428941,14.63575151],[120.97425758,14.63564784],[120.97424877,14.63560828],[120.97423738,14.63555836],[120.97422963,14.63548392],[120.97425603,14.63550645],[120.9742903,14.6355189],[120.97432197,14.63552636],[120.97435215,14.63552754],[120.97439005,14.63552341],[120.97443706,14.63551599],[120.97448651,14.63549774],[120.97470201,14.63541007],[120.97475265,14.63538989],[120.97494884,14.6353095],[120.97509527,14.63524999],[120.97514899,14.63523382],[120.9752231,14.635216],[120.97516741,14.63492445],[120.97512796,14.63471731],[120.97506384,14.63436715],[120.97495534,14.63379506],[120.97444836,14.63389105],[120.97374458,14.63403418],[120.97340014,14.63411849],[120.97335664,14.63413901],[120.97332285,14.63402075],[120.97332044,14.63394352],[120.97326251,14.63385905],[120.97320942,14.63373596],[120.97318528,14.6335815],[120.97316356,14.63341979],[120.97310564,14.63330395],[120.97298979,14.63311811],[120.97289084,14.6330626],[120.97275327,14.63303122],[120.9725433,14.63301674],[120.97234539,14.63304329],[120.97212577,14.63310363],[120.97194984,14.63320056],[120.97182461,14.63325119],[120.97165408,14.63336842],[120.97142761,14.6335203],[120.97121685,14.63367619],[120.97103111,14.63378606],[120.97077212,14.63389332],[120.97064916,14.63388024],[120.97065034,14.63404247],[120.97064288,14.6341002],[120.97062255,14.63423976],[120.97059889,14.63436042],[120.97057303,14.63437068],[120.97056811,14.63437264],[120.97047621,14.63440913],[120.97045594,14.63441463],[120.97033007,14.63444882],[120.97020739,14.63446325],[120.97009012,14.63446325],[120.96997827,14.63446325],[120.96989305,14.63445378],[120.96987134,14.63445525],[120.96953655,14.63446697],[120.96947123,14.63446866],[120.96944402,14.63446977],[120.96926227,14.63447717],[120.96911118,14.63449266],[120.96903323,14.63450574],[120.96898427,14.63451896],[120.96893899,14.63453463],[120.9688825,14.63456738],[120.96881191,14.63461481],[120.96876049,14.63466892],[120.96875645,14.6346726],[120.96872125,14.6347148],[120.96869857,14.63475698],[120.96868058,14.63479947],[120.96866993,14.63482923],[120.96866306,14.63487098],[120.96864322,14.63495217],[120.96864525,14.63501218],[120.96864075,14.63505704],[120.9686297,14.63516715],[120.96861385,14.63534958],[120.96861202,14.63548467],[120.96862231,14.63557161],[120.96862459,14.63559091],[120.9686693,14.6355921],[120.97149127,14.6356977],[120.97195269,14.63571497],[120.97211059,14.63572087],[120.97328214,14.63576471],[120.97342388,14.63577038],[120.97400133,14.63579212],[120.97429033,14.63580314],[120.97430856,14.63580059],[120.97428941,14.63575151]]]]}},{"type":"Feature","properties":{"psgc_code":"1303901178","adm4_en":"Barangay 178","district":"Tondo"},"geometry":{"type":"MultiPolygon","coordinates":[[[[120.97374458,14.63403418],[120.97444836,14.63389105],[120.97495534,14.63379506],[120.97495002,14.63376238],[120.97489122,14.6334301],[120.97482217,14.6331046],[120.9747346,14.63265929],[120.97424758,14.63274163],[120.97346038,14.6328865],[120.97314175,14.63327242],[120.97310564,14.63330395],[120.97316356,14.63341979],[120.97318528,14.6335815],[120.97320942,14.63373596],[120.97326251,14.63385905],[120.97332044,14.63394352],[120.97332285,14.63402075],[120.97335664,14.63413901],[120.97340014,14.63411849],[120.97374458,14.63403418]]]]}},{"type":"Feature","properties":{"psgc_code":"1303901179","adm4_en":"Barangay 179","district":"Tondo"},"geometry":{"type":"MultiPolygon","coordinates":[[[[120.97291694,14.63071338],[120.97338982,14.63063072],[120.9736676,14.63058112],[120.97394868,14.63053152],[120.97431418,14.63046607],[120.97415988,14.62976209],[120.97415874,14.62975718],[120.97403566,14.62925496],[120.97394712,14.62889372],[120.9739283,14.6288247],[120.9724953,14.62900944],[120.97257395,14.62966952],[120.97259786,14.62980573],[120.97254274,14.62990879],[120.97258488,14.63019854],[120.97261123,14.63047776],[120.97262703,14.63076224],[120.97277367,14.63073762],[120.97291694,14.63071338]]]]}},{"type":"Feature","properties":{"psgc_code":"1303901180","adm4_en":"Barangay 180","district":"Tondo"},"geometry":{"type":"MultiPolygon","coordinates":[[[[120.97099255,14.63103694],[120.97130503,14.63097995],[120.97171985,14.63090516],[120.97228202,14.63081258],[120.97262703,14.63076224],[120.97261123,14.63047776],[120.97258488,14.63019854],[120.97254274,14.62990879],[120.97259786,14.62980573],[120.97257395,14.62966952],[120.9724953,14.62900944],[120.97234798,14.62902549],[120.97190099,14.6290927],[120.97157487,14.62913423],[120.97141155,14.62915019],[120.97127227,14.62937419],[120.97068811,14.63038318],[120.97058114,14.6305369],[120.97069754,14.63068265],[120.97076165,14.63076188],[120.97082544,14.63091179],[120.97086106,14.63106796],[120.97095244,14.63104842],[120.97099255,14.63103694]]]]}},{"type":"Feature","properties":{"psgc_code":"1303901181","adm4_en":"Barangay 181","district":"Tondo"},"geometry":{"type":"MultiPolygon","coordinates":[[[[120.97352863,14.6314068],[120.97355814,14.63140197],[120.97446432,14.63124742],[120.9744572,14.63120585],[120.97443254,14.63108255],[120.97440732,14.63096341],[120.97431418,14.63046607],[120.97394868,14.63053152],[120.9736676,14.63058112],[120.97338982,14.63063072],[120.97291694,14.63071338],[120.97277367,14.63073762],[120.97262703,14.63076224],[120.97228202,14.63081258],[120.97234739,14.63110951],[120.97239556,14.63137352],[120.97246461,14.63136366],[120.97267444,14.63133648],[120.97274081,14.63132913],[120.97276736,14.6315422],[120.97315126,14.63146863],[120.97352863,14.6314068]]]]}},{"type":"Feature","properties":{"psgc_code":"1303901182","adm4_en":"Barangay 182","district":"Tondo"},"geometry":{"type":"MultiPolygon","coordinates":[[[[120.97121685,14.63367619],[120.97142761,14.6335203],[120.97165408,14.63336842],[120.97182461,14.63325119],[120.97194984,14.63320056],[120.97212577,14.63310363],[120.97234539,14.63304329],[120.9725433,14.63301674],[120.97275327,14.63303122],[120.97275067,14.63294244],[120.97273114,14.63282372],[120.97242298,14.63281216],[120.97231515,14.6320416],[120.97219827,14.63140804],[120.97239556,14.63137352],[120.97234739,14.63110951],[120.97228202,14.63081258],[120.97171985,14.63090516],[120.97130503,14.63097995],[120.97099255,14.63103694],[120.97095244,14.63104842],[120.97086106,14.63106796],[120.97088199,14.63135834],[120.97088722,14.63158594],[120.97086891,14.63180046],[120.97083229,14.63197051],[120.97073026,14.63224258],[120.97062827,14.63245718],[120.97058638,14.63257743],[120.97043987,14.6328155],[120.97034046,14.63305618],[120.97031954,14.6333047],[120.97033518,14.63345102],[120.97035878,14.63356369],[120.97041633,14.63371543],[120.97050528,14.63383315],[120.97064916,14.63388024],[120.97077212,14.63389332],[120.97103111,14.63378606],[120.97121685,14.63367619]]]]}},{"type":"Feature","properties":{"psgc_code":"1303901183","adm4_en":"Barangay 183","district":"Tondo"},"geometry":{"type":"MultiPolygon","coordinates":[[[[120.97346038,14.6328865],[120.97424758,14.63274163],[120.9747346,14.63265929],[120.97452132,14.63155108],[120.97448541,14.63136625],[120.97446432,14.63124742],[120.97355814,14.63140197],[120.97352863,14.6314068],[120.97315126,14.63146863],[120.97276736,14.6315422],[120.97274081,14.63132913],[120.97267444,14.63133648],[120.97246461,14.63136366],[120.97239556,14.63137352],[120.97219827,14.63140804],[120.97231515,14.6320416],[120.97242298,14.63281216],[120.97273114,14.63282372],[120.97275067,14.63294244],[120.97275327,14.63303122],[120.97289084,14.6330626],[120.97298979,14.63311811],[120.97310564,14.63330395],[120.97314175,14.63327242],[120.97346038,14.6328865]]]]}},{"type":"Feature","properties":{"psgc_code":"1303901184","adm4_en":"Barangay 184","district":"Tondo"},"geometry":{"type":"MultiPolygon","coordinates":[[[[120.97530544,14.63520249],[120.97538359,14.63519997],[120.97546632,14.6352023],[120.97557709,14.63520866],[120.97626789,14.63518738],[120.97656812,14.63517519],[120.97656306,14.63512908],[120.97648686,14.6344987],[120.97640807,14.63384424],[120.97624213,14.63252916],[120.97614554,14.6325195],[120.97605401,14.63251949],[120.97604412,14.6325195],[120.97528636,14.63257816],[120.9747346,14.63265929],[120.97482217,14.6331046],[120.97489122,14.6334301],[120.97495002,14.63376238],[120.97495534,14.63379506],[120.97506384,14.63436715],[120.97512796,14.63471731],[120.97516741,14.63492445],[120.9752231,14.635216],[120.97522569,14.63521541],[120.97530544,14.63520249]]]]}},{"type":"Feature","properties":{"psgc_code":"1303901185","adm4_en":"Barangay 185","district":"Tondo"},"geometry":{"type":"MultiPolygon","coordinates":[[[[120.97494074,14.6303199],[120.97505318,14.63029676],[120.97534418,14.63024385],[120.97556175,14.63020954],[120.97564821,14.6301967],[120.97568554,14.6302015],[120.97588008,14.63022723],[120.97603763,14.63022883],[120.97602265,14.63013248],[120.97592896,14.62949989],[120.97589282,14.62925596],[120.97586894,14.62906375],[120.97582571,14.62873822],[120.9757977,14.62851623],[120.97549377,14.62853789],[120.97542911,14.6285611],[120.97530145,14.62860918],[120.97519368,14.62868379],[120.97513323,14.62875591],[120.9748415,14.6287826],[120.9747276,14.62879351],[120.97394712,14.62889372],[120.97403566,14.62925496],[120.97415874,14.62975718],[120.97415988,14.62976209],[120.97431418,14.63046607],[120.97476879,14.6303695],[120.97494074,14.6303199]]]]}},{"type":"Feature","properties":{"psgc_code":"1303901186","adm4_en":"Barangay 186","district":"Tondo"},"geometry":{"type":"MultiPolygon","coordinates":[[[[120.97604412,14.6325195],[120.97605401,14.63251949],[120.97614554,14.6325195],[120.97624213,14.63252916],[120.97636369,14.63254662],[120.97632646,14.63229087],[120.97628305,14.63202867],[120.97625635,14.63180539],[120.97623167,14.63160768],[120.97619154,14.63129237],[120.97612561,14.6308108],[120.97610841,14.63071621],[120.97608428,14.630559],[120.97606648,14.63044609],[120.97604551,14.63030114],[120.97603763,14.63022883],[120.97588008,14.63022723],[120.97568554,14.6302015],[120.97564821,14.6301967],[120.97556175,14.63020954],[120.97534418,14.63024385],[120.97505318,14.63029676],[120.97494074,14.6303199],[120.97476879,14.6303695],[120.97431418,14.63046607],[120.97440732,14.63096341],[120.97443254,14.63108255],[120.9744572,14.63120585],[120.97446432,14.63124742],[120.97448541,14.63136625],[120.97452132,14.63155108],[120.9747346,14.63265929],[120.97528636,14.63257816],[120.97604412,14.6325195]]]]}},{"type":"Feature","properties":{"psgc_code":"1303901187","adm4_en":"Barangay 187","district":"Tondo"},"geometry":{"type":"MultiPolygon","coordinates":[[[[120.98142881,14.63627913],[120.98174353,14.63626828],[120.98202026,14.63626285],[120.98224483,14.63625443],[120.98233078,14.63625119],[120.98236857,14.63624963],[120.98244893,14.63624658],[120.98209769,14.63551079],[120.98201836,14.63561469],[120.98194777,14.63564098],[120.98188318,14.63564473],[120.98181633,14.63564624],[120.9817585,14.63563797],[120.98169467,14.63561169],[120.98163984,14.6355809],[120.98159553,14.63554635],[120.98157825,14.63552307],[120.98140711,14.63552494],[120.98112495,14.63552494],[120.98097058,14.63552797],[120.98099893,14.63629927],[120.98113037,14.63628998],[120.98142881,14.63627913]]]]}},{"type":"Feature","properties":{"psgc_code":"1303901188","adm4_en":"Barangay 188","district":"Tondo"},"geometry":{"type":"MultiPolygon","coordinates":[[[[120.9805335,14.63630625],[120.98085906,14.6362954],[120.98099893,14.63629927],[120.98097058,14.63552797],[120.98082998,14.63553444],[120.98081023,14.63549239],[120.98059151,14.63504107],[120.98018046,14.6351512],[120.98010103,14.63553084],[120.97990546,14.63553062],[120.97982267,14.63582878],[120.97976298,14.63606209],[120.97971415,14.63630625],[120.97977383,14.6363171],[120.97986608,14.6363171],[120.97993886,14.63631588],[120.98009398,14.6363171],[120.98021584,14.63631588],[120.9805335,14.63630625]]]]}},{"type":"Feature","properties":{"psgc_code":"1303901189","adm4_en":"Barangay 189","district":"Tondo"},"geometry":{"type":"MultiPolygon","coordinates":[[[[120.97995388,14.6370787],[120.98023908,14.63707194],[120.98055531,14.63706366],[120.98088129,14.63705752],[120.98115275,14.63705033],[120.98145657,14.63704314],[120.9817514,14.63703595],[120.98205466,14.63703138],[120.98213531,14.63703646],[120.98221911,14.63665119],[120.98222296,14.63664855],[120.98219669,14.63660795],[120.98216846,14.63654835],[120.98216265,14.63648902],[120.98220744,14.63644703],[120.98224534,14.63641664],[120.98230821,14.63636585],[120.982339,14.63628187],[120.98233078,14.63625119],[120.98224483,14.63625443],[120.98202026,14.63626285],[120.98174353,14.63626828],[120.98142881,14.63627913],[120.98113037,14.63628998],[120.98099893,14.63629927],[120.98085906,14.6362954],[120.9805335,14.63630625],[120.98021584,14.63631588],[120.98009398,14.6363171],[120.97993886,14.63631588],[120.97986608,14.6363171],[120.97977383,14.6363171],[120.97971415,14.63630625],[120.9793849,14.63709291],[120.97966192,14.63708599],[120.97995388,14.6370787]]]]}},{"type":"Feature","properties":{"psgc_code":"1303901190","adm4_en":"Barangay 190","district":"Tondo"},"geometry":{"type":"MultiPolygon","coordinates":[[[[120.97968492,14.63786649],[120.97997401,14.63785453],[120.9802651,14.63784257],[120.98057416,14.63783184],[120.9809045,14.63781973],[120.98089764,14.63747568],[120.98088129,14.63705752],[120.98055531,14.63706366],[120.98023908,14.63707194],[120.97995388,14.6370787],[120.97966192,14.63708599],[120.9793849,14.63709291],[120.97930324,14.6372816],[120.97903867,14.63789301],[120.97939384,14.63788045],[120.97968492,14.63786649]]]]}},{"type":"Feature","properties":{"psgc_code":"1303901191","adm4_en":"Barangay 191","district":"Tondo"},"geometry":{"type":"MultiPolygon","coordinates":[[[[120.98148252,14.63779825],[120.98173152,14.63779301],[120.98181578,14.63779595],[120.98196026,14.6378103],[120.98213051,14.63705855],[120.98213531,14.63703646],[120.98205466,14.63703138],[120.9817514,14.63703595],[120.98145657,14.63704314],[120.98115275,14.63705033],[120.98088129,14.63705752],[120.98089764,14.63747568],[120.9809045,14.63781973],[120.98117593,14.63781192],[120.98148252,14.63779825]]]]}},{"type":"Feature","properties":{"psgc_code":"1303901192","adm4_en":"Barangay 192","district":"Tondo"},"geometry":{"type":"MultiPolygon","coordinates":[[[[120.98061419,14.63901749],[120.98061109,14.63861264],[120.98090929,14.63860543],[120.98121709,14.63859977],[120.98135257,14.63858625],[120.98140613,14.638583],[120.98145374,14.63858122],[120.98149894,14.63858037],[120.9815007,14.63857773],[120.98188543,14.63818649],[120.98188589,14.63813867],[120.98196026,14.6378103],[120.98181578,14.63779595],[120.98173152,14.63779301],[120.98148252,14.63779825],[120.98117593,14.63781192],[120.9809045,14.63781973],[120.98057416,14.63783184],[120.9802651,14.63784257],[120.97997401,14.63785453],[120.97968492,14.63786649],[120.97939384,14.63788045],[120.97903867,14.63789301],[120.97892278,14.63811041],[120.97900323,14.63814087],[120.97900356,14.63814206],[120.97900992,14.6382106],[120.97902117,14.63832295],[120.9790207,14.63841238],[120.97902043,14.63853657],[120.97905179,14.63863486],[120.97908824,14.63869714],[120.97932593,14.63899375],[120.97934522,14.63901749],[120.98061419,14.63901749]]]]}},{"type":"Feature","properties":{"psgc_code":"1303901193","adm4_en":"Barangay 193","district":"Tondo"},"geometry":{"type":"MultiPolygon","coordinates":[[[[120.98027906,14.63448404],[120.98025373,14.63448891],[120.98027805,14.63435864],[120.97996486,14.63441031],[120.97987432,14.63380205],[120.97980371,14.63381651],[120.97973739,14.63380933],[120.97962232,14.63376126],[120.9794446,14.63370882],[120.97940175,14.63371983],[120.97956093,14.63461966],[120.97970907,14.6355221],[120.97986066,14.63552868],[120.97990282,14.63553051],[120.97990546,14.63553062],[120.98010103,14.63553084],[120.98018046,14.6351512],[120.98027906,14.63448404]]]]}},{"type":"Feature","properties":{"psgc_code":"1303901194","adm4_en":"Barangay 194","district":"Tondo"},"geometry":{"type":"MultiPolygon","coordinates":[[[[120.9795432,14.63552116],[120.97970907,14.6355221],[120.97956093,14.63461966],[120.97940119,14.63464992],[120.97911347,14.63469841],[120.97857921,14.63479436],[120.97834197,14.6347695],[120.97813823,14.63472217],[120.97811279,14.63478831],[120.978067,14.6348375],[120.97800764,14.63490703],[120.97794828,14.63496131],[120.97787705,14.63502406],[120.97783084,14.63508456],[120.9777663,14.63516209],[120.97786462,14.63535604],[120.97795548,14.63552997],[120.97795549,14.63553],[120.97916707,14.6355917],[120.97925293,14.63550865],[120.9795432,14.63552116]]]]}},{"type":"Feature","properties":{"psgc_code":"1303901195","adm4_en":"Barangay 195","district":"Tondo"},"geometry":{"type":"MultiPolygon","coordinates":[[[[120.97940119,14.63464992],[120.97956093,14.63461966],[120.97940175,14.63371983],[120.97929999,14.63375375],[120.9792118,14.63380294],[120.97914669,14.63384633],[120.97906255,14.63390131],[120.97897945,14.63396406],[120.97887599,14.63402681],[120.97882363,14.63405652],[120.97876236,14.63409295],[120.97867183,14.63413826],[120.9785961,14.634152],[120.97851644,14.63420319],[120.97845539,14.6342422],[120.97837737,14.63429308],[120.97831971,14.6343694],[120.97826374,14.6344559],[120.97821964,14.63454409],[120.97817555,14.63465094],[120.97813823,14.63472217],[120.97834197,14.6347695],[120.97857921,14.63479436],[120.97911347,14.63469841],[120.97940119,14.63464992]]]]}},{"type":"Feature","properties":{"psgc_code":"1303901196","adm4_en":"Barangay 196","district":"Tondo"},"geometry":{"type":"MultiPolygon","coordinates":[[[[120.98194777,14.63564098],[120.98201836,14.63561469],[120.98209769,14.63551079],[120.98149938,14.63426614],[120.98146163,14.63418281],[120.98126126,14.6342756],[120.98107333,14.63432929],[120.98069075,14.63440311],[120.98061365,14.63441861],[120.98032602,14.63447376],[120.98027906,14.63448404],[120.98018046,14.6351512],[120.98059151,14.63504107],[120.98081023,14.63549239],[120.98082998,14.63553444],[120.98097058,14.63552797],[120.98112495,14.63552494],[120.98140711,14.63552494],[120.98157825,14.63552307],[120.98159553,14.63554635],[120.98163984,14.6355809],[120.98169467,14.63561169],[120.9817585,14.63563797],[120.98181633,14.63564624],[120.98188318,14.63564473],[120.98194777,14.63564098]]]]}},{"type":"Feature","properties":{"psgc_code":"1303901197","adm4_en":"Barangay 197","district":"Tondo"},"geometry":{"type":"MultiPolygon","coordinates":[[[[120.98032602,14.63447376],[120.98061365,14.63441861],[120.98069075,14.63440311],[120.98107333,14.63432929],[120.98126126,14.6342756],[120.98146163,14.63418281],[120.98125104,14.63372886],[120.9810798,14.63336932],[120.98092872,14.6333999],[120.98081051,14.63337119],[120.98067764,14.63335683],[120.98056632,14.63343224],[120.98051646,14.63350136],[120.98046359,14.63356619],[120.98042221,14.63358964],[120.98038496,14.63358826],[120.98035445,14.63357947],[120.98029555,14.63356889],[120.98022262,14.63357567],[120.98016156,14.6336062],[120.9801039,14.63365199],[120.98003945,14.63371475],[120.97996991,14.63377241],[120.97987432,14.63380205],[120.97996486,14.63441031],[120.98027805,14.63435864],[120.98025373,14.63448891],[120.98027906,14.63448404],[120.98032602,14.63447376]]]]}},{"type":"Feature","properties":{"psgc_code":"1303901198","adm4_en":"Barangay 198","district":"Tondo"},"geometry":{"type":"MultiPolygon","coordinates":[[[[120.97725532,14.62974005],[120.97723499,14.62965918],[120.97718624,14.62951845],[120.9769052,14.62962506],[120.97680136,14.62962921],[120.97681244,14.62973997],[120.97653831,14.62975658],[120.97655131,14.63019838],[120.97645324,14.63021817],[120.97604551,14.63030114],[120.97606648,14.63044609],[120.97608428,14.630559],[120.97610841,14.63071621],[120.97612561,14.6308108],[120.97619154,14.63129237],[120.97623167,14.63160768],[120.97625635,14.63180539],[120.97628305,14.63202867],[120.97632646,14.63229087],[120.97636369,14.63254662],[120.97662722,14.63259575],[120.97695872,14.63266962],[120.97703535,14.63268434],[120.97721175,14.63271822],[120.97735745,14.63274816],[120.9776813,14.63281409],[120.97750977,14.63124234],[120.97725532,14.62974005]]]]}},{"type":"Feature","properties":{"psgc_code":"1303901199","adm4_en":"Barangay 199","district":"Tondo"},"geometry":{"type":"MultiPolygon","coordinates":[[[[120.97738362,14.63549128],[120.97742178,14.63546772],[120.97753661,14.63538183],[120.97757215,14.63534916],[120.97770327,14.63522284],[120.97774941,14.63517961],[120.9777663,14.63516209],[120.97783084,14.63508456],[120.97787705,14.63502406],[120.97794828,14.63496131],[120.97800764,14.63490703],[120.978067,14.6348375],[120.97811279,14.63478831],[120.97813823,14.63472217],[120.97817555,14.63465094],[120.97800546,14.63273109],[120.9778931,14.63277384],[120.97781652,14.63279477],[120.97775301,14.63280535],[120.9776813,14.63281409],[120.97735745,14.63274816],[120.97745394,14.63366743],[120.9773121,14.63367029],[120.97734147,14.63388571],[120.9771907,14.63386375],[120.97703896,14.63384173],[120.97692636,14.63382345],[120.97667496,14.63382683],[120.97663711,14.63382866],[120.97653985,14.6338286],[120.97640807,14.63384424],[120.97648686,14.6344987],[120.97656306,14.63512908],[120.97656812,14.63517519],[120.97670617,14.6351767],[120.97671644,14.635176],[120.97671924,14.63517624],[120.97676143,14.63518003],[120.97681226,14.63519052],[120.9768573,14.63520664],[120.9768873,14.63521955],[120.97691479,14.63523728],[120.97693944,14.63526018],[120.97696534,14.63528727],[120.97699533,14.63531227],[120.97713764,14.6354188],[120.97713836,14.63541934],[120.97713943,14.63542004],[120.97716565,14.63543722],[120.9771979,14.63545705],[120.97722588,14.63547205],[120.97726108,14.63548643],[120.97729208,14.63549765],[120.97732259,14.63550295],[120.97735471,14.63550051],[120.97738362,14.63549128]]]]}},{"type":"Feature","properties":{"psgc_code":"1303901200","adm4_en":"Barangay 200","district":"Tondo"},"geometry":{"type":"MultiPolygon","coordinates":[[[[120.97745394,14.63366743],[120.97735745,14.63274816],[120.97721175,14.63271822],[120.97703535,14.63268434],[120.97695872,14.63266962],[120.97662722,14.63259575],[120.97636369,14.63254662],[120.97624213,14.63252916],[120.97640807,14.63384424],[120.97653985,14.6338286],[120.97663711,14.63382866],[120.97667496,14.63382683],[120.97692636,14.63382345],[120.97703896,14.63384173],[120.9771907,14.63386375],[120.97734147,14.63388571],[120.9773121,14.63367029],[120.97745394,14.63366743]]]]}},{"type":"Feature","properties":{"psgc_code":"1303901201","adm4_en":"Barangay 201","district":"Tondo"},"geometry":{"type":"MultiPolygon","coordinates":[[[[120.97781652,14.63279477],[120.9778931,14.63277384],[120.97800546,14.63273109],[120.97830912,14.63263058],[120.97884036,14.63245191],[120.97938126,14.63227324],[120.97951713,14.63222258],[120.97968042,14.6321682],[120.9799125,14.63209456],[120.98049709,14.63189821],[120.97996443,14.63040542],[120.97937093,14.63060023],[120.97884484,14.63078574],[120.97831036,14.63097311],[120.97791693,14.63110995],[120.97750977,14.63124234],[120.9776813,14.63281409],[120.97775301,14.63280535],[120.97781652,14.63279477]]]]}},{"type":"Feature","properties":{"psgc_code":"1303901202","adm4_en":"Barangay 202","district":"Tondo"},"geometry":{"type":"MultiPolygon","coordinates":[[[[120.97826374,14.6344559],[120.97831971,14.6343694],[120.97837737,14.63429308],[120.97845539,14.6342422],[120.97851644,14.63420319],[120.9785961,14.634152],[120.97867183,14.63413826],[120.97876236,14.63409295],[120.97882363,14.63405652],[120.97887599,14.63402681],[120.97897945,14.63396406],[120.97906255,14.63390131],[120.97914669,14.63384633],[120.9792118,14.63380294],[120.97929999,14.63375375],[120.97940175,14.63371983],[120.9794446,14.63370882],[120.97962232,14.63376126],[120.97973739,14.63380933],[120.97980371,14.63381651],[120.97983787,14.63298312],[120.97968042,14.6321682],[120.97951713,14.63222258],[120.97938126,14.63227324],[120.97884036,14.63245191],[120.97830912,14.63263058],[120.97800546,14.63273109],[120.97817555,14.63465094],[120.97821964,14.63454409],[120.97826374,14.6344559]]]]}},{"type":"Feature","properties":{"psgc_code":"1303901203","adm4_en":"Barangay 203","district":"Tondo"},"geometry":{"type":"MultiPolygon","coordinates":[[[[120.97655131,14.63019838],[120.97653831,14.62975658],[120.97681244,14.62973997],[120.97680136,14.62962921],[120.9769052,14.62962506],[120.97718624,14.62951845],[120.97723499,14.62965918],[120.97778088,14.62947724],[120.97830795,14.62929529],[120.97884756,14.62911962],[120.97944578,14.62891965],[120.97927424,14.62841691],[120.97894856,14.62752247],[120.97878193,14.62699657],[120.97845402,14.62693584],[120.9781842,14.62723062],[120.97776367,14.62765813],[120.9773103,14.62811574],[120.9768648,14.62856748],[120.97670748,14.62876253],[120.9765419,14.62894798],[120.97658789,14.62909949],[120.97634651,14.62917979],[120.97618093,14.62923609],[120.97589282,14.62925596],[120.97592896,14.62949989],[120.97602265,14.63013248],[120.97603763,14.63022883],[120.97604551,14.63030114],[120.97645324,14.63021817],[120.97655131,14.63019838]]]]}},{"type":"Feature","properties":{"psgc_code":"1303901204","adm4_en":"Barangay 204","district":"Tondo"},"geometry":{"type":"MultiPolygon","coordinates":[[[[120.97634651,14.62917979],[120.97658789,14.62909949],[120.9765419,14.62894798],[120.97670748,14.62876253],[120.9768648,14.62856748],[120.9773103,14.62811574],[120.97776367,14.62765813],[120.9781842,14.62723062],[120.97845402,14.62693584],[120.97834221,14.62690941],[120.97806172,14.62685317],[120.97799322,14.62684],[120.9778415,14.62680788],[120.97781958,14.62680329],[120.97770279,14.6267788],[120.97762739,14.62676519],[120.97721581,14.62667995],[120.97701529,14.62664314],[120.97688126,14.62661206],[120.976778,14.6266042],[120.97660663,14.62659773],[120.97647651,14.62661205],[120.97638998,14.62663006],[120.97631884,14.62665269],[120.97618627,14.62669473],[120.97610543,14.62672059],[120.97602136,14.62673352],[120.97594404,14.62673113],[120.97556543,14.62666239],[120.97564882,14.62733294],[120.97577305,14.62832022],[120.9757977,14.62851623],[120.97582571,14.62873822],[120.97586894,14.62906375],[120.97589282,14.62925596],[120.97618093,14.62923609],[120.97634651,14.62917979]]]]}},{"type":"Feature","properties":{"psgc_code":"1303901205","adm4_en":"Barangay 205","district":"Tondo"},"geometry":{"type":"MultiPolygon","coordinates":[[[[120.97831036,14.63097311],[120.97884484,14.63078574],[120.97937093,14.63060023],[120.97996443,14.63040542],[120.97968408,14.62958544],[120.97958616,14.6293156],[120.97944578,14.62891965],[120.97884756,14.62911962],[120.97830795,14.62929529],[120.97778088,14.62947724],[120.97723499,14.62965918],[120.97725532,14.62974005],[120.97750977,14.63124234],[120.97791693,14.63110995],[120.97831036,14.63097311]]]]}},{"type":"Feature","properties":{"psgc_code":"1303901206","adm4_en":"Barangay 206","district":"Tondo"},"geometry":{"type":"MultiPolygon","coordinates":[[[[120.98073126,14.63175964],[120.98077655,14.63158413],[120.98082185,14.63144259],[120.98095774,14.63117084],[120.98106532,14.63099533],[120.98077608,14.63077132],[120.98071596,14.63055662],[120.98062705,14.63026348],[120.98087104,14.63015225],[120.98107557,14.62989031],[120.98152051,14.62939155],[120.98168545,14.62953665],[120.9818211,14.6293849],[120.98099663,14.6287385],[120.98106481,14.6285268],[120.98111504,14.62839404],[120.98095292,14.62833452],[120.98044764,14.62815722],[120.98016058,14.62901479],[120.97958616,14.6293156],[120.97968408,14.62958544],[120.97996443,14.63040542],[120.98049709,14.63189821],[120.98070295,14.63186721],[120.98073126,14.63175964]]]]}},{"type":"Feature","properties":{"psgc_code":"1303901207","adm4_en":"Barangay 207","district":"Tondo"},"geometry":{"type":"MultiPolygon","coordinates":[[[[120.98044764,14.62815722],[120.98095292,14.62833452],[120.98111504,14.62839404],[120.98257184,14.62896815],[120.98276561,14.6286488],[120.98279431,14.62795987],[120.98266735,14.627964],[120.98257981,14.627961],[120.98231267,14.62795713],[120.98212296,14.62794938],[120.98206015,14.62794637],[120.98188292,14.62788744],[120.98149345,14.6277632],[120.98120505,14.62767999],[120.98096094,14.62760661],[120.98084042,14.62757054],[120.98065124,14.62751404],[120.98027022,14.62738668],[120.97984687,14.62725705],[120.97931956,14.62713447],[120.97878193,14.62699657],[120.97894856,14.62752247],[120.97927424,14.62841691],[120.97944578,14.62891965],[120.97958616,14.6293156],[120.98016058,14.62901479],[120.98044764,14.62815722]]]]}},{"type":"Feature","properties":{"psgc_code":"1303901208","adm4_en":"Barangay 208","district":"Tondo"},"geometry":{"type":"MultiPolygon","coordinates":[[[[120.98212198,14.6298499],[120.98215678,14.62981243],[120.98241746,14.62953068],[120.98256575,14.62937046],[120.98265297,14.62927008],[120.98276442,14.62914154],[120.98281593,14.62905938],[120.98286583,14.62897982],[120.98295076,14.62878166],[120.98302437,14.62854387],[120.98305834,14.62831175],[120.98305835,14.62795507],[120.98279431,14.62795987],[120.98276561,14.6286488],[120.98257184,14.62896815],[120.98111504,14.62839404],[120.98106481,14.6285268],[120.98099663,14.6287385],[120.9818211,14.6293849],[120.98168545,14.62953665],[120.98152051,14.62939155],[120.98107557,14.62989031],[120.98087104,14.63015225],[120.98062705,14.63026348],[120.98071596,14.63055662],[120.98077608,14.63077132],[120.98106532,14.63099533],[120.98138574,14.63064755],[120.98212198,14.6298499]]]]}},{"type":"Feature","properties":{"psgc_code":"1303901209","adm4_en":"Barangay 209","district":"Tondo"},"geometry":{"type":"MultiPolygon","coordinates":[[[[120.98048359,14.62673596],[120.98056971,14.62665132],[120.9806221,14.62661858],[120.98067449,14.6265531],[120.98076617,14.62643195],[120.98079564,14.62635336],[120.9808127,14.62627028],[120.98083493,14.62617328],[120.98087043,14.62600494],[120.98087782,14.62595316],[120.98090741,14.62582003],[120.9809444,14.62580523],[120.98101837,14.62582003],[120.98112758,14.62555013],[120.98115802,14.62543613],[120.98174152,14.62565798],[120.9820926,14.625804],[120.98226105,14.62587921],[120.98244598,14.62544282],[120.98251885,14.62526232],[120.98294957,14.62422439],[120.98294467,14.6239509],[120.98293969,14.62376895],[120.98292382,14.6228262],[120.98292615,14.62268454],[120.98244509,14.62272872],[120.98196894,14.62278271],[120.98197288,14.62291571],[120.98202664,14.62422898],[120.98154066,14.62424632],[120.98111984,14.6242544],[120.98064874,14.62471582],[120.98023429,14.62512476],[120.97980527,14.62554635],[120.9801639,14.62554406],[120.98020146,14.62598867],[120.98019972,14.62608815],[120.98020146,14.62614598],[120.98017832,14.62624777],[120.98010892,14.62643747],[120.98009967,14.62657165],[120.98004791,14.62673262],[120.98020274,14.62675697],[120.9803782,14.62682325],[120.9804266,14.62681115],[120.98048359,14.62673596]]]]}},{"type":"Feature","properties":{"psgc_code":"1303901210","adm4_en":"Barangay 210","district":"Tondo"},"geometry":{"type":"MultiPolygon","coordinates":[[[[120.98305835,14.62795507],[120.98306022,14.62751268],[120.9830286,14.62670642],[120.98302442,14.62646481],[120.98299699,14.62565511],[120.98299699,14.62549702],[120.98299501,14.62544354],[120.98299085,14.62519073],[120.9829788,14.62500404],[120.98297278,14.62481735],[120.98296676,14.62464873],[120.98295472,14.62446204],[120.98294957,14.62422439],[120.98251885,14.62526232],[120.98244598,14.62544282],[120.98226105,14.62587921],[120.98216117,14.62613466],[120.98205393,14.62639696],[120.98199133,14.62655181],[120.98190599,14.62676678],[120.98178764,14.62704044],[120.98172846,14.62718098],[120.98168038,14.62727684],[120.98160644,14.62746381],[120.98149345,14.6277632],[120.98188292,14.62788744],[120.98206015,14.62794637],[120.98212296,14.62794938],[120.98231267,14.62795713],[120.98257981,14.627961],[120.98266735,14.627964],[120.98279431,14.62795987],[120.98305835,14.62795507]]]]}},{"type":"Feature","properties":{"psgc_code":"1303901211","adm4_en":"Barangay 211","district":"Tondo"},"geometry":{"type":"MultiPolygon","coordinates":[[[[120.98168038,14.62727684],[120.98172846,14.62718098],[120.98178764,14.62704044],[120.98190599,14.62676678],[120.98199133,14.62655181],[120.98205393,14.62639696],[120.98216117,14.62613466],[120.98226105,14.62587921],[120.9820926,14.625804],[120.98174152,14.62565798],[120.98115802,14.62543613],[120.98112758,14.62555013],[120.98101837,14.62582003],[120.9809444,14.62580523],[120.98090741,14.62582003],[120.98087782,14.62595316],[120.98087043,14.62600494],[120.98083493,14.62617328],[120.9808127,14.62627028],[120.98079564,14.62635336],[120.98076617,14.62643195],[120.98067449,14.6265531],[120.9806221,14.62661858],[120.98056971,14.62665132],[120.98048359,14.62673596],[120.9804266,14.62681115],[120.98039702,14.62688511],[120.98027022,14.62738668],[120.98065124,14.62751404],[120.98084042,14.62757054],[120.98096094,14.62760661],[120.98120505,14.62767999],[120.98149345,14.6277632],[120.98160644,14.62746381],[120.98168038,14.62727684]]]]}},{"type":"Feature","properties":{"psgc_code":"1303901212","adm4_en":"Barangay 212","district":"Tondo"},"geometry":{"type":"MultiPolygon","coordinates":[[[[120.9804266,14.62681115],[120.9803782,14.62682325],[120.98020274,14.62675697],[120.98004791,14.62673262],[120.98009967,14.62657165],[120.98010892,14.62643747],[120.98017832,14.62624777],[120.98020146,14.62614598],[120.98019972,14.62608815],[120.98020146,14.62598867],[120.9801639,14.62554406],[120.97980527,14.62554635],[120.97947454,14.62559099],[120.97904581,14.62565107],[120.978533,14.62573126],[120.97859334,14.62607134],[120.97862848,14.62630341],[120.97871424,14.62672581],[120.97878193,14.62699657],[120.97931956,14.62713447],[120.97984687,14.62725705],[120.98027022,14.62738668],[120.98039702,14.62688511],[120.9804266,14.62681115]]]]}},{"type":"Feature","properties":{"psgc_code":"1303901213","adm4_en":"Barangay 213","district":"Tondo"},"geometry":{"type":"MultiPolygon","coordinates":[[[[120.97744338,14.62607775],[120.97743662,14.62599323],[120.97741633,14.62587828],[120.97746366,14.62580052],[120.97749409,14.62577347],[120.97750677,14.62563946],[120.97748911,14.6254982],[120.97748911,14.62538637],[120.97747734,14.62527455],[120.97746557,14.62519215],[120.97744791,14.62508621],[120.97740685,14.62503753],[120.97739429,14.6249559],[120.97738383,14.62489728],[120.97734824,14.62474448],[120.97731894,14.62471308],[120.97731254,14.62467422],[120.97731254,14.62456827],[120.97734615,14.62451422],[120.9773294,14.62442211],[120.97729489,14.62435051],[120.977289,14.62420337],[120.97731843,14.62413862],[120.97731843,14.62400914],[120.97730077,14.62386789],[120.97729489,14.62355595],[120.97725527,14.62346372],[120.97707489,14.6235539],[120.9769713,14.62360915],[120.97686676,14.6236649],[120.97656844,14.62390076],[120.97656242,14.62390666],[120.97622156,14.62424068],[120.97614606,14.62433575],[120.97610362,14.62440024],[120.97602036,14.62453898],[120.97592324,14.62470547],[120.97582611,14.62488584],[120.97609373,14.62497984],[120.97632296,14.62501605],[120.97644909,14.62610141],[120.97702075,14.62606915],[120.97744338,14.62607775]]]]}},{"type":"Feature","properties":{"psgc_code":"1303901214","adm4_en":"Barangay 214","district":"Tondo"},"geometry":{"type":"MultiPolygon","coordinates":[[[[120.97618627,14.62669473],[120.97631884,14.62665269],[120.97638998,14.62663006],[120.97647651,14.62661205],[120.97660663,14.62659773],[120.976778,14.6266042],[120.97688126,14.62661206],[120.97701529,14.62664314],[120.97702622,14.62636435],[120.97702075,14.62606915],[120.97644909,14.62610141],[120.97632296,14.62501605],[120.97609373,14.62497984],[120.97582611,14.62488584],[120.97578128,14.6249875],[120.97576367,14.62504539],[120.97573592,14.6252327],[120.97573591,14.62542694],[120.97574649,14.62550734],[120.97581293,14.62600116],[120.97590935,14.62662014],[120.97594404,14.62673113],[120.97602136,14.62673352],[120.97610543,14.62672059],[120.97618627,14.62669473]]]]}},{"type":"Feature","properties":{"psgc_code":"1303901215","adm4_en":"Barangay 215","district":"Tondo"},"geometry":{"type":"MultiPolygon","coordinates":[[[[120.97862848,14.62630341],[120.97859334,14.62607134],[120.978533,14.62573126],[120.97808739,14.62584957],[120.97796645,14.6258559],[120.97741633,14.62587828],[120.97743662,14.62599323],[120.97744338,14.62607775],[120.97702075,14.62606915],[120.97702622,14.62636435],[120.97701529,14.62664314],[120.97721581,14.62667995],[120.97762739,14.62676519],[120.97770279,14.6267788],[120.97781958,14.62680329],[120.9778415,14.62680788],[120.97799322,14.62684],[120.97806172,14.62685317],[120.97834221,14.62690941],[120.97845402,14.62693584],[120.97878193,14.62699657],[120.97871424,14.62672581],[120.97862848,14.62630341]]]]}},{"type":"Feature","properties":{"psgc_code":"1303901216","adm4_en":"Barangay 216","district":"Tondo"},"geometry":{"type":"MultiPolygon","coordinates":[[[[120.97808739,14.62584957],[120.978533,14.62573126],[120.97844493,14.62505954],[120.97837797,14.6245511],[120.97829246,14.62389845],[120.97821267,14.62326949],[120.97820188,14.62314091],[120.97780401,14.62318592],[120.97723979,14.62327788],[120.97725527,14.62346372],[120.97729489,14.62355595],[120.97730077,14.62386789],[120.97731843,14.62400914],[120.97731843,14.62413862],[120.977289,14.62420337],[120.97729489,14.62435051],[120.9773294,14.62442211],[120.97734615,14.62451422],[120.97731254,14.62456827],[120.97731254,14.62467422],[120.97731894,14.62471308],[120.97734824,14.62474448],[120.97738383,14.62489728],[120.97739429,14.6249559],[120.97740685,14.62503753],[120.97744791,14.62508621],[120.97746557,14.62519215],[120.97747734,14.62527455],[120.97748911,14.62538637],[120.97748911,14.6254982],[120.97750677,14.62563946],[120.97749409,14.62577347],[120.97746366,14.62580052],[120.97741633,14.62587828],[120.97796645,14.6258559],[120.97808739,14.62584957]]]]}},{"type":"Feature","properties":{"psgc_code":"1303901217","adm4_en":"Barangay 217","district":"Tondo"},"geometry":{"type":"MultiPolygon","coordinates":[[[[120.97581293,14.62600116],[120.97574649,14.62550734],[120.97573591,14.62542694],[120.97573592,14.6252327],[120.97576367,14.62504539],[120.97578128,14.6249875],[120.97582611,14.62488584],[120.97592324,14.62470547],[120.97602036,14.62453898],[120.97610362,14.62440024],[120.97614606,14.62433575],[120.97622156,14.62424068],[120.97656242,14.62390666],[120.97656844,14.62390076],[120.97686676,14.6236649],[120.9769713,14.62360915],[120.97707489,14.6235539],[120.97725527,14.62346372],[120.97723979,14.62327788],[120.97514402,14.62360213],[120.97524752,14.62441585],[120.97526636,14.62456401],[120.97534529,14.62509672],[120.97537802,14.62532785],[120.97538406,14.62537189],[120.9754043,14.62551554],[120.97541813,14.62564151],[120.97546392,14.62605868],[120.97556543,14.62666239],[120.97594404,14.62673113],[120.97590935,14.62662014],[120.97581293,14.62600116]]]]}},{"type":"Feature","properties":{"psgc_code":"1303901218","adm4_en":"Barangay 218","district":"Tondo"},"geometry":{"type":"MultiPolygon","coordinates":[[[[120.97780401,14.62318592],[120.97748882,14.62317469],[120.97726508,14.6231561],[120.97683312,14.6230734],[120.97655256,14.62298133],[120.9763042,14.62286539],[120.97602073,14.62270802],[120.97565813,14.62243212],[120.97542559,14.62218776],[120.97525217,14.62195522],[120.97501893,14.62154345],[120.97491164,14.62130291],[120.97488648,14.62131415],[120.97487095,14.62134055],[120.97486785,14.62137005],[120.9748727,14.62166899],[120.97487614,14.62169575],[120.97499999,14.62257724],[120.9750162,14.62269196],[120.97504236,14.6228788],[120.97505586,14.62297484],[120.9751096,14.62335727],[120.97511992,14.62343299],[120.97514402,14.62360213],[120.97723979,14.62327788],[120.97780401,14.62318592]]]]}},{"type":"Feature","properties":{"psgc_code":"1303901219","adm4_en":"Barangay 219","district":"Tondo"},"geometry":{"type":"MultiPolygon","coordinates":[[[[120.97947454,14.62559099],[120.97931471,14.6243476],[120.97979651,14.62430108],[120.9797145,14.62370178],[120.97963249,14.62314664],[120.97961093,14.62300283],[120.97954232,14.62300873],[120.97820188,14.62314091],[120.97821267,14.62326949],[120.97829246,14.62389845],[120.97837797,14.6245511],[120.97844493,14.62505954],[120.978533,14.62573126],[120.97904581,14.62565107],[120.97947454,14.62559099]]]]}},{"type":"Feature","properties":{"psgc_code":"1303901220","adm4_en":"Barangay 220","district":"Tondo"},"geometry":{"type":"MultiPolygon","coordinates":[[[[120.98023429,14.62512476],[120.98064874,14.62471582],[120.98111984,14.6242544],[120.98154066,14.62424632],[120.98202664,14.62422898],[120.98197288,14.62291571],[120.98196894,14.62278271],[120.98157133,14.62281707],[120.98106036,14.62286694],[120.98017162,14.6229491],[120.97988522,14.6229789],[120.97961093,14.62300283],[120.97963249,14.62314664],[120.9797145,14.62370178],[120.97979651,14.62430108],[120.97931471,14.6243476],[120.97947454,14.62559099],[120.97980527,14.62554635],[120.98023429,14.62512476]]]]}},{"type":"Feature","properties":{"psgc_code":"1303901221","adm4_en":"Barangay 221","district":"Tondo"},"geometry":{"type":"MultiPolygon","coordinates":[[[[120.9760625,14.62115423],[120.97651997,14.62108844],[120.97689777,14.62103037],[120.97695401,14.62102294],[120.97742172,14.62096084],[120.97738219,14.62060994],[120.97680936,14.62067955],[120.97681122,14.62064793],[120.97683911,14.6205531],[120.97683353,14.62047499],[120.97682051,14.62036714],[120.97678146,14.62019792],[120.97642133,14.62024812],[120.97603625,14.62031916],[120.97602094,14.62021441],[120.97593256,14.6202249],[120.97577056,14.62022135],[120.97516129,14.62025243],[120.97471503,14.62027557],[120.97474287,14.62045174],[120.97476739,14.62061629],[120.97477818,14.62073746],[120.97478546,14.62081988],[120.97481403,14.62090134],[120.97484988,14.62107802],[120.97491164,14.62130291],[120.97519985,14.62126061],[120.9760625,14.62115423]]]]}},{"type":"Feature","properties":{"psgc_code":"1303901222","adm4_en":"Barangay 222","district":"Tondo"},"geometry":{"type":"MultiPolygon","coordinates":[[[[120.9759596,14.61979018],[120.97621954,14.61975509],[120.97641075,14.61972927],[120.97685608,14.61967475],[120.97668933,14.61831797],[120.97557539,14.61849174],[120.97571649,14.61919286],[120.97584034,14.61980783],[120.97589578,14.61980066],[120.9759596,14.61979018]]]]}},{"type":"Feature","properties":{"psgc_code":"1303901223","adm4_en":"Barangay 223","district":"Tondo"},"geometry":{"type":"MultiPolygon","coordinates":[[[[120.97904279,14.62076695],[120.97912674,14.62075729],[120.9790914,14.62056292],[120.97903839,14.62040389],[120.97880786,14.61943526],[120.97871757,14.6194456],[120.97825813,14.61949917],[120.97809832,14.61952474],[120.97771478,14.61956948],[120.97778304,14.62011067],[120.97788108,14.62089987],[120.9783068,14.62084814],[120.97904279,14.62076695]]]]}},{"type":"Feature","properties":{"psgc_code":"1303901224","adm4_en":"Barangay 224","district":"Tondo"},"geometry":{"type":"MultiPolygon","coordinates":[[[[120.97955217,14.62281232],[120.97955575,14.6227421],[120.97956604,14.62264429],[120.97955575,14.62253103],[120.97953001,14.62241778],[120.97951456,14.62228393],[120.97947853,14.62217583],[120.97946823,14.62207802],[120.9794652,14.62195447],[120.97943869,14.62178228],[120.97943869,14.62169443],[120.97943263,14.62160962],[120.97942052,14.62150057],[120.97938114,14.62131277],[120.97932359,14.62113708],[120.97926906,14.62097048],[120.9792418,14.62089778],[120.97920545,14.62083417],[120.97912674,14.62075729],[120.97904279,14.62076695],[120.9783068,14.62084814],[120.97788108,14.62089987],[120.97796032,14.62138747],[120.97799065,14.62161413],[120.97807004,14.62214543],[120.97810755,14.62242533],[120.97817821,14.62295229],[120.97820188,14.62314091],[120.97954232,14.62300873],[120.97955217,14.62281232]]]]}},{"type":"Feature","properties":{"psgc_code":"1303901225","adm4_en":"Barangay 225","district":"Tondo"},"geometry":{"type":"MultiPolygon","coordinates":[[[[120.97880786,14.61943526],[120.97877323,14.61926668],[120.97876856,14.61906589],[120.97875456,14.61889778],[120.97873588,14.61876236],[120.97872187,14.61860827],[120.97870786,14.61845884],[120.97868918,14.61832342],[120.97867282,14.61824524],[120.97864715,14.61812263],[120.97862848,14.6179732],[120.97861914,14.61782378],[120.97861447,14.6176977],[120.97859112,14.61758096],[120.97858645,14.6174362],[120.97859579,14.61734281],[120.97859579,14.61724942],[120.97861914,14.61716069],[120.97865182,14.61707197],[120.97867984,14.61698325],[120.97870786,14.6168992],[120.97872187,14.61678246],[120.97874055,14.61667972],[120.97877159,14.61656752],[120.97851959,14.6165934],[120.97815713,14.61663066],[120.97817553,14.61709761],[120.97819539,14.61744853],[120.97820961,14.61791144],[120.97824252,14.61814092],[120.97825912,14.61828858],[120.97827485,14.61842848],[120.97828147,14.61867346],[120.97828809,14.61900453],[120.97825813,14.61949917],[120.97871757,14.6194456],[120.97880786,14.61943526]]]]}},{"type":"Feature","properties":{"psgc_code":"1303901226","adm4_en":"Barangay 226","district":"Tondo"},"geometry":{"type":"MultiPolygon","coordinates":[[[[120.97825813,14.61949917],[120.97828809,14.61900453],[120.97828147,14.61867346],[120.97827485,14.61842848],[120.97825912,14.61828858],[120.97824252,14.61814092],[120.97820961,14.61791144],[120.97819539,14.61744853],[120.97817553,14.61709761],[120.97815713,14.61663066],[120.9773191,14.61668988],[120.9773604,14.61691596],[120.97744892,14.617546],[120.97750054,14.61795708],[120.9775041,14.61798771],[120.97752342,14.61815755],[120.97754265,14.61829059],[120.97771478,14.61956948],[120.97809832,14.61952474],[120.97825813,14.61949917]]]]}},{"type":"Feature","properties":{"psgc_code":"1303901227","adm4_en":"Barangay 227","district":"Tondo"},"geometry":{"type":"MultiPolygon","coordinates":[[[[120.97817821,14.62295229],[120.97810755,14.62242533],[120.97807004,14.62214543],[120.97799065,14.62161413],[120.97796032,14.62138747],[120.97788108,14.62089987],[120.97742172,14.62096084],[120.97695401,14.62102294],[120.97689777,14.62103037],[120.97651997,14.62108844],[120.9760625,14.62115423],[120.97608274,14.6213652],[120.9761103,14.62155243],[120.97613232,14.6217024],[120.97614388,14.62179421],[120.97617074,14.62194868],[120.97619089,14.62213673],[120.97622135,14.62236368],[120.97622562,14.62239533],[120.97626817,14.62260809],[120.97627834,14.62263842],[120.97629061,14.62267577],[120.9763042,14.62286539],[120.97655256,14.62298133],[120.97683312,14.6230734],[120.97726508,14.6231561],[120.97748882,14.62317469],[120.97780401,14.62318592],[120.97820188,14.62314091],[120.97817821,14.62295229]]]]}},{"type":"Feature","properties":{"psgc_code":"1303901228","adm4_en":"Barangay 228","district":"Tondo"},"geometry":{"type":"MultiPolygon","coordinates":[[[[120.97627834,14.62263842],[120.97626817,14.62260809],[120.97622562,14.62239533],[120.97622135,14.62236368],[120.97619089,14.62213673],[120.97617074,14.62194868],[120.97614388,14.62179421],[120.97613232,14.6217024],[120.9761103,14.62155243],[120.97608274,14.6213652],[120.9760625,14.62115423],[120.97519985,14.62126061],[120.97491164,14.62130291],[120.97501893,14.62154345],[120.97525217,14.62195522],[120.97542559,14.62218776],[120.97565813,14.62243212],[120.97602073,14.62270802],[120.9763042,14.62286539],[120.97629061,14.62267577],[120.97627834,14.62263842]]]]}},{"type":"Feature","properties":{"psgc_code":"1303901229","adm4_en":"Barangay 229","district":"Tondo"},"geometry":{"type":"MultiPolygon","coordinates":[[[[120.97754265,14.61829059],[120.97752342,14.61815755],[120.9775041,14.61798771],[120.97750054,14.61795708],[120.97744892,14.617546],[120.9773604,14.61691596],[120.9773191,14.61668988],[120.97689488,14.6167402],[120.97680585,14.61675132],[120.97696857,14.61805698],[120.97715949,14.61963744],[120.97771478,14.61956948],[120.97754265,14.61829059]]]]}},{"type":"Feature","properties":{"psgc_code":"1303901230","adm4_en":"Barangay 230","district":"Tondo"},"geometry":{"type":"MultiPolygon","coordinates":[[[[120.97715949,14.61963744],[120.97696857,14.61805698],[120.97680585,14.61675132],[120.976474,14.61679383],[120.97668933,14.61831797],[120.97685608,14.61967475],[120.97703719,14.61965257],[120.97715949,14.61963744]]]]}},{"type":"Feature","properties":{"psgc_code":"1303901231","adm4_en":"Barangay 231","district":"Tondo"},"geometry":{"type":"MultiPolygon","coordinates":[[[[120.97778304,14.62011067],[120.97771478,14.61956948],[120.97715949,14.61963744],[120.97703719,14.61965257],[120.97685608,14.61967475],[120.97641075,14.61972927],[120.97621954,14.61975509],[120.9759596,14.61979018],[120.97589578,14.61980066],[120.97584034,14.61980783],[120.97525374,14.61989545],[120.97496472,14.61991279],[120.97493413,14.61991462],[120.97464008,14.6199338],[120.97468186,14.62008951],[120.97471503,14.62027557],[120.97516129,14.62025243],[120.97577056,14.62022135],[120.97593256,14.6202249],[120.97602094,14.62021441],[120.97603625,14.62031916],[120.97642133,14.62024812],[120.97678146,14.62019792],[120.97682051,14.62036714],[120.97683353,14.62047499],[120.97683911,14.6205531],[120.97681122,14.62064793],[120.97680936,14.62067955],[120.97738219,14.62060994],[120.97742172,14.62096084],[120.97788108,14.62089987],[120.97778304,14.62011067]]]]}},{"type":"Feature","properties":{"psgc_code":"1303901232","adm4_en":"Barangay 232","district":"Tondo"},"geometry":{"type":"MultiPolygon","coordinates":[[[[120.97496472,14.61991279],[120.97525374,14.61989545],[120.97584034,14.61980783],[120.97571649,14.61919286],[120.97557539,14.61849174],[120.97527796,14.61701317],[120.97461043,14.61714187],[120.9742655,14.61720807],[120.97441724,14.61827398],[120.97447379,14.61869565],[120.97464008,14.6199338],[120.97493413,14.61991462],[120.97496472,14.61991279]]]]}},{"type":"Feature","properties":{"psgc_code":"1303901233","adm4_en":"Barangay 233","district":"Tondo"},"geometry":{"type":"MultiPolygon","coordinates":[[[[120.976474,14.61679383],[120.97614999,14.61684269],[120.97577681,14.61691451],[120.97527796,14.61701317],[120.97557539,14.61849174],[120.97668933,14.61831797],[120.976474,14.61679383]]]]}},{"type":"Feature","properties":{"psgc_code":"1303901234","adm4_en":"Barangay 234","district":"Tondo"},"geometry":{"type":"MultiPolygon","coordinates":[[[[120.97461043,14.61714187],[120.97527796,14.61701317],[120.97577681,14.61691451],[120.97614999,14.61684269],[120.976474,14.61679383],[120.97680585,14.61675132],[120.97677125,14.61660462],[120.97667782,14.61645174],[120.97658213,14.61622088],[120.97645294,14.61593334],[120.97631916,14.61563596],[120.97629074,14.61554313],[120.97367078,14.61607141],[120.97369306,14.61616794],[120.97375482,14.61642658],[120.97385134,14.61684735],[120.97394749,14.61726671],[120.9742655,14.61720807],[120.97461043,14.61714187]]]]}},{"type":"Feature","properties":{"psgc_code":"1303901235","adm4_en":"Barangay 235","district":"Tondo"},"geometry":{"type":"MultiPolygon","coordinates":[[[[120.9773191,14.61668988],[120.97710329,14.61573228],[120.97701519,14.61538448],[120.97683727,14.6146931],[120.9766893,14.61405253],[120.97662561,14.61379778],[120.97596593,14.61396769],[120.97597399,14.61414102],[120.97599296,14.61424709],[120.97600884,14.6143318],[120.97602737,14.61451182],[120.9760459,14.6146336],[120.97611997,14.6150076],[120.97616079,14.61514896],[120.97622143,14.61533522],[120.9762462,14.61539171],[120.97629074,14.61554313],[120.97631916,14.61563596],[120.97645294,14.61593334],[120.97658213,14.61622088],[120.97667782,14.61645174],[120.97677125,14.61660462],[120.97680585,14.61675132],[120.97689488,14.6167402],[120.9773191,14.61668988]]]]}},{"type":"Feature","properties":{"psgc_code":"1303901236","adm4_en":"Barangay 236","district":"Tondo"},"geometry":{"type":"MultiPolygon","coordinates":[[[[120.9762462,14.61539171],[120.97622143,14.61533522],[120.97616079,14.61514896],[120.97611997,14.6150076],[120.9760459,14.6146336],[120.9734784,14.61521571],[120.97353967,14.61551038],[120.97358713,14.61572055],[120.97362357,14.61586683],[120.97367078,14.61607141],[120.97629074,14.61554313],[120.9762462,14.61539171]]]]}},{"type":"Feature","properties":{"psgc_code":"1303901237","adm4_en":"Barangay 237","district":"Tondo"},"geometry":{"type":"MultiPolygon","coordinates":[[[[120.97602737,14.61451182],[120.97600884,14.6143318],[120.97599296,14.61424709],[120.97597399,14.61414102],[120.97596593,14.61396769],[120.97521394,14.61413396],[120.97330791,14.6144858],[120.9733872,14.61483952],[120.9734784,14.61521571],[120.9760459,14.6146336],[120.97602737,14.61451182]]]]}},{"type":"Feature","properties":{"psgc_code":"1303901238","adm4_en":"Barangay 238","district":"Tondo"},"geometry":{"type":"MultiPolygon","coordinates":[[[[120.9759091,14.61018352],[120.97574988,14.6091884],[120.9755827,14.6081694],[120.97509172,14.60819228],[120.97488986,14.60819694],[120.97508388,14.60925352],[120.97525845,14.61027361],[120.97546537,14.61024471],[120.9759091,14.61018352]]]]}},{"type":"Feature","properties":{"psgc_code":"1303901239","adm4_en":"Barangay 239","district":"Tondo"},"geometry":{"type":"MultiPolygon","coordinates":[[[[120.97662561,14.61379778],[120.97650677,14.61331702],[120.97634697,14.61255587],[120.97591352,14.6126366],[120.97572041,14.61267229],[120.97549504,14.61271441],[120.975289,14.61276347],[120.97493338,14.61284656],[120.97494813,14.6129249],[120.97497428,14.61308891],[120.97500966,14.61320504],[120.975067,14.61350008],[120.9751194,14.61377419],[120.97515983,14.61396628],[120.97521394,14.61413396],[120.97596593,14.61396769],[120.97662561,14.61379778]]]]}},{"type":"Feature","properties":{"psgc_code":"1303901240","adm4_en":"Barangay 240","district":"Tondo"},"geometry":{"type":"MultiPolygon","coordinates":[[[[120.9755827,14.6081694],[120.97551901,14.60793058],[120.97536774,14.60753253],[120.97509706,14.60683993],[120.97484903,14.6060469],[120.9744826,14.6061855],[120.97488986,14.60819694],[120.97509172,14.60819228],[120.9755827,14.6081694]]]]}},{"type":"Feature","properties":{"psgc_code":"1303901241","adm4_en":"Barangay 241","district":"Tondo"},"geometry":{"type":"MultiPolygon","coordinates":[[[[120.97515983,14.61396628],[120.9751194,14.61377419],[120.975067,14.61350008],[120.97500966,14.61320504],[120.97497428,14.61308891],[120.97494813,14.6129249],[120.97493338,14.61284656],[120.9741656,14.61043255],[120.97410339,14.61041597],[120.97402874,14.61039938],[120.9735186,14.61049476],[120.97321999,14.61056526],[120.97292552,14.61063161],[120.97281345,14.61066244],[120.97247345,14.61073529],[120.97262719,14.61144797],[120.97269801,14.61177186],[120.9727712,14.61211339],[120.9728068,14.6122795],[120.97284439,14.61245492],[120.97292368,14.61278425],[120.97299686,14.61313798],[120.9730771,14.61351019],[120.9731631,14.61385416],[120.97322759,14.61414496],[120.973266,14.61430796],[120.97330791,14.6144858],[120.97521394,14.61413396],[120.97515983,14.61396628]]]]}},{"type":"Feature","properties":{"psgc_code":"1303901242","adm4_en":"Barangay 242","district":"Tondo"},"geometry":{"type":"MultiPolygon","coordinates":[[[[120.97525845,14.61027361],[120.97508388,14.60925352],[120.97488986,14.60819694],[120.9744826,14.6061855],[120.97429785,14.6062551],[120.97405462,14.60634403],[120.97411566,14.6068089],[120.97438554,14.60821347],[120.97459351,14.60930107],[120.97479324,14.61034239],[120.97504829,14.61030235],[120.97525845,14.61027361]]]]}},{"type":"Feature","properties":{"psgc_code":"1303901243","adm4_en":"Barangay 243","district":"Tondo"},"geometry":{"type":"MultiPolygon","coordinates":[[[[120.97479324,14.61034239],[120.97458199,14.61036819],[120.9741656,14.61043255],[120.97493338,14.61284656],[120.975289,14.61276347],[120.97479324,14.61034239]]]]}},{"type":"Feature","properties":{"psgc_code":"1303901244","adm4_en":"Barangay 244","district":"Tondo"},"geometry":{"type":"MultiPolygon","coordinates":[[[[120.97572041,14.61267229],[120.97557169,14.61193429],[120.97525845,14.61027361],[120.97504829,14.61030235],[120.97479324,14.61034239],[120.975289,14.61276347],[120.97549504,14.61271441],[120.97572041,14.61267229]]]]}},{"type":"Feature","properties":{"psgc_code":"1303901245","adm4_en":"Barangay 245","district":"Tondo"},"geometry":{"type":"MultiPolygon","coordinates":[[[[120.97459351,14.60930107],[120.97438554,14.60821347],[120.97417492,14.60822431],[120.97409082,14.60822431],[120.97360238,14.60824412],[120.97387722,14.60937164],[120.97438459,14.60932184],[120.97459351,14.60930107]]]]}},{"type":"Feature","properties":{"psgc_code":"1303901246","adm4_en":"Barangay 246","district":"Tondo"},"geometry":{"type":"MultiPolygon","coordinates":[[[[120.97634697,14.61255587],[120.97619552,14.61183322],[120.9760773,14.61114521],[120.97600965,14.61075055],[120.9759091,14.61018352],[120.97546537,14.61024471],[120.97525845,14.61027361],[120.97557169,14.61193429],[120.97572041,14.61267229],[120.97591352,14.6126366],[120.97634697,14.61255587]]]]}},{"type":"Feature","properties":{"psgc_code":"1303901247","adm4_en":"Barangay 247","district":"Tondo"},"geometry":{"type":"MultiPolygon","coordinates":[[[[120.97417492,14.60822431],[120.97438554,14.60821347],[120.97411566,14.6068089],[120.97405462,14.60634403],[120.9737283,14.60646331],[120.97352008,14.60650617],[120.97360238,14.60824412],[120.97409082,14.60822431],[120.97417492,14.60822431]]]]}},{"type":"Feature","properties":{"psgc_code":"1303901248","adm4_en":"Barangay 248","district":"Tondo"},"geometry":{"type":"MultiPolygon","coordinates":[[[[120.97479324,14.61034239],[120.97459351,14.60930107],[120.97438459,14.60932184],[120.97387722,14.60937164],[120.9741656,14.61043255],[120.97458199,14.61036819],[120.97479324,14.61034239]]]]}},{"type":"Feature","properties":{"psgc_code":"1303901249","adm4_en":"Barangay 249","district":"Tondo"},"geometry":{"type":"MultiPolygon","coordinates":[[[[120.97812908,14.616262],[120.97799467,14.6157229],[120.97786677,14.61515763],[120.977463,14.61527253],[120.97701519,14.61538448],[120.97710329,14.61573228],[120.9773191,14.61668988],[120.97815713,14.61663066],[120.97812908,14.616262]]]]}},{"type":"Feature","properties":{"psgc_code":"1303901250","adm4_en":"Barangay 250","district":"Tondo"},"geometry":{"type":"MultiPolygon","coordinates":[[[[120.97738615,14.61076358],[120.97755616,14.61061496],[120.97764475,14.61054555],[120.97771067,14.61042216],[120.97782419,14.6105296],[120.97787933,14.61048553],[120.97784665,14.61040699],[120.97779941,14.61021805],[120.97772856,14.6100291],[120.97769773,14.60993251],[120.9776577,14.60980709],[120.97756343,14.60948587],[120.9774588,14.6091582],[120.97745329,14.60906733],[120.97712611,14.60905454],[120.97574988,14.6091884],[120.9759091,14.61018352],[120.97600965,14.61075055],[120.97651904,14.61077254],[120.97676586,14.61078048],[120.97705826,14.61081259],[120.97720024,14.61078555],[120.97738615,14.61076358]]]]}},{"type":"Feature","properties":{"psgc_code":"1303901251","adm4_en":"Barangay 251","district":"Tondo"},"geometry":{"type":"MultiPolygon","coordinates":[[[[120.97807344,14.61512694],[120.97773786,14.6138576],[120.9775742,14.61388807],[120.97729609,14.61395138],[120.97714911,14.61396947],[120.97715706,14.61400865],[120.977463,14.61527253],[120.97786677,14.61515763],[120.97807344,14.61512694]]]]}},{"type":"Feature","properties":{"psgc_code":"1303901252","adm4_en":"Barangay 252","district":"Tondo"},"geometry":{"type":"MultiPolygon","coordinates":[[[[120.97715706,14.61400865],[120.97714911,14.61396947],[120.97712031,14.61387256],[120.97703542,14.61388878],[120.97699443,14.61371415],[120.97662561,14.61379778],[120.9766893,14.61405253],[120.97683727,14.6146931],[120.97701519,14.61538448],[120.977463,14.61527253],[120.97715706,14.61400865]]]]}},{"type":"Feature","properties":{"psgc_code":"1303901253","adm4_en":"Barangay 253","district":"Tondo"},"geometry":{"type":"MultiPolygon","coordinates":[[[[120.97837094,14.61505674],[120.97803031,14.61364254],[120.97818302,14.61359251],[120.97877018,14.61345033],[120.97964627,14.61340314],[120.97962014,14.61334784],[120.97956111,14.61323929],[120.97955114,14.61322096],[120.97950466,14.61310421],[120.97869548,14.61314056],[120.9786671,14.61297955],[120.97840813,14.61305698],[120.97820222,14.61311385],[120.97785099,14.61312624],[120.97766917,14.61315724],[120.97742124,14.61316963],[120.97713405,14.61316137],[120.97650677,14.61331702],[120.97662561,14.61379778],[120.97699443,14.61371415],[120.97703542,14.61388878],[120.97712031,14.61387256],[120.97714911,14.61396947],[120.97729609,14.61395138],[120.9775742,14.61388807],[120.97773786,14.6138576],[120.97807344,14.61512694],[120.97821745,14.6150973],[120.97837094,14.61505674]]]]}},{"type":"Feature","properties":{"psgc_code":"1303901254","adm4_en":"Barangay 254","district":"Tondo"},"geometry":{"type":"MultiPolygon","coordinates":[[[[120.97742124,14.61316963],[120.97766917,14.61315724],[120.97785099,14.61312624],[120.97773593,14.61241001],[120.97769191,14.61228086],[120.97765152,14.61219934],[120.97806736,14.61201122],[120.97784757,14.61067062],[120.97783869,14.6106224],[120.97782419,14.6105296],[120.97771067,14.61042216],[120.97764475,14.61054555],[120.97755616,14.61061496],[120.97738615,14.61076358],[120.97720024,14.61078555],[120.97705826,14.61081259],[120.97676586,14.61078048],[120.97651904,14.61077254],[120.97600965,14.61075055],[120.9760773,14.61114521],[120.97619552,14.61183322],[120.97634697,14.61255587],[120.97650677,14.61331702],[120.97713405,14.61316137],[120.97742124,14.61316963]]]]}},{"type":"Feature","properties":{"psgc_code":"1303901255","adm4_en":"Barangay 255","district":"Tondo"},"geometry":{"type":"MultiPolygon","coordinates":[[[[120.97876047,14.61496614],[120.97883182,14.61495112],[120.97912657,14.6148861],[120.97942004,14.61482085],[120.97933874,14.61453651],[120.97932822,14.61437873],[120.97928384,14.6141994],[120.97928436,14.61415473],[120.97930462,14.61411838],[120.97946616,14.61398281],[120.97974989,14.61372958],[120.97975702,14.61371198],[120.97975829,14.61369517],[120.97972673,14.61360721],[120.97967903,14.61348027],[120.97964627,14.61340314],[120.97877018,14.61345033],[120.97818302,14.61359251],[120.97803031,14.61364254],[120.97837094,14.61505674],[120.97851639,14.6150187],[120.97876047,14.61496614]]]]}},{"type":"Feature","properties":{"psgc_code":"1303901256","adm4_en":"Barangay 256","district":"Tondo"},"geometry":{"type":"MultiPolygon","coordinates":[[[[120.97877159,14.61656752],[120.97881358,14.61646037],[120.97885225,14.616355],[120.97894927,14.61617901],[120.97904628,14.61599625],[120.97918666,14.6157071],[120.9792674,14.61553823],[120.97934862,14.61538029],[120.97940052,14.6152404],[120.97942117,14.6151315],[120.97942004,14.61482085],[120.97912657,14.6148861],[120.97883182,14.61495112],[120.97876047,14.61496614],[120.97851639,14.6150187],[120.97837094,14.61505674],[120.97821745,14.6150973],[120.97807344,14.61512694],[120.97786677,14.61515763],[120.97799467,14.6157229],[120.97812908,14.616262],[120.97815713,14.61663066],[120.97851959,14.6165934],[120.97877159,14.61656752]]]]}},{"type":"Feature","properties":{"psgc_code":"1303901257","adm4_en":"Barangay 257","district":"Tondo"},"geometry":{"type":"MultiPolygon","coordinates":[[[[120.97885323,14.61162125],[120.97898144,14.61155641],[120.97920327,14.61144679],[120.97914429,14.61137497],[120.97911442,14.6113124],[120.97908636,14.61124128],[120.97907462,14.61119039],[120.97905439,14.61113689],[120.97904917,14.61110427],[120.97902633,14.61108469],[120.97898523,14.61107556],[120.97890367,14.61106512],[120.97883059,14.61105337],[120.97876796,14.61105729],[120.9787001,14.61106251],[120.97860288,14.61103837],[120.97846391,14.61099791],[120.97837264,14.61096396],[120.97829166,14.61089939],[120.97821597,14.6108498],[120.97815138,14.61079173],[120.97810962,14.61075324],[120.97805677,14.610703],[120.9780124,14.61066711],[120.9779589,14.61060643],[120.97790333,14.61054398],[120.97787933,14.61048553],[120.97782419,14.6105296],[120.97783869,14.6106224],[120.97784757,14.61067062],[120.97806736,14.61201122],[120.9784827,14.611813],[120.97885323,14.61162125]]]]}},{"type":"Feature","properties":{"psgc_code":"1303901258","adm4_en":"Barangay 258","district":"Tondo"},"geometry":{"type":"MultiPolygon","coordinates":[[[[120.97947448,14.61308151],[120.97944084,14.6130854],[120.9793878,14.61307763],[120.97933669,14.61306081],[120.97924936,14.61303623],[120.97919608,14.61299976],[120.97906678,14.61291121],[120.97903636,14.61288405],[120.97903202,14.61285797],[120.97903702,14.61282552],[120.97907953,14.61270742],[120.97921179,14.61234842],[120.97922715,14.61208639],[120.97925431,14.61189968],[120.97923534,14.61152615],[120.97920327,14.61144679],[120.97898144,14.61155641],[120.97885323,14.61162125],[120.9784827,14.611813],[120.97806736,14.61201122],[120.97765152,14.61219934],[120.97769191,14.61228086],[120.97773593,14.61241001],[120.97785099,14.61312624],[120.97820222,14.61311385],[120.97840813,14.61305698],[120.9786671,14.61297955],[120.97869548,14.61314056],[120.97950466,14.61310421],[120.97947448,14.61308151]]]]}},{"type":"Feature","properties":{"psgc_code":"1303901259","adm4_en":"Barangay 259","district":"Tondo"},"geometry":{"type":"MultiPolygon","coordinates":[[[[120.97745329,14.60906733],[120.97744778,14.60893791],[120.97741749,14.60885531],[120.97740372,14.60876719],[120.97737619,14.6086543],[120.97733986,14.60848386],[120.97726119,14.60824785],[120.97727259,14.60812155],[120.97719376,14.60806241],[120.9771769,14.60791069],[120.97714319,14.60775897],[120.97713195,14.60753982],[120.97712633,14.60734315],[120.97711509,14.60707904],[120.97709261,14.6068936],[120.97703268,14.60671382],[120.9770308,14.60670817],[120.97679479,14.60646092],[120.97661717,14.60625548],[120.97650172,14.60616702],[120.97624983,14.60603658],[120.97605193,14.60591814],[120.97599645,14.60587766],[120.97596496,14.60582368],[120.97587201,14.60564226],[120.97569868,14.60571257],[120.97536234,14.60584901],[120.97484903,14.6060469],[120.97509706,14.60683993],[120.97536774,14.60753253],[120.97551901,14.60793058],[120.9755827,14.6081694],[120.97574988,14.6091884],[120.97712611,14.60905454],[120.97745329,14.60906733]]]]}},{"type":"Feature","properties":{"psgc_code":"1303901260","adm4_en":"Barangay 260","district":"Tondo"},"geometry":{"type":"MultiPolygon","coordinates":[[[[120.9791722,14.60722659],[120.97909531,14.6070502],[120.97902747,14.60689642],[120.97896495,14.60674437],[120.97851407,14.60557439],[120.97846454,14.6054813],[120.97842783,14.6053659],[120.97839111,14.60525575],[120.9783439,14.60517707],[120.97830718,14.60507741],[120.97828096,14.60499348],[120.97822326,14.60490956],[120.97821204,14.60475247],[120.97808512,14.60480096],[120.9775743,14.60499362],[120.97688839,14.60523857],[120.97702167,14.60549718],[120.97718208,14.60583648],[120.97737084,14.60616699],[120.9781877,14.60766872],[120.97859016,14.60747683],[120.9791722,14.60722659]]]]}},{"type":"Feature","properties":{"psgc_code":"1303901261","adm4_en":"Barangay 261","district":"Tondo"},"geometry":{"type":"MultiPolygon","coordinates":[[[[120.98053057,14.61065031],[120.98050325,14.61047139],[120.98053234,14.61036825],[120.98052054,14.61021089],[120.980493,14.61011255],[120.9804812,14.60995519],[120.98045509,14.60980938],[120.98039478,14.60965946],[120.98031637,14.60945192],[120.98024258,14.60920287],[120.98020569,14.60906912],[120.98009713,14.60884871],[120.98002919,14.60888958],[120.97932906,14.60932823],[120.98024215,14.61087669],[120.98036165,14.61090323],[120.98052449,14.61094542],[120.98054471,14.61080236],[120.98053057,14.61065031]]]]}},{"type":"Feature","properties":{"psgc_code":"1303901262","adm4_en":"Barangay 262","district":"Tondo"},"geometry":{"type":"MultiPolygon","coordinates":[[[[120.97847499,14.61000973],[120.97932906,14.60932823],[120.98002919,14.60888958],[120.98009713,14.60884871],[120.97999086,14.60870108],[120.97990493,14.6085654],[120.9798009,14.60842518],[120.97973295,14.60831037],[120.97900052,14.60877633],[120.97886281,14.60858339],[120.97860723,14.60829797],[120.97841598,14.60805121],[120.9781877,14.60766872],[120.97732344,14.60811025],[120.97727259,14.60812155],[120.97726119,14.60824785],[120.97733986,14.60848386],[120.97737619,14.6086543],[120.97740372,14.60876719],[120.97741749,14.60885531],[120.97744778,14.60893791],[120.97745329,14.60906733],[120.9774588,14.6091582],[120.97756343,14.60948587],[120.9776577,14.60980709],[120.97769773,14.60993251],[120.97772856,14.6100291],[120.97779941,14.61021805],[120.97784665,14.61040699],[120.97787933,14.61048553],[120.97794368,14.61043369],[120.97847499,14.61000973]]]]}},{"type":"Feature","properties":{"psgc_code":"1303901263","adm4_en":"Barangay 263","district":"Tondo"},"geometry":{"type":"MultiPolygon","coordinates":[[[[120.97966973,14.60820356],[120.97960189,14.60809953],[120.97952047,14.60796384],[120.97944358,14.60780101],[120.97938478,14.60766985],[120.9791722,14.60722659],[120.97859016,14.60747683],[120.9781877,14.60766872],[120.97841598,14.60805121],[120.97860723,14.60829797],[120.97886281,14.60858339],[120.97900052,14.60877633],[120.97973295,14.60831037],[120.97966973,14.60820356]]]]}},{"type":"Feature","properties":{"psgc_code":"1303901264","adm4_en":"Barangay 264","district":"Tondo"},"geometry":{"type":"MultiPolygon","coordinates":[[[[120.97993587,14.61104624],[120.98024215,14.61087669],[120.97932906,14.60932823],[120.97847499,14.61000973],[120.97794368,14.61043369],[120.97787933,14.61048553],[120.97790333,14.61054398],[120.9779589,14.61060643],[120.9780124,14.61066711],[120.97805677,14.610703],[120.97810962,14.61075324],[120.97815138,14.61079173],[120.97821597,14.6108498],[120.97829166,14.61089939],[120.97837264,14.61096396],[120.97846391,14.61099791],[120.97860288,14.61103837],[120.9787001,14.61106251],[120.97876796,14.61105729],[120.97883059,14.61105337],[120.97890367,14.61106512],[120.97898523,14.61107556],[120.97969835,14.61066278],[120.97993587,14.61104624]]]]}},{"type":"Feature","properties":{"psgc_code":"1303901265","adm4_en":"Barangay 265","district":"Tondo"},"geometry":{"type":"MultiPolygon","coordinates":[[[[120.97978135,14.6119181],[120.97985571,14.61169082],[120.98008902,14.61181297],[120.980133,14.61182109],[120.98030071,14.61191627],[120.98035729,14.61173239],[120.98041603,14.6114825],[120.98050719,14.61116816],[120.98051819,14.61109273],[120.98052449,14.61094542],[120.98036165,14.61090323],[120.98024215,14.61087669],[120.97993587,14.61104624],[120.97969835,14.61066278],[120.97898523,14.61107556],[120.97902633,14.61108469],[120.97904917,14.61110427],[120.97905439,14.61113689],[120.97907462,14.61119039],[120.97908636,14.61124128],[120.97911442,14.6113124],[120.97914429,14.61137497],[120.97920327,14.61144679],[120.97923534,14.61152615],[120.97925431,14.61189968],[120.97935402,14.61193361],[120.97941933,14.61181457],[120.97978135,14.6119181]]]]}},{"type":"Feature","properties":{"psgc_code":"1303901266","adm4_en":"Barangay 266","district":"Tondo"},"geometry":{"type":"MultiPolygon","coordinates":[[[[120.9781877,14.60766872],[120.97737084,14.60616699],[120.97718208,14.60583648],[120.97702167,14.60549718],[120.97688839,14.60523857],[120.97654179,14.60537623],[120.97602899,14.60557991],[120.97587201,14.60564226],[120.97596496,14.60582368],[120.97599645,14.60587766],[120.97605193,14.60591814],[120.97624983,14.60603658],[120.97650172,14.60616702],[120.97661717,14.60625548],[120.97679479,14.60646092],[120.9770308,14.60670817],[120.97703268,14.60671382],[120.97709261,14.6068936],[120.97711509,14.60707904],[120.97712633,14.60734315],[120.97713195,14.60753982],[120.97714319,14.60775897],[120.9771769,14.60791069],[120.97719376,14.60806241],[120.97727259,14.60812155],[120.97732344,14.60811025],[120.9781877,14.60766872]]]]}},{"type":"Feature","properties":{"psgc_code":"1303901267","adm4_en":"Barangay 267","district":"Tondo"},"geometry":{"type":"MultiPolygon","coordinates":[[[[120.97975452,14.6130532],[120.97990016,14.61293705],[120.97992099,14.61291264],[120.97996252,14.61286396],[120.97997711,14.61274718],[120.97998198,14.61266933],[120.97996252,14.61245037],[120.98002577,14.61234333],[120.98011955,14.61226229],[120.98015274,14.61216642],[120.98024944,14.61206401],[120.98030071,14.61191627],[120.980133,14.61182109],[120.98008902,14.61181297],[120.97985571,14.61169082],[120.97978135,14.6119181],[120.97941933,14.61181457],[120.97935402,14.61193361],[120.97925431,14.61189968],[120.97922715,14.61208639],[120.97921179,14.61234842],[120.97907953,14.61270742],[120.97903702,14.61282552],[120.97903202,14.61285797],[120.97903636,14.61288405],[120.97906678,14.61291121],[120.97919608,14.61299976],[120.97924936,14.61303623],[120.97933669,14.61306081],[120.9793878,14.61307763],[120.97944084,14.6130854],[120.97947448,14.61308151],[120.97950466,14.61310421],[120.979572,14.61311588],[120.97966049,14.61310298],[120.97975452,14.6130532]]]]}},{"type":"Feature","properties":{"psgc_code":"1303901268","adm4_en":"Barangay 268","district":"San Nicolas"},"geometry":{"type":"MultiPolygon","coordinates":[[[[120.97102263,14.60554738],[120.97106037,14.60535871],[120.9710981,14.6052518],[120.97117986,14.60514488],[120.97126791,14.60503797],[120.97141256,14.60496879],[120.97151947,14.6048996],[120.97159494,14.60483042],[120.97171444,14.6047298],[120.97184022,14.60442792],[120.97203752,14.60362934],[120.97210436,14.60335877],[120.97199394,14.60331168],[120.97192033,14.6032671],[120.97183635,14.60319971],[120.97178362,14.60311349],[120.97158237,14.60284306],[120.97136854,14.60259779],[120.97128777,14.60253577],[120.97122406,14.60249387],[120.97107474,14.60264468],[120.9707237,14.60294347],[120.97047661,14.60320884],[120.97121788,14.60370299],[120.96969859,14.60505482],[120.97013953,14.60552023],[120.97023139,14.60561208],[120.97032684,14.60567945],[120.9703355,14.60568557],[120.97043349,14.60573456],[120.97074721,14.60585261],[120.97085642,14.60589361],[120.97090218,14.60591071],[120.97097232,14.60567317],[120.97102263,14.60554738]]]]}},{"type":"Feature","properties":{"psgc_code":"1303901269","adm4_en":"Barangay 269","district":"San Nicolas"},"geometry":{"type":"MultiPolygon","coordinates":[[[[120.97047661,14.60320884],[120.96984517,14.60277875],[120.96953402,14.60254083],[120.96837964,14.60365248],[120.96856562,14.60384842],[120.96882284,14.604124],[120.96931889,14.60464452],[120.96969859,14.60505482],[120.97121788,14.60370299],[120.97047661,14.60320884]]]]}},{"type":"Feature","properties":{"psgc_code":"1303901270","adm4_en":"Barangay 270","district":"San Nicolas"},"geometry":{"type":"MultiPolygon","coordinates":[[[[120.96901853,14.60212541],[120.96931384,14.60183855],[120.96904245,14.6015438],[120.96866113,14.60120109],[120.96954903,14.60022595],[120.96913182,14.59989779],[120.96875423,14.60032255],[120.96830112,14.60084169],[120.9680986,14.60106397],[120.96793297,14.60124757],[120.9677484,14.60147114],[120.96760127,14.60164115],[120.96741133,14.60185957],[120.96731245,14.60201228],[120.96724334,14.60210265],[120.96717424,14.60214783],[120.96745001,14.60247761],[120.96797156,14.60315641],[120.96858893,14.60256344],[120.96901853,14.60212541]]]]}},{"type":"Feature","properties":{"psgc_code":"1303901271","adm4_en":"Barangay 271","district":"San Nicolas"},"geometry":{"type":"MultiPolygon","coordinates":[[[[120.96984517,14.60277875],[120.97047661,14.60320884],[120.9707237,14.60294347],[120.97107474,14.60264468],[120.97122406,14.60249387],[120.97119587,14.60243605],[120.97121347,14.60236762],[120.97125649,14.60229527],[120.97131976,14.60218612],[120.97149785,14.60196518],[120.97138507,14.6019018],[120.97113855,14.60167776],[120.97079618,14.60142984],[120.97052472,14.60117669],[120.97020141,14.60087168],[120.96992311,14.60059088],[120.96954903,14.60022595],[120.96866113,14.60120109],[120.96904245,14.6015438],[120.96931384,14.60183855],[120.96901853,14.60212541],[120.96858893,14.60256344],[120.96797156,14.60315641],[120.96837964,14.60365248],[120.96953402,14.60254083],[120.96984517,14.60277875]]]]}},{"type":"Feature","properties":{"psgc_code":"1303901272","adm4_en":"Barangay 272","district":"San Nicolas"},"geometry":{"type":"MultiPolygon","coordinates":[[[[120.96826336,14.59998274],[120.96773474,14.59961462],[120.96733828,14.59929369],[120.96672986,14.59879095],[120.96664817,14.59884905],[120.96632887,14.59899668],[120.96620833,14.59905096],[120.96627708,14.59920391],[120.96624446,14.59922411],[120.9663128,14.59944311],[120.96632267,14.59956756],[120.96656024,14.59957326],[120.96655667,14.59969312],[120.96665451,14.59969783],[120.9669303,14.59987424],[120.96705808,14.59968524],[120.96744211,14.60001105],[120.96790465,14.60044525],[120.96830112,14.60084169],[120.96875423,14.60032255],[120.96826336,14.59998274]]]]}},{"type":"Feature","properties":{"psgc_code":"1303901273","adm4_en":"Barangay 273","district":"San Nicolas"},"geometry":{"type":"MultiPolygon","coordinates":[[[[120.96865983,14.59949191],[120.96812177,14.59907659],[120.96773475,14.5987651],[120.96721557,14.59836866],[120.96715404,14.59831582],[120.96708342,14.59825539],[120.96703438,14.59833039],[120.96690305,14.59852221],[120.96666459,14.59861163],[120.96640909,14.59861163],[120.96664817,14.59884905],[120.96672986,14.59879095],[120.96733828,14.59929369],[120.96773474,14.59961462],[120.96826336,14.59998274],[120.96875423,14.60032255],[120.96913182,14.59989779],[120.96865983,14.59949191]]]]}},{"type":"Feature","properties":{"psgc_code":"1303901274","adm4_en":"Barangay 274","district":"San Nicolas"},"geometry":{"type":"MultiPolygon","coordinates":[[[[120.96676028,14.60149835],[120.96676597,14.60143003],[120.96677166,14.60138448],[120.96677736,14.60133323],[120.96682006,14.60127345],[120.96686561,14.60123075],[120.96689977,14.60112257],[120.9669197,14.60098877],[120.96692824,14.60086066],[120.96695955,14.60072402],[120.96695955,14.60065285],[120.96698802,14.60057883],[120.96702676,14.60053964],[120.96721737,14.60029239],[120.96744211,14.60001105],[120.96705808,14.59968524],[120.9669303,14.59987424],[120.96690549,14.59991081],[120.96686393,14.59997014],[120.96679894,14.60006361],[120.96666195,14.60025925],[120.96662778,14.60031014],[120.96661286,14.60033234],[120.96656055,14.60040361],[120.96647701,14.60052452],[120.96644812,14.60056613],[120.96630557,14.60076928],[120.96608543,14.60108043],[120.96617225,14.60116688],[120.96623611,14.60122946],[120.9663201,14.60131202],[120.96635383,14.60134689],[120.96662831,14.60162644],[120.96671188,14.60170047],[120.96674035,14.60159799],[120.96676028,14.60149835]]]]}},{"type":"Feature","properties":{"psgc_code":"1303901275","adm4_en":"Barangay 275","district":"San Nicolas"},"geometry":{"type":"MultiPolygon","coordinates":[[[[120.96644812,14.60056613],[120.96647701,14.60052452],[120.96656055,14.60040361],[120.96661286,14.60033234],[120.96662778,14.60031014],[120.96666195,14.60025925],[120.96679894,14.60006361],[120.96686393,14.59997014],[120.96690549,14.59991081],[120.9669303,14.59987424],[120.96665451,14.59969783],[120.96655667,14.59969312],[120.96656024,14.59957326],[120.96632267,14.59956756],[120.9663128,14.59944311],[120.96624446,14.59922411],[120.96627708,14.59920391],[120.96620833,14.59905096],[120.96632887,14.59899668],[120.96664817,14.59884905],[120.96640909,14.59861163],[120.96623449,14.59847962],[120.96617062,14.59839872],[120.96611952,14.59827948],[120.96606393,14.59817987],[120.96593178,14.59801941],[120.96621061,14.59761551],[120.96651129,14.59715102],[120.9668991,14.59655591],[120.96698635,14.59642177],[120.96730944,14.59591879],[120.96712217,14.59591664],[120.96706727,14.59599881],[120.96677921,14.59641979],[120.9667769,14.59641867],[120.9665883,14.59641557],[120.9658406,14.59640528],[120.96538714,14.59641203],[120.9653721,14.59640979],[120.96536747,14.59640195],[120.96536283,14.59639747],[120.96532232,14.59639411],[120.9653088,14.59638202],[120.96530242,14.59638202],[120.96528977,14.59638734],[120.96527723,14.59639796],[120.96526191,14.59640503],[120.9651697,14.5964165],[120.96516334,14.59641209],[120.96515331,14.59640944],[120.96514325,14.59641032],[120.96511946,14.59641649],[120.96511307,14.59641561],[120.96510853,14.59641208],[120.96510219,14.5964015],[120.96508034,14.59638649],[120.9650639,14.59638649],[120.96505201,14.59639091],[120.96504287,14.59639709],[120.96503008,14.59640855],[120.96502277,14.59641912],[120.96501457,14.59642527],[120.96499545,14.59643142],[120.96490819,14.59643139],[120.96487669,14.59643333],[120.96485007,14.59642774],[120.96484312,14.59642214],[120.96484312,14.59641877],[120.96483386,14.59641429],[120.96474936,14.59641766],[120.96472621,14.5964143],[120.96466667,14.59641977],[120.96462384,14.59641865],[120.96460747,14.59642604],[120.96460022,14.59642604],[120.96457396,14.59643216],[120.96456129,14.59643303],[120.96451696,14.59643301],[120.96448799,14.59642514],[120.9644663,14.59642513],[120.96445638,14.59642775],[120.96445279,14.59643037],[120.96442029,14.59643036],[120.96441126,14.59642948],[120.96439044,14.59642336],[120.96437148,14.59642161],[120.96433276,14.59642422],[120.96430761,14.59642858],[120.96427623,14.59643642],[120.96424731,14.59643992],[120.96422193,14.59643993],[120.96420192,14.59643733],[120.96417106,14.59643735],[120.96415347,14.59642862],[120.96416016,14.59640447],[120.96416569,14.59639668],[120.96417037,14.5963863],[120.96417075,14.59636293],[120.96416291,14.59634386],[120.96416023,14.59634126],[120.96415247,14.59631517],[120.96415348,14.5963082],[120.96417259,14.59630467],[120.9641974,14.59628629],[120.96418938,14.59617022],[120.96414922,14.5961667],[120.96389889,14.59616328],[120.96387681,14.5961908],[120.96369845,14.59621311],[120.96361381,14.5962256],[120.9636317,14.59632242],[120.96366159,14.5963522],[120.96366512,14.59640154],[120.96316353,14.59639444],[120.9631627,14.59634782],[120.96315822,14.59634339],[120.96275271,14.5963594],[120.96275869,14.59643469],[120.96276868,14.59643796],[120.96276311,14.59644117],[120.96275974,14.59644761],[120.96275747,14.59645836],[120.96275189,14.59646264],[120.96274524,14.59645938],[120.96274063,14.59645442],[120.96273285,14.59645438],[120.96273173,14.59645546],[120.9627328,14.59646514],[120.96273056,14.59646944],[120.96272277,14.59647048],[120.96270947,14.59646182],[120.96270503,14.59646072],[120.96270285,14.59645103],[120.96269619,14.59644778],[120.96268841,14.59644882],[120.96268505,14.59645311],[120.96267169,14.59645843],[120.96265611,14.59646052],[120.96263722,14.59645936],[120.96262721,14.5964604],[120.96262166,14.5964593],[120.96262284,14.59644316],[120.96261952,14.59643885],[120.96260682,14.59644111],[120.96259952,14.59643769],[120.96259283,14.59644089],[120.9625917,14.59644626],[120.96258835,14.59644947],[120.96258056,14.59645052],[120.96257505,14.59644081],[120.96255616,14.5964375],[120.9625506,14.59643963],[120.96254835,14.59644393],[120.96254944,14.59644931],[120.9625483,14.59645468],[120.96254052,14.59645573],[120.96253497,14.59645355],[120.96253395,14.59643311],[120.96252284,14.59643091],[120.96249727,14.59643188],[120.96248389,14.59643935],[120.96247881,14.59643147],[120.96247252,14.59640304],[120.96246802,14.59639148],[120.96246923,14.59635052],[120.96247204,14.5963425],[120.9624722,14.5963202],[120.96247049,14.59630324],[120.96246604,14.59628269],[120.96246526,14.59626569],[120.96245983,14.59625584],[120.96244338,14.5962397],[120.96242319,14.59622535],[120.96241496,14.59621637],[120.96240762,14.59621098],[120.96238273,14.59621095],[120.96234217,14.5962037],[120.96232554,14.59620727],[120.9623172,14.59621444],[120.96231069,14.5962279],[120.96230786,14.59624315],[120.96230783,14.59625301],[120.96230596,14.59625839],[120.96229856,14.59626466],[120.96228839,14.59626913],[120.96227731,14.59627181],[120.96226162,14.5962709],[120.96222654,14.59626101],[120.96218402,14.59625827],[120.96215534,14.59625196],[120.96213219,14.59624924],[120.96207936,14.59624919],[120.96205464,14.59626354],[120.96204726,14.59626444],[120.96204257,14.59627252],[120.96204237,14.59629407],[120.96203943,14.59631201],[120.9620338,14.59632367],[120.96202545,14.59632904],[120.96201251,14.59633352],[120.96199776,14.59633352],[120.96193693,14.59632544],[120.96190735,14.59632902],[120.96189619,14.59634158],[120.96188778,14.59635683],[120.9618859,14.59636221],[120.96188951,14.59637565],[120.96190051,14.59638729],[120.96191982,14.59639712],[120.96194191,14.59640337],[120.961952,14.59640963],[120.96195931,14.59641677],[120.96196203,14.59642213],[120.96196197,14.59643017],[120.96195547,14.59643821],[120.9619048,14.59643826],[120.96185044,14.59642759],[120.96184306,14.59642759],[120.96179877,14.59641779],[120.96178213,14.5964178],[120.96176362,14.5964214],[120.96174324,14.59643216],[120.9617321,14.5964438],[120.96172838,14.59645007],[120.96172004,14.59645634],[120.9616932,14.59646084],[120.96161632,14.59646094],[120.96159407,14.59645649],[120.96156345,14.59645384],[120.9615458,14.59644848],[120.96153186,14.59643863],[120.96152442,14.59642966],[120.96151792,14.59642606],[120.9615105,14.59642516],[120.96148082,14.59642604],[120.96145768,14.59643409],[120.96144936,14.59643856],[120.9614364,14.59644035],[120.96141696,14.59644033],[120.96138641,14.59643493],[120.96136514,14.59643492],[120.96131571,14.5964304],[120.96127574,14.59642948],[120.96124792,14.5964223],[120.96124143,14.59641961],[120.96123589,14.59641514],[120.96122669,14.59639991],[120.96122125,14.59637662],[120.9612019,14.59634613],[120.96118241,14.59634075],[120.96115547,14.59634076],[120.96113875,14.59634345],[120.9611285,14.59635421],[120.96111358,14.59637482],[120.96110074,14.59640567],[120.96107519,14.59640126],[120.96105295,14.59640116],[120.96103296,14.59639785],[120.96102187,14.59639135],[120.96101746,14.5963838],[120.96101639,14.59637304],[120.96100754,14.59636332],[120.96098952,14.59636049],[120.96098767,14.5963587],[120.96095253,14.5963596],[120.96093774,14.59635513],[120.96092573,14.59635513],[120.96089801,14.59634619],[120.9608897,14.59634619],[120.96085833,14.59634977],[120.96083713,14.59635782],[120.96082331,14.59636853],[120.96081777,14.59637032],[120.96079377,14.59636943],[120.96077856,14.59637096],[120.96076633,14.59636983],[120.9607419,14.59636435],[120.96071634,14.59636209],[120.96069633,14.59636308],[120.96066625,14.59637586],[120.96064174,14.59638867],[120.96061172,14.59638962],[120.96059391,14.59639277],[120.96056719,14.59640234],[120.96055386,14.59640014],[120.96054249,14.59640425],[120.96052592,14.59641314],[120.96048545,14.59641309],[120.96045948,14.59641839],[120.96045299,14.59641838],[120.96043718,14.59642368],[120.96041948,14.59643341],[120.96039084,14.59643336],[120.96037231,14.59644041],[120.96035476,14.59644392],[120.96033996,14.59645008],[120.96031142,14.59645267],[120.96029026,14.59645703],[120.96025079,14.59645871],[120.96024253,14.59646046],[120.96023519,14.59646484],[120.9602187,14.59646568],[120.96021413,14.59646391],[120.96020594,14.59645157],[120.96019957,14.59643747],[120.96019414,14.5964154],[120.96019418,14.59639772],[120.96020525,14.59637559],[120.96020804,14.59636673],[120.96020716,14.59635341],[120.96018608,14.59633209],[120.96017806,14.59633306],[120.96017069,14.59633128],[120.96013114,14.59633126],[120.96012748,14.59633038],[120.96009837,14.59630913],[120.96009197,14.59630647],[120.96008743,14.59630115],[120.96007182,14.59630027],[120.96006077,14.59630293],[120.9600424,14.59630293],[120.96000017,14.59629761],[120.95999101,14.59629318],[120.95997914,14.59628164],[120.95996353,14.59627808],[120.95993227,14.59627631],[120.959924,14.59627364],[120.9599139,14.59626742],[120.95989643,14.59626386],[120.95986759,14.59624886],[120.95984351,14.59622382],[120.95983011,14.59622036],[120.95979617,14.59622037],[120.959781,14.59622469],[120.9597721,14.5962342],[120.95977034,14.59624111],[120.95977041,14.59626267],[120.95976775,14.59626784],[120.95976509,14.59627128],[120.9597553,14.59627387],[120.95972945,14.59627215],[120.95970622,14.59626267],[120.95968832,14.59625233],[120.95968203,14.59624543],[120.95968019,14.59623766],[120.9596801,14.59622556],[120.95967737,14.59621865],[120.95967106,14.59621086],[120.959663,14.59620826],[120.95965139,14.59620913],[120.95961578,14.59622298],[120.95956966,14.59624889],[120.95955092,14.59624717],[120.95954736,14.59624458],[120.9595385,14.59623163],[120.95953322,14.5962126],[120.95953238,14.59619875],[120.95952706,14.59618921],[120.95952707,14.59618487],[120.95954156,14.5961475],[120.95954165,14.59612746],[120.95952647,14.59611088],[120.95951214,14.59610127],[120.95949868,14.59609602],[120.95948164,14.59608465],[120.95946637,14.59608465],[120.95946187,14.5960864],[120.95945019,14.59609603],[120.95944031,14.59610827],[120.95943133,14.59610739],[120.95940797,14.59608903],[120.95939716,14.5960724],[120.95936749,14.59607415],[120.95936389,14.5960724],[120.9593531,14.59607152],[120.95934949,14.59606802],[120.95934671,14.59604784],[120.95933768,14.59604081],[120.95933047,14.59603905],[120.95931782,14.59603202],[120.95930072,14.59603378],[120.95929443,14.59603554],[120.95928995,14.59603905],[120.95928645,14.59605399],[120.95928477,14.59607153],[120.95927589,14.5960873],[120.95925971,14.59608555],[120.95922088,14.59606628],[120.95921183,14.59606014],[120.95918567,14.596054],[120.95916318,14.596054],[120.95912994,14.59605751],[120.95911021,14.5960619],[120.95909858,14.59606629],[120.95903971,14.59609344],[120.95902643,14.59610393],[120.95900752,14.59611578],[120.958994,14.59612718],[120.95893024,14.59616827],[120.95890158,14.59619173],[120.95888458,14.59620128],[120.95884433,14.59621861],[120.9588157,14.596229],[120.95873444,14.5962663],[120.9586845,14.59628276],[120.95866312,14.59629142],[120.95865335,14.59629748],[120.95862576,14.59630786],[120.95860534,14.59631996],[120.95857428,14.5963355],[120.95856016,14.5963493],[120.95853495,14.59636363],[120.95851706,14.59637055],[120.95849832,14.59637487],[120.95848844,14.59638352],[120.95848118,14.59639906],[120.95847402,14.59640768],[120.95845977,14.59641716],[120.95845,14.59641974],[120.95844024,14.59641887],[120.95842429,14.59641369],[120.95841367,14.59640419],[120.95841375,14.59638693],[120.95841738,14.59637052],[120.9584175,14.59634286],[120.95841218,14.59633766],[120.95839977,14.59632725],[120.95839,14.59632291],[120.95837842,14.59632116],[120.9583606,14.59632286],[120.95835525,14.59632459],[120.95834632,14.59633064],[120.95832848,14.59633581],[120.95832222,14.59634533],[120.95831592,14.59637215],[120.9583132,14.59639722],[120.95831051,14.59640586],[120.95830604,14.59641276],[120.95829803,14.59641362],[120.95829001,14.59641707],[120.95827752,14.59643001],[120.95826772,14.59643433],[120.95824812,14.59643777],[120.95822049,14.59643949],[120.95817591,14.5964533],[120.95816432,14.5964602],[120.95814202,14.59646538],[120.95811703,14.59646538],[120.95811345,14.59646365],[120.95810359,14.5964507],[120.95810089,14.59644292],[120.95809193,14.59643341],[120.95805257,14.5964334],[120.95803824,14.59643079],[120.95802478,14.5964256],[120.95802029,14.59642213],[120.95800856,14.59640393],[120.95798259,14.59640912],[120.95797188,14.59641864],[120.95796654,14.5964273],[120.95795761,14.59643423],[120.95795046,14.59643683],[120.95791726,14.59643682],[120.95788756,14.59642727],[120.95786956,14.5964238],[120.95786055,14.59642032],[120.95785515,14.59642032],[120.95784794,14.59641772],[120.95784341,14.59641337],[120.95783517,14.59639687],[120.95782601,14.5963671],[120.95781084,14.5963686],[120.95780383,14.59636432],[120.95779934,14.59635697],[120.9577917,14.5963533],[120.95777502,14.59633444],[120.95774188,14.59633198],[120.95772532,14.59633444],[120.95769981,14.59633321],[120.95768191,14.59632458],[120.95766394,14.59630238],[120.95765113,14.59629621],[120.95763325,14.59629497],[120.95762557,14.5962925],[120.95761407,14.59629249],[120.95758206,14.59628507],[120.9575616,14.59628506],[120.95755524,14.59629],[120.95755144,14.59629494],[120.95755165,14.59632579],[120.95754657,14.59633072],[120.95754147,14.59633196],[120.95753121,14.59632826],[120.95750936,14.59631468],[120.95749781,14.59630974],[120.95747477,14.59630973],[120.95746197,14.59631096],[120.95745176,14.59631466],[120.95745059,14.59632701],[120.95744679,14.59633195],[120.95743912,14.59633441],[120.95742631,14.59633318],[120.95740819,14.59630848],[120.95740558,14.59630107],[120.95739917,14.59629489],[120.95739406,14.59629118],[120.95736749,14.59628171],[120.95735606,14.59629165],[120.95734846,14.59630281],[120.95734721,14.59630901],[120.95734341,14.59631397],[120.95733196,14.59631647],[120.95731419,14.5963264],[120.95729895,14.59633138],[120.95726979,14.59634874],[120.95726218,14.59635122],[120.95725583,14.59635247],[120.95719108,14.59635257],[120.95714917,14.59634523],[120.95709412,14.59634821],[120.95707377,14.5963396],[120.95706995,14.59633468],[120.95707362,14.59629527],[120.95706722,14.59628172],[120.95705446,14.5962657],[120.95705436,14.59624103],[120.95705053,14.5962361],[120.95704034,14.59623117],[120.95702125,14.59622501],[120.95701615,14.59622131],[120.95700216,14.59621762],[120.95697294,14.59621888],[120.95696408,14.59622382],[120.95695903,14.59623],[120.95695523,14.59623123],[120.95694638,14.59623864],[120.95693756,14.59624235],[120.95692638,14.59625717],[120.95691761,14.59626211],[120.95691263,14.59626705],[120.95690132,14.59626829],[120.95686609,14.59626711],[120.95684715,14.59625975],[120.95683581,14.59625731],[120.95682441,14.59624995],[120.95678214,14.59623897],[120.95675879,14.59623994],[120.95673767,14.59623878],[120.9566965,14.59624614],[120.95667147,14.59626846],[120.95665385,14.59628062],[120.9566488,14.59628183],[120.95662749,14.59630613],[120.95661745,14.59631463],[120.95659225,14.59631338],[120.95658596,14.59631458],[120.95657969,14.59631822],[120.95657469,14.59632428],[120.95654461,14.59633879],[120.95654086,14.59634242],[120.9565347,14.59635694],[120.9565285,14.59636661],[120.95650856,14.5963835],[120.95647982,14.59639552],[120.95646481,14.59639911],[120.95644604,14.59640149],[120.95642975,14.59640146],[120.95638841,14.5963953],[120.95637458,14.59638923],[120.95635199,14.59638192],[120.95634701,14.5963819],[120.95633193,14.59637582],[120.95632438,14.59637218],[120.95632055,14.59636735],[120.95631274,14.59635045],[120.95631129,14.59633958],[120.95630611,14.5963299],[120.95628195,14.59631001],[120.95627863,14.59630569],[120.95625643,14.59629807],[120.956232,14.59629258],[120.95621643,14.59629359],[120.95621086,14.5962968],[120.95620639,14.59630108],[120.95619741,14.59632041],[120.95618106,14.5963349],[120.95617106,14.59633975],[120.95615985,14.59634824],[120.95615744,14.59636277],[120.95615,14.59637245],[120.95613507,14.5963809],[120.95612884,14.59638331],[120.95605654,14.59638324],[120.95604531,14.59638082],[120.95600646,14.59637721],[120.95584056,14.59635632],[120.95580199,14.59654215],[120.95602583,14.59662281],[120.95641194,14.59675039],[120.95689477,14.59692295],[120.95757143,14.59722531],[120.95765507,14.59726255],[120.9579349,14.59738698],[120.95823097,14.59751919],[120.95832028,14.59756019],[120.95850034,14.59763879],[120.95898154,14.59785078],[120.95917395,14.59793592],[120.95926412,14.59797363],[120.95949172,14.5980763],[120.95959061,14.59812155],[120.95966604,14.5981555],[120.95971588,14.59817752],[120.9599331,14.5982748],[120.96042385,14.59849179],[120.96047558,14.59851447],[120.96051274,14.5985132],[120.96074543,14.59850519],[120.96090488,14.59850385],[120.96110051,14.59849715],[120.96140868,14.59849447],[120.96147784,14.598492],[120.96162977,14.59848509],[120.96201538,14.59847071],[120.96238989,14.59845657],[120.96247083,14.59845783],[120.96297956,14.59844615],[120.96317275,14.59845181],[120.96320589,14.59845804],[120.96334508,14.59849459],[120.96346627,14.59855818],[120.96356577,14.59865941],[120.96399767,14.59909759],[120.96413029,14.5992243],[120.96442281,14.59948743],[120.96470806,14.59973982],[120.9649427,14.59996858],[120.96513679,14.60015762],[120.96529605,14.60031272],[120.96535057,14.60036535],[120.96535472,14.60036933],[120.96543095,14.60044287],[120.96561257,14.60061676],[120.96565832,14.60066056],[120.96581095,14.6008106],[120.9659278,14.60092548],[120.96608543,14.60108043],[120.96630557,14.60076928],[120.96644812,14.60056613]]]]}},{"type":"Feature","properties":{"psgc_code":"1303901276","adm4_en":"Barangay 276","district":"San Nicolas"},"geometry":{"type":"MultiPolygon","coordinates":[[[[120.96731245,14.60201228],[120.96741133,14.60185957],[120.96760127,14.60164115],[120.9677484,14.60147114],[120.96793297,14.60124757],[120.9680986,14.60106397],[120.96830112,14.60084169],[120.96790465,14.60044525],[120.96744211,14.60001105],[120.96721737,14.60029239],[120.96702676,14.60053964],[120.96698802,14.60057883],[120.96695955,14.60065285],[120.96695955,14.60072402],[120.96692824,14.60086066],[120.9669197,14.60098877],[120.96689977,14.60112257],[120.96686561,14.60123075],[120.96682006,14.60127345],[120.96677736,14.60133323],[120.96677166,14.60138448],[120.96676597,14.60143003],[120.96676028,14.60149835],[120.96674035,14.60159799],[120.96671188,14.60170047],[120.96686278,14.60184612],[120.96717424,14.60214783],[120.96724334,14.60210265],[120.96731245,14.60201228]]]]}},{"type":"Feature","properties":{"psgc_code":"1303901281","adm4_en":"Barangay 281","district":"San Nicolas"},"geometry":{"type":"MultiPolygon","coordinates":[[[[120.97187065,14.60169423],[120.97202988,14.60154904],[120.97217038,14.60141791],[120.97232025,14.60130082],[120.97247012,14.60112754],[120.97259657,14.60092147],[120.97271834,14.60072477],[120.97286352,14.60046719],[120.97307427,14.60012062],[120.97319604,14.59993797],[120.97330376,14.59971785],[120.97342702,14.59950952],[120.97330075,14.59945634],[120.97301287,14.5993124],[120.97215708,14.59876672],[120.97175281,14.59848433],[120.97131977,14.59820075],[120.97095452,14.59863086],[120.97008734,14.59963294],[120.96954903,14.60022595],[120.96992311,14.60059088],[120.97020141,14.60087168],[120.97052472,14.60117669],[120.97079618,14.60142984],[120.97113855,14.60167776],[120.97138507,14.6019018],[120.97149785,14.60196518],[120.97170673,14.60180194],[120.97187065,14.60169423]]]]}},{"type":"Feature","properties":{"psgc_code":"1303901282","adm4_en":"Barangay 282","district":"San Nicolas"},"geometry":{"type":"MultiPolygon","coordinates":[[[[120.97382567,14.59861359],[120.97397648,14.59828841],[120.97414614,14.59793023],[120.97431109,14.59760976],[120.97447604,14.59723273],[120.97455616,14.59703479],[120.97462174,14.59683199],[120.97469283,14.59646454],[120.97470196,14.59594857],[120.97470431,14.59589577],[120.9748988,14.59524975],[120.97452469,14.59525308],[120.97410891,14.59526664],[120.97353159,14.59535571],[120.97213979,14.59557784],[120.97192574,14.59560624],[120.971926,14.59560788],[120.97202303,14.59621546],[120.97202783,14.59628141],[120.97214399,14.59674051],[120.97216612,14.59684007],[120.97215505,14.59690644],[120.97190613,14.59727703],[120.97155702,14.59771502],[120.97122939,14.59813836],[120.97131977,14.59820075],[120.97175281,14.59848433],[120.97215708,14.59876672],[120.97301287,14.5993124],[120.97330075,14.59945634],[120.97342702,14.59950952],[120.973689,14.59894821],[120.97382567,14.59861359]]]]}},{"type":"Feature","properties":{"psgc_code":"1303901283","adm4_en":"Barangay 283","district":"Unknown"},"geometry":{"type":"MultiPolygon","coordinates":[[[[120.96891471,14.59801942],[120.96928405,14.59751392],[120.96969385,14.59702166],[120.97000225,14.59660092],[120.97006315,14.59647917],[120.9702108,14.59580436],[120.97021121,14.59580245],[120.96967129,14.59584743],[120.9689375,14.59590856],[120.96862036,14.59650658],[120.96826303,14.59683935],[120.96793423,14.59730304],[120.96793279,14.59730507],[120.96754611,14.59782159],[120.96715404,14.59831582],[120.96721557,14.59836866],[120.96773475,14.5987651],[120.96812177,14.59907659],[120.96854656,14.59853857],[120.96891471,14.59801942]]]]}},{"type":"Feature","properties":{"psgc_code":"1303901284","adm4_en":"Barangay 284","district":"Unknown"},"geometry":{"type":"MultiPolygon","coordinates":[[[[120.97005085,14.59883922],[120.9704888,14.59830095],[120.97083377,14.59784096],[120.97062245,14.59768499],[120.97043628,14.59755418],[120.97019654,14.59737529],[120.97030197,14.59722724],[120.97042919,14.59705578],[120.97047345,14.5969175],[120.9705177,14.59673497],[120.97060068,14.596475],[120.97062004,14.59640458],[120.9707787,14.59575113],[120.97021121,14.59580245],[120.9702108,14.59580436],[120.97006315,14.59647917],[120.97000225,14.59660092],[120.96969385,14.59702166],[120.96928405,14.59751392],[120.96891471,14.59801942],[120.96854656,14.59853857],[120.96812177,14.59907659],[120.96865983,14.59949191],[120.96913182,14.59989779],[120.96962203,14.59931362],[120.97005085,14.59883922]]]]}},{"type":"Feature","properties":{"psgc_code":"1303901285","adm4_en":"Barangay 285","district":"Unknown"},"geometry":{"type":"MultiPolygon","coordinates":[[[[120.97095452,14.59863086],[120.97131977,14.59820075],[120.97122939,14.59813836],[120.97155702,14.59771502],[120.97190613,14.59727703],[120.97215505,14.59690644],[120.97216612,14.59684007],[120.97214399,14.59674051],[120.97202783,14.59628141],[120.97202303,14.59621546],[120.971926,14.59560788],[120.97192574,14.59560624],[120.97116534,14.59571476],[120.9707787,14.59575113],[120.97062004,14.59640458],[120.97060068,14.596475],[120.9705177,14.59673497],[120.97047345,14.5969175],[120.97042919,14.59705578],[120.97030197,14.59722724],[120.97019654,14.59737529],[120.97043628,14.59755418],[120.97062245,14.59768499],[120.97083377,14.59784096],[120.9704888,14.59830095],[120.97005085,14.59883922],[120.96962203,14.59931362],[120.96913182,14.59989779],[120.96954903,14.60022595],[120.97008734,14.59963294],[120.97095452,14.59863086]]]]}},{"type":"Feature","properties":{"psgc_code":"1303901286","adm4_en":"Barangay 286","district":"Unknown"},"geometry":{"type":"MultiPolygon","coordinates":[[[[120.96703438,14.59833039],[120.96708342,14.59825539],[120.96715404,14.59831582],[120.96754611,14.59782159],[120.96793279,14.59730507],[120.96793423,14.59730304],[120.96826303,14.59683935],[120.96862036,14.59650658],[120.9689375,14.59590856],[120.96873426,14.59591032],[120.96789902,14.59592017],[120.96730944,14.59591879],[120.96698635,14.59642177],[120.9668991,14.59655591],[120.96651129,14.59715102],[120.96621061,14.59761551],[120.96593178,14.59801941],[120.96606393,14.59817987],[120.96611952,14.59827948],[120.96617062,14.59839872],[120.96623449,14.59847962],[120.96640909,14.59861163],[120.96666459,14.59861163],[120.96690305,14.59852221],[120.96703438,14.59833039]]]]}},{"type":"Feature","properties":{"psgc_code":"1303901287","adm4_en":"Barangay 287","district":"Binondo"},"geometry":{"type":"MultiPolygon","coordinates":[[[[120.9724409,14.60330497],[120.97254188,14.60321702],[120.9726168,14.60309975],[120.97268521,14.60293363],[120.97274608,14.60294591],[120.97274112,14.60272052],[120.97275917,14.60260139],[120.97279527,14.60248587],[120.97284581,14.60238478],[120.97289636,14.60228731],[120.97297217,14.60217901],[120.97304798,14.60209598],[120.97312018,14.60202738],[120.97319599,14.60198406],[120.97330791,14.60191908],[120.97345592,14.60185771],[120.97358949,14.60182161],[120.97377361,14.60177468],[120.97391079,14.6017458],[120.97385688,14.6015345],[120.97369822,14.60091412],[120.97349756,14.60079898],[120.97405855,14.59986205],[120.97420607,14.59961565],[120.97431981,14.59966642],[120.97584592,14.59736179],[120.97662129,14.59603763],[120.97686477,14.595623],[120.97686625,14.59562048],[120.97655522,14.59552667],[120.97583783,14.59536159],[120.97523203,14.59527264],[120.9748988,14.59524975],[120.97470431,14.59589577],[120.97470196,14.59594857],[120.97469283,14.59646454],[120.97462174,14.59683199],[120.97455616,14.59703479],[120.97447604,14.59723273],[120.97431109,14.59760976],[120.97414614,14.59793023],[120.97397648,14.59828841],[120.97382567,14.59861359],[120.973689,14.59894821],[120.97342702,14.59950952],[120.97330376,14.59971785],[120.97319604,14.59993797],[120.97307427,14.60012062],[120.97286352,14.60046719],[120.97271834,14.60072477],[120.97259657,14.60092147],[120.97247012,14.60112754],[120.97232025,14.60130082],[120.97217038,14.60141791],[120.97202988,14.60154904],[120.97187065,14.60169423],[120.97170673,14.60180194],[120.97149785,14.60196518],[120.97131976,14.60218612],[120.97125649,14.60229527],[120.97121347,14.60236762],[120.97119587,14.60243605],[120.97122406,14.60249387],[120.97128777,14.60253577],[120.97136854,14.60259779],[120.97158237,14.60284306],[120.97178362,14.60311349],[120.97183635,14.60319971],[120.97192033,14.6032671],[120.97199394,14.60331168],[120.97210436,14.60335877],[120.9722194,14.60336035],[120.97232038,14.60334406],[120.9724409,14.60330497]]]]}},{"type":"Feature","properties":{"psgc_code":"1303901288","adm4_en":"Barangay 288","district":"Binondo"},"geometry":{"type":"MultiPolygon","coordinates":[[[[120.97420717,14.60169858],[120.97431907,14.60170875],[120.97442377,14.60170788],[120.97450789,14.60169707],[120.97457597,14.60169971],[120.97462392,14.60163757],[120.97471316,14.60153642],[120.97480836,14.60146502],[120.97490951,14.60143527],[120.97502554,14.60144717],[120.97512669,14.6014561],[120.97525461,14.60146502],[120.97537063,14.60146502],[120.97541438,14.60147594],[120.97545917,14.60147422],[120.97549261,14.60145312],[120.97558186,14.60135198],[120.97575441,14.60117943],[120.9760539,14.60090452],[120.97598033,14.60083904],[120.97572271,14.60060915],[120.97554369,14.60043909],[120.97520354,14.60019742],[120.97442897,14.59971515],[120.97431981,14.59966642],[120.97420607,14.59961565],[120.97405855,14.59986205],[120.97349756,14.60079898],[120.97369822,14.60091412],[120.97385688,14.6015345],[120.97391079,14.6017458],[120.97406476,14.60171892],[120.97420717,14.60169858]]]]}},{"type":"Feature","properties":{"psgc_code":"1303901289","adm4_en":"Barangay 289","district":"Binondo"},"geometry":{"type":"MultiPolygon","coordinates":[[[[120.97599125,14.5998036],[120.97609867,14.59963354],[120.97619713,14.59944558],[120.97643882,14.59879218],[120.97650148,14.59858632],[120.9766447,14.59818355],[120.97669841,14.59804034],[120.97677897,14.59789713],[120.97617335,14.59750249],[120.97584592,14.59736179],[120.97431981,14.59966642],[120.97442897,14.59971515],[120.97520354,14.60019742],[120.97554369,14.60043909],[120.97589279,14.59995576],[120.97599125,14.5998036]]]]}},{"type":"Feature","properties":{"psgc_code":"1303901290","adm4_en":"Barangay 290","district":"Binondo"},"geometry":{"type":"MultiPolygon","coordinates":[[[[120.97634703,14.60063282],[120.97640167,14.60058568],[120.97646217,14.600539],[120.97655173,14.60044944],[120.97662849,14.60036415],[120.97672231,14.60030445],[120.97681187,14.60025327],[120.97693554,14.60021489],[120.97711906,14.60019275],[120.97723833,14.60017651],[120.97760082,14.60010401],[120.97788808,14.60002873],[120.977943,14.60001806],[120.9780486,14.59999739],[120.97821919,14.59995475],[120.97838124,14.5999121],[120.978603,14.59985666],[120.97881197,14.59977563],[120.97896549,14.59971593],[120.97908064,14.59968181],[120.97917019,14.59960079],[120.97924949,14.5994814],[120.9791641,14.5994272],[120.97871242,14.59910547],[120.97831857,14.59881905],[120.97749857,14.59833456],[120.97677897,14.59789713],[120.97669841,14.59804034],[120.9766447,14.59818355],[120.97650148,14.59858632],[120.97643882,14.59879218],[120.97619713,14.59944558],[120.97609867,14.59963354],[120.97599125,14.5998036],[120.97589279,14.59995576],[120.97554369,14.60043909],[120.97572271,14.60060915],[120.97598033,14.60083904],[120.9760539,14.60090452],[120.9762063,14.60074796],[120.97634703,14.60063282]]]]}},{"type":"Feature","properties":{"psgc_code":"1303901291","adm4_en":"Barangay 291","district":"Binondo"},"geometry":{"type":"MultiPolygon","coordinates":[[[[120.97975127,14.59893312],[120.97978484,14.59888087],[120.9798747,14.59874386],[120.98000636,14.59855871],[120.98009276,14.59840237],[120.98020424,14.5982774],[120.98021623,14.59821937],[120.98020366,14.59818069],[120.9801266,14.59813086],[120.97995771,14.59785946],[120.97993363,14.59781431],[120.97996115,14.59678268],[120.97979063,14.59679037],[120.97959575,14.59678753],[120.97946003,14.59675543],[120.97933459,14.59672116],[120.97916558,14.59667107],[120.9789623,14.59659475],[120.97873895,14.5965028],[120.97834815,14.59632624],[120.97748121,14.59582077],[120.97731847,14.59576417],[120.97686477,14.595623],[120.97662129,14.59603763],[120.97584592,14.59736179],[120.97617335,14.59750249],[120.97677897,14.59789713],[120.97749857,14.59833456],[120.97831857,14.59881905],[120.97871242,14.59910547],[120.9791641,14.5994272],[120.97924949,14.5994814],[120.97932337,14.59935279],[120.97975127,14.59893312]]]]}},{"type":"Feature","properties":{"psgc_code":"1303901292","adm4_en":"Barangay 292","district":"Binondo"},"geometry":{"type":"MultiPolygon","coordinates":[[[[120.97518854,14.605471],[120.97508426,14.60531892],[120.97495391,14.60513209],[120.97502343,14.60507995],[120.9750495,14.60501043],[120.97501908,14.60492788],[120.97494956,14.6048236],[120.97488004,14.6046889],[120.97478914,14.60451912],[120.97556342,14.60424188],[120.97577727,14.6041723],[120.9759753,14.60410787],[120.97596997,14.60400393],[120.97595131,14.6038307],[120.97587402,14.60354288],[120.97583671,14.60339097],[120.97581537,14.60327387],[120.97577887,14.60314351],[120.97575279,14.60305747],[120.97572151,14.60294796],[120.97568761,14.60285931],[120.97565352,14.60278508],[120.97560418,14.60266898],[120.97554943,14.60259337],[120.9755025,14.60252037],[120.97545817,14.60244215],[120.9753956,14.60236654],[120.97534085,14.60229353],[120.97527306,14.60222835],[120.97520005,14.60217881],[120.97507969,14.60213269],[120.97498635,14.60207435],[120.97488367,14.60201368],[120.97480199,14.60196234],[120.97473898,14.601925],[120.97468861,14.60186722],[120.97462091,14.60178317],[120.97457597,14.60169971],[120.97450789,14.60169707],[120.97442377,14.60170788],[120.97431907,14.60170875],[120.97420717,14.60169858],[120.97406476,14.60171892],[120.97391079,14.6017458],[120.97395091,14.60194642],[120.97404436,14.60239751],[120.97423226,14.60354466],[120.97441239,14.60440388],[120.97446812,14.60463475],[120.97461938,14.60532735],[120.97465411,14.60545362],[120.97484903,14.6060469],[120.97536234,14.60584901],[120.97518854,14.605471]]]]}},{"type":"Feature","properties":{"psgc_code":"1303901293","adm4_en":"Barangay 293","district":"Binondo"},"geometry":{"type":"MultiPolygon","coordinates":[[[[120.9737283,14.60646331],[120.97405462,14.60634403],[120.97429785,14.6062551],[120.9744826,14.6061855],[120.97484903,14.6060469],[120.97465411,14.60545362],[120.97461938,14.60532735],[120.97446812,14.60463475],[120.97441239,14.60440388],[120.97423226,14.60354466],[120.97404436,14.60239751],[120.97395091,14.60194642],[120.97391079,14.6017458],[120.97377361,14.60177468],[120.97358949,14.60182161],[120.97345592,14.60185771],[120.97330791,14.60191908],[120.97319599,14.60198406],[120.97312018,14.60202738],[120.97304798,14.60209598],[120.97297217,14.60217901],[120.97289636,14.60228731],[120.97284581,14.60238478],[120.97279527,14.60248587],[120.97275917,14.60260139],[120.97274112,14.60272052],[120.97274608,14.60294591],[120.97268521,14.60293363],[120.9726168,14.60309975],[120.97254188,14.60321702],[120.9724409,14.60330497],[120.97232038,14.60334406],[120.9722194,14.60336035],[120.97210436,14.60335877],[120.97203752,14.60362934],[120.97184022,14.60442792],[120.97171444,14.6047298],[120.97159494,14.60483042],[120.97151947,14.6048996],[120.97141256,14.60496879],[120.97126791,14.60503797],[120.97117986,14.60514488],[120.9710981,14.6052518],[120.97106037,14.60535871],[120.97102263,14.60554738],[120.97097232,14.60567317],[120.97090218,14.60591071],[120.97096429,14.60593284],[120.97099079,14.60594277],[120.97119289,14.60599789],[120.97271781,14.60637145],[120.97298727,14.60642656],[120.97338121,14.6065071],[120.97352008,14.60650617],[120.9737283,14.60646331]]]]}},{"type":"Feature","properties":{"psgc_code":"1303901294","adm4_en":"Barangay 294","district":"Binondo"},"geometry":{"type":"MultiPolygon","coordinates":[[[[120.97587201,14.60564226],[120.97602899,14.60557991],[120.97654179,14.60537623],[120.97688839,14.60523857],[120.9775743,14.60499362],[120.97808512,14.60480096],[120.97821204,14.60475247],[120.97812813,14.60455201],[120.97806753,14.60443546],[120.97801625,14.60430027],[120.97794632,14.60416042],[120.97788572,14.60400191],[120.97784376,14.60388537],[120.9777412,14.60350776],[120.97763548,14.60353605],[120.97750398,14.60357181],[120.97709001,14.60372343],[120.97673425,14.60385274],[120.97641706,14.60396106],[120.97610984,14.60406316],[120.9759753,14.60410787],[120.97577727,14.6041723],[120.97556342,14.60424188],[120.97478914,14.60451912],[120.97488004,14.6046889],[120.97494956,14.6048236],[120.97501908,14.60492788],[120.9750495,14.60501043],[120.97502343,14.60507995],[120.97495391,14.60513209],[120.97508426,14.60531892],[120.97518854,14.605471],[120.97536234,14.60584901],[120.97569868,14.60571257],[120.97587201,14.60564226]]]]}},{"type":"Feature","properties":{"psgc_code":"1303901295","adm4_en":"Barangay 295","district":"Binondo"},"geometry":{"type":"MultiPolygon","coordinates":[[[[120.97750398,14.60357181],[120.97763548,14.60353605],[120.9777412,14.60350776],[120.97770908,14.60335086],[120.9777058,14.60326223],[120.97771893,14.60314404],[120.97773863,14.60302914],[120.97776245,14.60268488],[120.97777146,14.6025564],[120.97774519,14.60246448],[120.97771236,14.60238569],[120.97764671,14.6023266],[120.97737947,14.60225624],[120.97727679,14.60222586],[120.9771477,14.60221498],[120.97702295,14.60222483],[120.97689164,14.60223468],[120.97679315,14.60223796],[120.9767078,14.60224453],[120.97659946,14.60224781],[120.97649441,14.60224453],[120.97641562,14.60220185],[120.97635324,14.60215917],[120.97630507,14.60211162],[120.97625273,14.60203465],[120.97625889,14.60190995],[120.97633456,14.60183545],[120.9761619,14.6016775],[120.97578202,14.60198518],[120.97612692,14.6025211],[120.97617949,14.60260337],[120.97646386,14.60310685],[120.97664567,14.60354972],[120.97673425,14.60385274],[120.97709001,14.60372343],[120.97750398,14.60357181]]]]}},{"type":"Feature","properties":{"psgc_code":"1303901296","adm4_en":"Barangay 296","district":"Binondo"},"geometry":{"type":"MultiPolygon","coordinates":[[[[120.97641706,14.60396106],[120.97673425,14.60385274],[120.97664567,14.60354972],[120.97646386,14.60310685],[120.97617949,14.60260337],[120.97612692,14.6025211],[120.97578202,14.60198518],[120.9761619,14.6016775],[120.97633456,14.60183545],[120.97646055,14.60170367],[120.97660887,14.60152212],[120.97671328,14.60141247],[120.97676175,14.60134729],[120.97681486,14.60127346],[120.97684465,14.60121647],[120.97686278,14.60113098],[120.97686278,14.60106493],[120.97683299,14.60100275],[120.97670735,14.60088877],[120.97656746,14.60076054],[120.97648327,14.60069189],[120.97640167,14.60058568],[120.97634703,14.60063282],[120.9762063,14.60074796],[120.9760539,14.60090452],[120.97575441,14.60117943],[120.97558186,14.60135198],[120.97549261,14.60145312],[120.97545917,14.60147422],[120.97541438,14.60147594],[120.97537063,14.60146502],[120.97525461,14.60146502],[120.97512669,14.6014561],[120.97502554,14.60144717],[120.97490951,14.60143527],[120.97480836,14.60146502],[120.97471316,14.60153642],[120.97462392,14.60163757],[120.97457597,14.60169971],[120.97462091,14.60178317],[120.97468861,14.60186722],[120.97473898,14.601925],[120.97480199,14.60196234],[120.97488367,14.60201368],[120.97498635,14.60207435],[120.97507969,14.60213269],[120.97520005,14.60217881],[120.97527306,14.60222835],[120.97534085,14.60229353],[120.9753956,14.60236654],[120.97545817,14.60244215],[120.9755025,14.60252037],[120.97554943,14.60259337],[120.97560418,14.60266898],[120.97565352,14.60278508],[120.97568761,14.60285931],[120.97572151,14.60294796],[120.97575279,14.60305747],[120.97577887,14.60314351],[120.97581537,14.60327387],[120.97583671,14.60339097],[120.97587402,14.60354288],[120.97595131,14.6038307],[120.97596997,14.60400393],[120.9759753,14.60410787],[120.97610984,14.60406316],[120.97641706,14.60396106]]]]}},{"type":"Feature","properties":{"psgc_code":"1303901297","adm4_en":"Barangay 297","district":"Santa Cruz"},"geometry":{"type":"MultiPolygon","coordinates":[[[[120.97737189,14.60214548],[120.97732497,14.60171009],[120.97781729,14.60158478],[120.97790561,14.60156734],[120.97833646,14.60145052],[120.97818699,14.6009939],[120.97802317,14.60049281],[120.97792471,14.60013478],[120.97788808,14.60002873],[120.97760082,14.60010401],[120.97723833,14.60017651],[120.97711906,14.60019275],[120.97693554,14.60021489],[120.97681187,14.60025327],[120.97672231,14.60030445],[120.97662849,14.60036415],[120.97655173,14.60044944],[120.97646217,14.600539],[120.97640167,14.60058568],[120.97648327,14.60069189],[120.97656746,14.60076054],[120.97670735,14.60088877],[120.97683299,14.60100275],[120.97686278,14.60106493],[120.97686278,14.60113098],[120.97684465,14.60121647],[120.97681486,14.60127346],[120.97676175,14.60134729],[120.97671328,14.60141247],[120.97660887,14.60152212],[120.97646055,14.60170367],[120.97633456,14.60183545],[120.97625889,14.60190995],[120.97625273,14.60203465],[120.97630507,14.60211162],[120.97635324,14.60215917],[120.97641562,14.60220185],[120.97649441,14.60224453],[120.97659946,14.60224781],[120.9767078,14.60224453],[120.97679315,14.60223796],[120.97689164,14.60223468],[120.97702295,14.60222483],[120.9771477,14.60221498],[120.97727679,14.60222586],[120.97737947,14.60225624],[120.97737679,14.60221053],[120.97737189,14.60214548]]]]}},{"type":"Feature","properties":{"psgc_code":"1303901298","adm4_en":"Barangay 298","district":"Santa Cruz"},"geometry":{"type":"MultiPolygon","coordinates":[[[[120.9790257,14.60128047],[120.97915288,14.60124714],[120.97951802,14.60114621],[120.97961648,14.60109251],[120.97975075,14.6009851],[120.97980766,14.60089868],[120.97996558,14.60066288],[120.98025202,14.59995578],[120.9797411,14.59966672],[120.9795791,14.59970126],[120.97954514,14.59967859],[120.9794864,14.59963944],[120.97945022,14.59961529],[120.97942681,14.5995996],[120.97936212,14.59955636],[120.97931479,14.59952486],[120.97928125,14.59950239],[120.97924949,14.5994814],[120.97917019,14.59960079],[120.97908064,14.59968181],[120.97896549,14.59971593],[120.97881197,14.59977563],[120.978603,14.59985666],[120.97838124,14.5999121],[120.97821919,14.59995475],[120.9780486,14.59999739],[120.977943,14.60001806],[120.97788808,14.60002873],[120.97792471,14.60013478],[120.97802317,14.60049281],[120.97818699,14.6009939],[120.97833646,14.60145052],[120.97863027,14.60137909],[120.9790257,14.60128047]]]]}},{"type":"Feature","properties":{"psgc_code":"1303901299","adm4_en":"Barangay 299","district":"Santa Cruz"},"geometry":{"type":"MultiPolygon","coordinates":[[[[120.97908334,14.60441316],[120.9793442,14.60431389],[120.97950955,14.60425266],[120.97933048,14.60385125],[120.9792515,14.60365239],[120.97901923,14.60312987],[120.9787124,14.60239034],[120.97792009,14.60263361],[120.97776245,14.60268488],[120.97773863,14.60302914],[120.97771893,14.60314404],[120.9777058,14.60326223],[120.97770908,14.60335086],[120.9777412,14.60350776],[120.97784376,14.60388537],[120.97788572,14.60400191],[120.97794632,14.60416042],[120.97801625,14.60430027],[120.97806753,14.60443546],[120.97812813,14.60455201],[120.97821204,14.60475247],[120.978347,14.6046972],[120.97908334,14.60441316]]]]}},{"type":"Feature","properties":{"psgc_code":"1303901300","adm4_en":"Barangay 300","district":"Santa Cruz"},"geometry":{"type":"MultiPolygon","coordinates":[[[[120.9787124,14.60239034],[120.97864392,14.6022249],[120.97847673,14.6018015],[120.97833646,14.60145052],[120.97790561,14.60156734],[120.97781729,14.60158478],[120.97732497,14.60171009],[120.97737189,14.60214548],[120.97737679,14.60221053],[120.97737947,14.60225624],[120.97764671,14.6023266],[120.97771236,14.60238569],[120.97774519,14.60246448],[120.97777146,14.6025564],[120.97776245,14.60268488],[120.97792009,14.60263361],[120.9787124,14.60239034]]]]}},{"type":"Feature","properties":{"psgc_code":"1303901301","adm4_en":"Barangay 301","district":"Santa Cruz"},"geometry":{"type":"MultiPolygon","coordinates":[[[[120.97995662,14.60286473],[120.98028065,14.6027218],[120.98017145,14.60240825],[120.98000138,14.60201442],[120.97975075,14.60152214],[120.97951802,14.60114621],[120.97915288,14.60124714],[120.9791989,14.60141352],[120.97925377,14.60151087],[120.97928386,14.60155335],[120.97937059,14.60166839],[120.97941838,14.60174804],[120.97951219,14.60195159],[120.97958067,14.60213973],[120.9787124,14.60239034],[120.97901923,14.60312987],[120.97975969,14.60294528],[120.97995662,14.60286473]]]]}},{"type":"Feature","properties":{"psgc_code":"1303901302","adm4_en":"Barangay 302","district":"Santa Cruz"},"geometry":{"type":"MultiPolygon","coordinates":[[[[120.97951219,14.60195159],[120.97941838,14.60174804],[120.97937059,14.60166839],[120.97928386,14.60155335],[120.97925377,14.60151087],[120.9791989,14.60141352],[120.97915288,14.60124714],[120.9790257,14.60128047],[120.97863027,14.60137909],[120.97833646,14.60145052],[120.97847673,14.6018015],[120.97864392,14.6022249],[120.9787124,14.60239034],[120.97958067,14.60213973],[120.97951219,14.60195159]]]]}},{"type":"Feature","properties":{"psgc_code":"1303901303","adm4_en":"Barangay 303","district":"Santa Cruz"},"geometry":{"type":"MultiPolygon","coordinates":[[[[120.98101167,14.60166533],[120.98120219,14.60165219],[120.98134344,14.60163577],[120.98149782,14.60162591],[120.98162593,14.60160949],[120.98175732,14.60158978],[120.98163483,14.60088546],[120.98156063,14.60049593],[120.98143078,14.59975397],[120.98131472,14.59900761],[120.98130678,14.59896701],[120.98085966,14.5989099],[120.98031469,14.59880116],[120.98046686,14.598649],[120.98057055,14.5984939],[120.98061903,14.59835363],[120.98062605,14.59814387],[120.98056533,14.59766691],[120.98054743,14.59754808],[120.98051715,14.59734879],[120.98041329,14.59671965],[120.9801898,14.59675644],[120.97996115,14.59678268],[120.97993363,14.59781431],[120.97995771,14.59785946],[120.9801266,14.59813086],[120.98020366,14.59818069],[120.98021623,14.59821937],[120.98020424,14.5982774],[120.98009276,14.59840237],[120.98000636,14.59855871],[120.9798747,14.59874386],[120.97978484,14.59888087],[120.97975127,14.59893312],[120.97932337,14.59935279],[120.97924949,14.5994814],[120.97928125,14.59950239],[120.97931479,14.59952486],[120.97936212,14.59955636],[120.97942681,14.5995996],[120.97945022,14.59961529],[120.9794864,14.59963944],[120.97954514,14.59967859],[120.9795791,14.59970126],[120.9797411,14.59966672],[120.98025202,14.59995578],[120.97996558,14.60066288],[120.98039524,14.60082399],[120.98026097,14.60101196],[120.98022516,14.60115516],[120.98023411,14.60123572],[120.98028782,14.60136998],[120.98052223,14.60184271],[120.98082115,14.60170803],[120.98101167,14.60166533]]]]}},{"type":"Feature","properties":{"psgc_code":"1303901304","adm4_en":"Barangay 304","district":"Santa Cruz"},"geometry":{"type":"MultiPolygon","coordinates":[[[[120.98194669,14.60363413],[120.98185742,14.60229518],[120.98182032,14.6019613],[120.98178576,14.60177413],[120.98175732,14.60158978],[120.98162593,14.60160949],[120.98149782,14.60162591],[120.98134344,14.60163577],[120.98120219,14.60165219],[120.98101167,14.60166533],[120.98082115,14.60170803],[120.98052223,14.60184271],[120.9805653,14.60195177],[120.98069957,14.60247091],[120.98072586,14.60257341],[120.98101096,14.60362852],[120.98105975,14.60383867],[120.98195469,14.60372818],[120.98194669,14.60363413]]]]}},{"type":"Feature","properties":{"psgc_code":"1303901305","adm4_en":"Barangay 305","district":"Santa Cruz"},"geometry":{"type":"MultiPolygon","coordinates":[[[[120.98021164,14.60398878],[120.98039928,14.60392874],[120.98061191,14.60388524],[120.98084585,14.60386119],[120.98105975,14.60383867],[120.98101096,14.60362852],[120.98072586,14.60257341],[120.98069957,14.60247091],[120.9805653,14.60195177],[120.98052223,14.60184271],[120.98028782,14.60136998],[120.98023411,14.60123572],[120.98022516,14.60115516],[120.98026097,14.60101196],[120.98039524,14.60082399],[120.97996558,14.60066288],[120.97980766,14.60089868],[120.97975075,14.6009851],[120.97961648,14.60109251],[120.97951802,14.60114621],[120.97975075,14.60152214],[120.98000138,14.60201442],[120.98017145,14.60240825],[120.98028065,14.6027218],[120.97995662,14.60286473],[120.97975969,14.60294528],[120.97901923,14.60312987],[120.9792515,14.60365239],[120.97933048,14.60385125],[120.97950955,14.60425266],[120.98004848,14.60405057],[120.98021164,14.60398878]]]]}},{"type":"Feature","properties":{"psgc_code":"1303901306","adm4_en":"Barangay 306","district":"Quiapo"},"geometry":{"type":"MultiPolygon","coordinates":[[[[120.98201442,14.59886432],[120.98221052,14.59883364],[120.98262053,14.59878115],[120.98308162,14.59871447],[120.98330153,14.5986861],[120.98341905,14.59866866],[120.98333863,14.59805365],[120.98352518,14.59801336],[120.9839743,14.59794678],[120.98387144,14.59734924],[120.98379307,14.59689373],[120.98376368,14.59676639],[120.9837245,14.59665373],[120.98365592,14.59656557],[120.98357265,14.596497],[120.98346489,14.59642843],[120.98326231,14.59630146],[120.98244002,14.59577599],[120.9823992,14.59574748],[120.98207595,14.59551699],[120.98178152,14.59584205],[120.98159889,14.59603778],[120.98137519,14.59624624],[120.98118289,14.59641625],[120.98107347,14.59649584],[120.9809388,14.596584],[120.98076877,14.59665617],[120.98041329,14.59671965],[120.98051715,14.59734879],[120.98054743,14.59754808],[120.98056533,14.59766691],[120.98062605,14.59814387],[120.98061903,14.59835363],[120.98057055,14.5984939],[120.98046686,14.598649],[120.98031469,14.59880116],[120.98085966,14.5989099],[120.98130678,14.59896701],[120.98174091,14.598906],[120.98201442,14.59886432]]]]}},{"type":"Feature","properties":{"psgc_code":"1303901307","adm4_en":"Barangay 307","district":"Quiapo"},"geometry":{"type":"MultiPolygon","coordinates":[[[[120.98237188,14.60080829],[120.98258557,14.60077542],[120.98274994,14.60074255],[120.98289788,14.60070968],[120.98334991,14.60060285],[120.98348406,14.60059102],[120.98452778,14.60057696],[120.98447194,14.60028536],[120.98431717,14.59947982],[120.98417512,14.59881371],[120.98404399,14.59824773],[120.9839743,14.59794678],[120.98352518,14.59801336],[120.98333863,14.59805365],[120.98341905,14.59866866],[120.98330153,14.5986861],[120.98308162,14.59871447],[120.98262053,14.59878115],[120.98221052,14.59883364],[120.98201442,14.59886432],[120.98174091,14.598906],[120.98130678,14.59896701],[120.98131472,14.59900761],[120.98143078,14.59975397],[120.98156063,14.60049593],[120.98163483,14.60088546],[120.98203492,14.60083295],[120.98237188,14.60080829]]]]}},{"type":"Feature","properties":{"psgc_code":"1303901308","adm4_en":"Barangay 308","district":"Quiapo"},"geometry":{"type":"MultiPolygon","coordinates":[[[[120.98402996,14.60340602],[120.98418829,14.60337723],[120.98430825,14.60336284],[120.9844282,14.60334365],[120.98457214,14.60331486],[120.98466353,14.60327711],[120.98468729,14.60326688],[120.98482163,14.60322849],[120.98504234,14.60313733],[120.98488342,14.60231237],[120.98478681,14.60180712],[120.98474011,14.60161225],[120.98470061,14.60139913],[120.9846245,14.60103744],[120.98452778,14.60057696],[120.98348406,14.60059102],[120.98352288,14.60111719],[120.98355707,14.60151693],[120.98357718,14.60180138],[120.98361732,14.60230279],[120.98362258,14.60239825],[120.98364242,14.60268342],[120.9836989,14.60346839],[120.98377564,14.60345379],[120.98402996,14.60340602]]]]}},{"type":"Feature","properties":{"psgc_code":"1303901309","adm4_en":"Barangay 309","district":"Quiapo"},"geometry":{"type":"MultiPolygon","coordinates":[[[[120.98254737,14.60363632],[120.98287363,14.60359314],[120.9831999,14.60354516],[120.98320153,14.60354491],[120.98323762,14.60353952],[120.9836989,14.60346839],[120.98364242,14.60268342],[120.98362258,14.60239825],[120.98361732,14.60230279],[120.98357718,14.60180138],[120.98355707,14.60151693],[120.98352288,14.60111719],[120.98348406,14.60059102],[120.98334991,14.60060285],[120.98289788,14.60070968],[120.98274994,14.60074255],[120.98258557,14.60077542],[120.98237188,14.60080829],[120.98203492,14.60083295],[120.98163483,14.60088546],[120.98175732,14.60158978],[120.98178576,14.60177413],[120.98182032,14.6019613],[120.98185742,14.60229518],[120.98194669,14.60363413],[120.98195469,14.60372818],[120.98219711,14.6036891],[120.98254737,14.60363632]]]]}},{"type":"Feature","properties":{"psgc_code":"1303901310","adm4_en":"Barangay 310","district":"Santa Cruz"},"geometry":{"type":"MultiPolygon","coordinates":[[[[120.98409349,14.60592228],[120.98434872,14.60586709],[120.98467637,14.60580501],[120.98500344,14.60572992],[120.98513873,14.6057027],[120.98553545,14.60562322],[120.98550073,14.60545368],[120.98539464,14.60493571],[120.98529234,14.60447236],[120.98518168,14.60385245],[120.98504234,14.60313733],[120.98482163,14.60322849],[120.98468729,14.60326688],[120.98466353,14.60327711],[120.98457214,14.60331486],[120.9844282,14.60334365],[120.98430825,14.60336284],[120.98418829,14.60337723],[120.98402996,14.60340602],[120.98377564,14.60345379],[120.9836989,14.60346839],[120.98323762,14.60353952],[120.98320153,14.60354491],[120.9831999,14.60354516],[120.98287363,14.60359314],[120.98254737,14.60363632],[120.98219711,14.6036891],[120.98195469,14.60372818],[120.98204311,14.60515386],[120.98247032,14.60512107],[120.98284296,14.60508722],[120.98288462,14.60533715],[120.98293178,14.60581705],[120.98330318,14.60579205],[120.98337487,14.60606797],[120.98371065,14.60599815],[120.98409349,14.60592228]]]]}},{"type":"Feature","properties":{"psgc_code":"1303901311","adm4_en":"Barangay 311","district":"Santa Cruz"},"geometry":{"type":"MultiPolygon","coordinates":[[[[120.98447553,14.60755935],[120.98487175,14.60752929],[120.98551663,14.60747634],[120.98591232,14.60741872],[120.98585759,14.60718558],[120.98568793,14.60636122],[120.98553545,14.60562322],[120.98513873,14.6057027],[120.98500344,14.60572992],[120.98467637,14.60580501],[120.98434872,14.60586709],[120.98409349,14.60592228],[120.98371065,14.60599815],[120.98337487,14.60606797],[120.98350294,14.60655523],[120.98358287,14.60763185],[120.98403931,14.60759837],[120.98447553,14.60755935]]]]}},{"type":"Feature","properties":{"psgc_code":"1303901312","adm4_en":"Barangay 312","district":"Santa Cruz"},"geometry":{"type":"MultiPolygon","coordinates":[[[[120.98305957,14.60766156],[120.98358287,14.60763185],[120.98350294,14.60655523],[120.98337487,14.60606797],[120.98330318,14.60579205],[120.98293178,14.60581705],[120.98288462,14.60533715],[120.98284296,14.60508722],[120.98247032,14.60512107],[120.98204311,14.60515386],[120.98209964,14.60586622],[120.98214308,14.60650352],[120.98223473,14.60771154],[120.98266764,14.60768835],[120.98305957,14.60766156]]]]}},{"type":"Feature","properties":{"psgc_code":"1303901313","adm4_en":"Barangay 313","district":"Santa Cruz"},"geometry":{"type":"MultiPolygon","coordinates":[[[[120.97923505,14.60546342],[120.97949903,14.60541467],[120.97987322,14.60535187],[120.98025817,14.60528852],[120.98085482,14.60524378],[120.98204311,14.60515386],[120.98195469,14.60372818],[120.98105975,14.60383867],[120.98084585,14.60386119],[120.98061191,14.60388524],[120.98039928,14.60392874],[120.98021164,14.60398878],[120.98004848,14.60405057],[120.97950955,14.60425266],[120.9793442,14.60431389],[120.97908334,14.60441316],[120.978347,14.6046972],[120.97821204,14.60475247],[120.97822326,14.60490956],[120.97828096,14.60499348],[120.97830718,14.60507741],[120.9783439,14.60517707],[120.97839111,14.60525575],[120.97842783,14.6053659],[120.97846454,14.6054813],[120.97851407,14.60557439],[120.97860585,14.60556092],[120.97923505,14.60546342]]]]}},{"type":"Feature","properties":{"psgc_code":"1303901314","adm4_en":"Barangay 314","district":"Santa Cruz"},"geometry":{"type":"MultiPolygon","coordinates":[[[[120.97967643,14.60667564],[120.98007171,14.60665327],[120.9804297,14.6066309],[120.98076205,14.60660355],[120.98104873,14.6065787],[120.98158572,14.60654141],[120.98214308,14.60650352],[120.98209964,14.60586622],[120.98204311,14.60515386],[120.98085482,14.60524378],[120.98025817,14.60528852],[120.97987322,14.60535187],[120.97949903,14.60541467],[120.97923505,14.60546342],[120.97860585,14.60556092],[120.97851407,14.60557439],[120.97896495,14.60674437],[120.97915049,14.60671458],[120.97967643,14.60667564]]]]}},{"type":"Feature","properties":{"psgc_code":"1303901315","adm4_en":"Barangay 315","district":"Santa Cruz"},"geometry":{"type":"MultiPolygon","coordinates":[[[[120.98418897,14.60954246],[120.98462186,14.60951868],[120.98501431,14.60949014],[120.98545798,14.60946104],[120.98611684,14.60941693],[120.98608907,14.60908361],[120.98605796,14.60864652],[120.98605203,14.6085929],[120.98602199,14.60814296],[120.98599648,14.6078985],[120.98595019,14.60759296],[120.98591232,14.60741872],[120.98551663,14.60747634],[120.98487175,14.60752929],[120.98447553,14.60755935],[120.98403931,14.60759837],[120.98358287,14.60763185],[120.98305957,14.60766156],[120.98313455,14.60864464],[120.98320953,14.60960273],[120.9837204,14.60956863],[120.98418897,14.60954246]]]]}},{"type":"Feature","properties":{"psgc_code":"1303901316","adm4_en":"Barangay 316","district":"Santa Cruz"},"geometry":{"type":"MultiPolygon","coordinates":[[[[120.98320953,14.60960273],[120.98313455,14.60864464],[120.98305957,14.60766156],[120.98266764,14.60768835],[120.98223473,14.60771154],[120.98230453,14.60871171],[120.98237635,14.60966104],[120.98279743,14.60963447],[120.98320953,14.60960273]]]]}},{"type":"Feature","properties":{"psgc_code":"1303901317","adm4_en":"Barangay 317","district":"Santa Cruz"},"geometry":{"type":"MultiPolygon","coordinates":[[[[120.98518396,14.61185761],[120.98560966,14.61182676],[120.98589962,14.61180209],[120.98627956,14.61178334],[120.98627377,14.61172188],[120.98626498,14.61155568],[120.9862372,14.61104646],[120.98621869,14.61069463],[120.98583976,14.6107247],[120.98553175,14.61074632],[120.98511127,14.61077917],[120.98471859,14.61080556],[120.98429246,14.61083108],[120.98437574,14.61191929],[120.98480144,14.61188845],[120.98518396,14.61185761]]]]}},{"type":"Feature","properties":{"psgc_code":"1303901318","adm4_en":"Barangay 318","district":"Santa Cruz"},"geometry":{"type":"MultiPolygon","coordinates":[[[[120.98511127,14.61077917],[120.98501431,14.60949014],[120.98462186,14.60951868],[120.98418897,14.60954246],[120.98429246,14.61083108],[120.98471859,14.61080556],[120.98511127,14.61077917]]]]}},{"type":"Feature","properties":{"psgc_code":"1303901319","adm4_en":"Barangay 319","district":"Santa Cruz"},"geometry":{"type":"MultiPolygon","coordinates":[[[[120.98583976,14.6107247],[120.98621869,14.61069463],[120.98619892,14.61041838],[120.98618967,14.61023797],[120.98617117,14.61006217],[120.9861596,14.60987482],[120.9861411,14.60969903],[120.98613889,14.60964466],[120.98611684,14.60941693],[120.98545798,14.60946104],[120.98501431,14.60949014],[120.98511127,14.61077917],[120.98553175,14.61074632],[120.98583976,14.6107247]]]]}},{"type":"Feature","properties":{"psgc_code":"1303901320","adm4_en":"Barangay 320","district":"Santa Cruz"},"geometry":{"type":"MultiPolygon","coordinates":[[[[120.98389963,14.61196804],[120.98437574,14.61191929],[120.98429246,14.61083108],[120.98381345,14.6108638],[120.9833095,14.61089406],[120.9828884,14.61092974],[120.98246799,14.6109607],[120.98256045,14.61207672],[120.98335975,14.61202413],[120.98389963,14.61196804]]]]}},{"type":"Feature","properties":{"psgc_code":"1303901321","adm4_en":"Barangay 321","district":"Santa Cruz"},"geometry":{"type":"MultiPolygon","coordinates":[[[[120.9833095,14.61089406],[120.98320953,14.60960273],[120.98279743,14.60963447],[120.98237635,14.60966104],[120.98246799,14.6109607],[120.9828884,14.61092974],[120.9833095,14.61089406]]]]}},{"type":"Feature","properties":{"psgc_code":"1303901322","adm4_en":"Barangay 322","district":"Santa Cruz"},"geometry":{"type":"MultiPolygon","coordinates":[[[[120.98429246,14.61083108],[120.98418897,14.60954246],[120.9837204,14.60956863],[120.98320953,14.60960273],[120.9833095,14.61089406],[120.98381345,14.6108638],[120.98429246,14.61083108]]]]}},{"type":"Feature","properties":{"psgc_code":"1303901323","adm4_en":"Barangay 323","district":"Santa Cruz"},"geometry":{"type":"MultiPolygon","coordinates":[[[[120.98526159,14.61289972],[120.98564667,14.61286318],[120.98597928,14.61284114],[120.98637608,14.61281487],[120.98627956,14.61178334],[120.98589962,14.61180209],[120.98560966,14.61182676],[120.98518396,14.61185761],[120.98480144,14.61188845],[120.98437574,14.61191929],[120.98439824,14.61220248],[120.98441307,14.61237119],[120.98443161,14.61255103],[120.98444274,14.61271603],[120.98446723,14.61296633],[120.98487367,14.61293199],[120.98526159,14.61289972]]]]}},{"type":"Feature","properties":{"psgc_code":"1303901324","adm4_en":"Barangay 324","district":"Santa Cruz"},"geometry":{"type":"MultiPolygon","coordinates":[[[[120.98446723,14.61296633],[120.98444274,14.61271603],[120.98443161,14.61255103],[120.98441307,14.61237119],[120.98439824,14.61220248],[120.98437574,14.61191929],[120.98389963,14.61196804],[120.98335975,14.61202413],[120.9833859,14.61226814],[120.98340564,14.61243823],[120.98344171,14.61277992],[120.98346779,14.61302685],[120.98397013,14.61300831],[120.98446723,14.61296633]]]]}},{"type":"Feature","properties":{"psgc_code":"1303901325","adm4_en":"Barangay 325","district":"Santa Cruz"},"geometry":{"type":"MultiPolygon","coordinates":[[[[120.98346779,14.61302685],[120.98344171,14.61277992],[120.98340564,14.61243823],[120.9833859,14.61226814],[120.98335975,14.61202413],[120.98256045,14.61207672],[120.98257647,14.61234104],[120.98258862,14.61250049],[120.98260077,14.61269488],[120.98261254,14.61285282],[120.98262629,14.61307683],[120.98303015,14.61305284],[120.98346779,14.61302685]]]]}},{"type":"Feature","properties":{"psgc_code":"1303901326","adm4_en":"Barangay 326","district":"Santa Cruz"},"geometry":{"type":"MultiPolygon","coordinates":[[[[120.98129548,14.60975388],[120.98100193,14.60977262],[120.98064592,14.60980073],[120.98045509,14.60980938],[120.9804812,14.60995519],[120.980493,14.61011255],[120.98052054,14.61021089],[120.98053234,14.61036825],[120.98050325,14.61047139],[120.98053057,14.61065031],[120.98054471,14.61080236],[120.98052449,14.61094542],[120.98074334,14.61099429],[120.98110031,14.61101979],[120.98128308,14.61103537],[120.98140841,14.61102829],[120.98129548,14.60975388]]]]}},{"type":"Feature","properties":{"psgc_code":"1303901327","adm4_en":"Barangay 327","district":"Santa Cruz"},"geometry":{"type":"MultiPolygon","coordinates":[[[[120.97991298,14.61321295],[120.98010023,14.61319628],[120.98124161,14.61314635],[120.98118972,14.6121889],[120.98150874,14.61215735],[120.98140841,14.61102829],[120.98128308,14.61103537],[120.98110031,14.61101979],[120.98074334,14.61099429],[120.98052449,14.61094542],[120.98051819,14.61109273],[120.98050719,14.61116816],[120.98041603,14.6114825],[120.98035729,14.61173239],[120.98030071,14.61191627],[120.98024944,14.61206401],[120.98015274,14.61216642],[120.98011955,14.61226229],[120.98002577,14.61234333],[120.97996252,14.61245037],[120.97998198,14.61266933],[120.97997711,14.61274718],[120.97996252,14.61286396],[120.97992099,14.61291264],[120.97990016,14.61293705],[120.97975452,14.6130532],[120.97966049,14.61310298],[120.979572,14.61311588],[120.97950466,14.61310421],[120.97955114,14.61322096],[120.97956111,14.61323929],[120.97973914,14.61322818],[120.97991298,14.61321295]]]]}},{"type":"Feature","properties":{"psgc_code":"1303901328","adm4_en":"Barangay 328","district":"Santa Cruz"},"geometry":{"type":"MultiPolygon","coordinates":[[[[120.98100193,14.60977262],[120.98129548,14.60975388],[120.98121799,14.60877421],[120.98093316,14.60879458],[120.98057066,14.60880925],[120.98019184,14.60883292],[120.9801551,14.60883773],[120.98009713,14.60884871],[120.98020569,14.60906912],[120.98024258,14.60920287],[120.98031637,14.60945192],[120.98039478,14.60965946],[120.98045509,14.60980938],[120.98064592,14.60980073],[120.98100193,14.60977262]]]]}},{"type":"Feature","properties":{"psgc_code":"1303901329","adm4_en":"Barangay 329","district":"Santa Cruz"},"geometry":{"type":"MultiPolygon","coordinates":[[[[120.98121799,14.60877421],[120.98114906,14.6078132],[120.98104873,14.6065787],[120.98076205,14.60660355],[120.9804297,14.6066309],[120.98053825,14.60785478],[120.98057066,14.60880925],[120.98093316,14.60879458],[120.98121799,14.60877421]]]]}},{"type":"Feature","properties":{"psgc_code":"1303901330","adm4_en":"Barangay 330","district":"Santa Cruz"},"geometry":{"type":"MultiPolygon","coordinates":[[[[120.98019184,14.60883292],[120.98057066,14.60880925],[120.98053825,14.60785478],[120.9804297,14.6066309],[120.98007171,14.60665327],[120.97967643,14.60667564],[120.97915049,14.60671458],[120.97896495,14.60674437],[120.97902747,14.60689642],[120.97909531,14.6070502],[120.9791722,14.60722659],[120.97938478,14.60766985],[120.97944358,14.60780101],[120.97952047,14.60796384],[120.97960189,14.60809953],[120.97966973,14.60820356],[120.97973295,14.60831037],[120.9798009,14.60842518],[120.97990493,14.6085654],[120.97999086,14.60870108],[120.98009713,14.60884871],[120.9801551,14.60883773],[120.98019184,14.60883292]]]]}},{"type":"Feature","properties":{"psgc_code":"1303901331","adm4_en":"Barangay 331","district":"Santa Cruz"},"geometry":{"type":"MultiPolygon","coordinates":[[[[120.98273166,14.6162215],[120.98273166,14.61603222],[120.98273167,14.61603086],[120.98273166,14.61602952],[120.98272516,14.61585382],[120.98271792,14.61557618],[120.98271405,14.61546033],[120.98270981,14.61533322],[120.9827043,14.61515393],[120.98269602,14.61496637],[120.98269602,14.61480087],[120.98267627,14.61431817],[120.98266292,14.61408371],[120.98266292,14.61390443],[120.98265465,14.61372789],[120.98264637,14.61355136],[120.9826381,14.61335553],[120.98262629,14.61307683],[120.98176056,14.61311548],[120.98153774,14.61312843],[120.98124161,14.61314635],[120.98010023,14.61319628],[120.97991298,14.61321295],[120.97973914,14.61322818],[120.97956111,14.61323929],[120.97962014,14.61334784],[120.97964627,14.61340314],[120.97967903,14.61348027],[120.97972673,14.61360721],[120.97975829,14.61369517],[120.97975702,14.61371198],[120.97974989,14.61372958],[120.97946616,14.61398281],[120.97930462,14.61411838],[120.97928436,14.61415473],[120.97928384,14.6141994],[120.97932822,14.61437873],[120.97933874,14.61453651],[120.97942004,14.61482085],[120.97942117,14.6151315],[120.97940052,14.6152404],[120.97934862,14.61538029],[120.9792674,14.61553823],[120.97918666,14.6157071],[120.97904628,14.61599625],[120.97894927,14.61617901],[120.97885225,14.616355],[120.97881358,14.61646037],[120.97877159,14.61656752],[120.97899164,14.61655283],[120.97932112,14.61653708],[120.9796551,14.6165443],[120.97999355,14.61655236],[120.98042335,14.61654598],[120.98089478,14.61655262],[120.98135293,14.61659246],[120.98180728,14.61662819],[120.98226464,14.61669868],[120.98275199,14.61678623],[120.98274143,14.61658266],[120.98273166,14.6162215]]]]}},{"type":"Feature","properties":{"psgc_code":"1303901332","adm4_en":"Barangay 332","district":"Santa Cruz"},"geometry":{"type":"MultiPolygon","coordinates":[[[[120.98237635,14.60966104],[120.98230453,14.60871171],[120.98176126,14.60875017],[120.98121799,14.60877421],[120.98129548,14.60975388],[120.98182638,14.60970704],[120.98237635,14.60966104]]]]}},{"type":"Feature","properties":{"psgc_code":"1303901333","adm4_en":"Barangay 333","district":"Santa Cruz"},"geometry":{"type":"MultiPolygon","coordinates":[[[[120.98237635,14.60966104],[120.98182638,14.60970704],[120.98129548,14.60975388],[120.98140841,14.61102829],[120.98246799,14.6109607],[120.98237635,14.60966104]]]]}},{"type":"Feature","properties":{"psgc_code":"1303901334","adm4_en":"Barangay 334","district":"Santa Cruz"},"geometry":{"type":"MultiPolygon","coordinates":[[[[120.98176056,14.61311548],[120.98262629,14.61307683],[120.98261254,14.61285282],[120.98260077,14.61269488],[120.98258862,14.61250049],[120.98257647,14.61234104],[120.98256045,14.61207672],[120.98246799,14.6109607],[120.98140841,14.61102829],[120.98150874,14.61215735],[120.98118972,14.6121889],[120.98124161,14.61314635],[120.98153774,14.61312843],[120.98176056,14.61311548]]]]}},{"type":"Feature","properties":{"psgc_code":"1303901335","adm4_en":"Barangay 335","district":"Santa Cruz"},"geometry":{"type":"MultiPolygon","coordinates":[[[[120.98230453,14.60871171],[120.98223473,14.60771154],[120.98214308,14.60650352],[120.98158572,14.60654141],[120.98104873,14.6065787],[120.98114906,14.6078132],[120.98121799,14.60877421],[120.98176126,14.60875017],[120.98230453,14.60871171]]]]}},{"type":"Feature","properties":{"psgc_code":"1303901336","adm4_en":"Barangay 336","district":"Santa Cruz"},"geometry":{"type":"MultiPolygon","coordinates":[[[[120.98414745,14.61547889],[120.98365108,14.61551787],[120.98320968,14.61554057],[120.98271792,14.61557618],[120.98272516,14.61585382],[120.98273166,14.61602952],[120.98273167,14.61603086],[120.98273166,14.61603222],[120.98273166,14.6162215],[120.98274143,14.61658266],[120.98275199,14.61678623],[120.98326307,14.61684193],[120.98378519,14.61691249],[120.98427909,14.61695482],[120.98474476,14.61699715],[120.98467186,14.61544188],[120.98414745,14.61547889]]]]}},{"type":"Feature","properties":{"psgc_code":"1303901337","adm4_en":"Barangay 337","district":"Santa Cruz"},"geometry":{"type":"MultiPolygon","coordinates":[[[[120.98365108,14.61551787],[120.98414745,14.61547889],[120.98467186,14.61544188],[120.98456684,14.61419446],[120.98405766,14.61422748],[120.98355943,14.61425986],[120.98311904,14.61428904],[120.98267627,14.61431817],[120.98269602,14.61480087],[120.98269602,14.61496637],[120.9827043,14.61515393],[120.98270981,14.61533322],[120.98271405,14.61546033],[120.98271792,14.61557618],[120.98320968,14.61554057],[120.98365108,14.61551787]]]]}},{"type":"Feature","properties":{"psgc_code":"1303901338","adm4_en":"Barangay 338","district":"Santa Cruz"},"geometry":{"type":"MultiPolygon","coordinates":[[[[120.98544923,14.61538636],[120.98584408,14.61536168],[120.98617106,14.61533701],[120.98659829,14.61530546],[120.98657051,14.61495363],[120.98648719,14.61407405],[120.98607861,14.61409858],[120.98607568,14.61409877],[120.98574621,14.61412095],[120.98535628,14.61414332],[120.98495996,14.61416889],[120.98456684,14.61419446],[120.98467186,14.61544188],[120.9850482,14.6154172],[120.98544923,14.61538636]]]]}},{"type":"Feature","properties":{"psgc_code":"1303901339","adm4_en":"Barangay 339","district":"Santa Cruz"},"geometry":{"type":"MultiPolygon","coordinates":[[[[120.98355943,14.61425986],[120.98405766,14.61422748],[120.98456684,14.61419446],[120.98446723,14.61296633],[120.98397013,14.61300831],[120.98346779,14.61302685],[120.98303015,14.61305284],[120.98262629,14.61307683],[120.9826381,14.61335553],[120.98264637,14.61355136],[120.98265465,14.61372789],[120.98266292,14.61390443],[120.98266292,14.61408371],[120.98267627,14.61431817],[120.98311904,14.61428904],[120.98355943,14.61425986]]]]}},{"type":"Feature","properties":{"psgc_code":"1303901340","adm4_en":"Barangay 340","district":"Santa Cruz"},"geometry":{"type":"MultiPolygon","coordinates":[[[[120.98535628,14.61414332],[120.98574621,14.61412095],[120.98607568,14.61409877],[120.98607861,14.61409858],[120.98648719,14.61407405],[120.98647513,14.61397058],[120.98643163,14.61347224],[120.9863946,14.6130093],[120.98637608,14.61281487],[120.98597928,14.61284114],[120.98564667,14.61286318],[120.98526159,14.61289972],[120.98487367,14.61293199],[120.98446723,14.61296633],[120.98456684,14.61419446],[120.98495996,14.61416889],[120.98535628,14.61414332]]]]}},{"type":"Feature","properties":{"psgc_code":"1303901341","adm4_en":"Barangay 341","district":"Santa Cruz"},"geometry":{"type":"MultiPolygon","coordinates":[[[[120.98580633,14.61699286],[120.98595962,14.61681959],[120.98666943,14.61602018],[120.98663533,14.61574062],[120.98659829,14.61530546],[120.98617106,14.61533701],[120.98584408,14.61536168],[120.98544923,14.61538636],[120.9850482,14.6154172],[120.98467186,14.61544188],[120.98474476,14.61699715],[120.98516183,14.61703834],[120.98564125,14.6170767],[120.98575631,14.61705752],[120.98580633,14.61699286]]]]}},{"type":"Feature","properties":{"psgc_code":"1303901342","adm4_en":"Barangay 342","district":"Santa Cruz"},"geometry":{"type":"MultiPolygon","coordinates":[[[[120.98767182,14.61498511],[120.98869508,14.61394458],[120.98835757,14.61362039],[120.9880863,14.61337647],[120.98782953,14.61312468],[120.98754393,14.61286555],[120.9872677,14.61261289],[120.98700219,14.61236932],[120.9867414,14.61213552],[120.98646262,14.61189273],[120.98627377,14.61172188],[120.98627956,14.61178334],[120.98637608,14.61281487],[120.9863946,14.6130093],[120.98643163,14.61347224],[120.98647513,14.61397058],[120.98648719,14.61407405],[120.98657051,14.61495363],[120.98659829,14.61530546],[120.98663533,14.61574062],[120.98666943,14.61602018],[120.98694339,14.61572215],[120.98767182,14.61498511]]]]}},{"type":"Feature","properties":{"psgc_code":"1303901343","adm4_en":"Barangay 343","district":"Santa Cruz"},"geometry":{"type":"MultiPolygon","coordinates":[[[[120.98811399,14.61661113],[120.98833638,14.61661113],[120.98886454,14.61657639],[120.98884335,14.61603496],[120.98883382,14.61572216],[120.98883033,14.61556443],[120.98881593,14.61503041],[120.98879925,14.61432722],[120.98879342,14.61403569],[120.98869508,14.61394458],[120.98767182,14.61498511],[120.98694339,14.61572215],[120.98666943,14.61602018],[120.98672408,14.61612468],[120.98682137,14.61621502],[120.98727309,14.61661112],[120.98731479,14.61661807],[120.98785685,14.61661113],[120.98811399,14.61661113]]]]}},{"type":"Feature","properties":{"psgc_code":"1303901344","adm4_en":"Barangay 344","district":"Santa Cruz"},"geometry":{"type":"MultiPolygon","coordinates":[[[[120.98382752,14.61806954],[120.9843073,14.61805543],[120.98477297,14.61806954],[120.98495473,14.61805867],[120.98523853,14.6176967],[120.98575631,14.61705752],[120.98564125,14.6170767],[120.98516183,14.61703834],[120.98474476,14.61699715],[120.98427909,14.61695482],[120.98378519,14.61691249],[120.98326307,14.61684193],[120.98275199,14.61678623],[120.98276566,14.61718322],[120.982768,14.61748517],[120.98277672,14.61768134],[120.98278544,14.61783392],[120.9827915,14.61809048],[120.9833054,14.61806953],[120.98382752,14.61806954]]]]}},{"type":"Feature","properties":{"psgc_code":"1303901345","adm4_en":"Barangay 345","district":"Santa Cruz"},"geometry":{"type":"MultiPolygon","coordinates":[[[[120.98389806,14.62055296],[120.98440607,14.62052474],[120.98484352,14.62049652],[120.9848153,14.61926892],[120.98433552,14.61928303],[120.98396421,14.61928734],[120.98385824,14.61929399],[120.98360988,14.61931169],[120.98334803,14.61930899],[120.98326453,14.61931555],[120.98282312,14.6193394],[120.98284682,14.62055669],[120.98339005,14.62055296],[120.98389806,14.62055296]]]]}},{"type":"Feature","properties":{"psgc_code":"1303901346","adm4_en":"Barangay 346","district":"Santa Cruz"},"geometry":{"type":"MultiPolygon","coordinates":[[[[120.98334803,14.61930899],[120.98360988,14.61931169],[120.98385824,14.61929399],[120.98396421,14.61928734],[120.98433552,14.61928303],[120.9848153,14.61926892],[120.98478708,14.6182812],[120.98495473,14.61805867],[120.98477297,14.61806954],[120.9843073,14.61805543],[120.98382752,14.61806954],[120.9833054,14.61806953],[120.9827915,14.61809048],[120.98282312,14.6193394],[120.98326453,14.61931555],[120.98334803,14.61930899]]]]}},{"type":"Feature","properties":{"psgc_code":"1303901347","adm4_en":"Barangay 347","district":"Santa Cruz"},"geometry":{"type":"MultiPolygon","coordinates":[[[[120.98393353,14.62177537],[120.98444839,14.62176645],[120.98488584,14.62178057],[120.98484352,14.62049652],[120.98440607,14.62052474],[120.98389806,14.62055296],[120.98339005,14.62055296],[120.98284682,14.62055669],[120.98288394,14.62180477],[120.98343238,14.62179467],[120.98393353,14.62177537]]]]}},{"type":"Feature","properties":{"psgc_code":"1303901348","adm4_en":"Barangay 348","district":"Santa Cruz"},"geometry":{"type":"MultiPolygon","coordinates":[[[[120.98442882,14.6226868],[120.98493527,14.62263824],[120.98491388,14.62231027],[120.98488584,14.62178057],[120.98444839,14.62176645],[120.98393353,14.62177537],[120.98343238,14.62179467],[120.98288394,14.62180477],[120.9829106,14.62250071],[120.98292615,14.62268454],[120.98292382,14.6228262],[120.98397093,14.62272148],[120.98442882,14.6226868]]]]}},{"type":"Feature","properties":{"psgc_code":"1303901349","adm4_en":"Barangay 349","district":"Santa Cruz"},"geometry":{"type":"MultiPolygon","coordinates":[[[[120.98574697,14.62256887],[120.98614242,14.62254113],[120.98655174,14.6224995],[120.98654064,14.62234613],[120.98689465,14.62221478],[120.98709083,14.62214833],[120.98734144,14.62203274],[120.98734541,14.62191347],[120.98689459,14.62212614],[120.98488584,14.62178057],[120.98491388,14.62231027],[120.98493527,14.62263824],[120.98531684,14.62260356],[120.98574697,14.62256887]]]]}},{"type":"Feature","properties":{"psgc_code":"1303901350","adm4_en":"Barangay 350","district":"Santa Cruz"},"geometry":{"type":"MultiPolygon","coordinates":[[[[120.98775391,14.61825831],[120.9878772,14.6171567],[120.98759983,14.61713693],[120.9872471,14.61711209],[120.98690926,14.61709719],[120.98656149,14.61707732],[120.98627334,14.61705248],[120.98604481,14.61702763],[120.98580633,14.61699286],[120.98575631,14.61705752],[120.98523853,14.6176967],[120.98495473,14.61805867],[120.98478708,14.6182812],[120.9848153,14.61926892],[120.98484352,14.62049652],[120.98488584,14.62178057],[120.98689459,14.62212614],[120.98734541,14.62191347],[120.98775391,14.61825831]]]]}},{"type":"Feature","properties":{"psgc_code":"1303901351","adm4_en":"Barangay 351","district":"Santa Cruz"},"geometry":{"type":"MultiPolygon","coordinates":[[[[120.98756847,14.62190231],[120.98772089,14.62179822],[120.98786082,14.62167157],[120.98795244,14.62157404],[120.98803815,14.62149424],[120.98819479,14.62132283],[120.98845192,14.62107457],[120.98866651,14.62084019],[120.98873269,14.62076719],[120.98900755,14.62049825],[120.9889779,14.61961926],[120.98895956,14.61911159],[120.98892898,14.61822469],[120.98853658,14.61824388],[120.98829797,14.6182666],[120.98808209,14.61825523],[120.98785485,14.61826659],[120.98775391,14.61825831],[120.98734541,14.62191347],[120.98734144,14.62203274],[120.98739746,14.62200641],[120.98756847,14.62190231]]]]}},{"type":"Feature","properties":{"psgc_code":"1303901352","adm4_en":"Barangay 352","district":"Santa Cruz"},"geometry":{"type":"MultiPolygon","coordinates":[[[[120.98892898,14.61822469],[120.98892898,14.61813905],[120.98891063,14.61760691],[120.98889228,14.61710535],[120.98886454,14.61657639],[120.98833638,14.61661113],[120.98811399,14.61661113],[120.98785685,14.61661113],[120.98731479,14.61661807],[120.98727309,14.61661112],[120.98682137,14.61621502],[120.98672408,14.61612468],[120.98666943,14.61602018],[120.98595962,14.61681959],[120.98580633,14.61699286],[120.98604481,14.61702763],[120.98627334,14.61705248],[120.98656149,14.61707732],[120.98690926,14.61709719],[120.9872471,14.61711209],[120.98759983,14.61713693],[120.9878772,14.6171567],[120.98775391,14.61825831],[120.98785485,14.61826659],[120.98808209,14.61825523],[120.98829797,14.6182666],[120.98853658,14.61824388],[120.98892898,14.61822469]]]]}},{"type":"Feature","properties":{"psgc_code":"1303901353","adm4_en":"Barangay 353","district":"Santa Cruz"},"geometry":{"type":"MultiPolygon","coordinates":[[[[120.98092002,14.6181105],[120.98138676,14.61810013],[120.98183276,14.61808977],[120.9822995,14.61808977],[120.9827915,14.61809048],[120.98278544,14.61783392],[120.98277672,14.61768134],[120.982768,14.61748517],[120.98276566,14.61718322],[120.98275199,14.61678623],[120.98226464,14.61669868],[120.98180728,14.61662819],[120.98135293,14.61659246],[120.98089478,14.61655262],[120.98042335,14.61654598],[120.97999355,14.61655236],[120.97999421,14.61675607],[120.9800043,14.61694106],[120.97999758,14.61726058],[120.98000767,14.61757674],[120.98000942,14.61775135],[120.98001103,14.61793999],[120.98001642,14.61814367],[120.9804844,14.61812087],[120.98092002,14.6181105]]]]}},{"type":"Feature","properties":{"psgc_code":"1303901354","adm4_en":"Barangay 354","district":"Santa Cruz"},"geometry":{"type":"MultiPolygon","coordinates":[[[[120.98097485,14.61937774],[120.98143564,14.61936058],[120.98185699,14.61934579],[120.98235559,14.61932661],[120.98282312,14.6193394],[120.9827915,14.61809048],[120.9822995,14.61808977],[120.98183276,14.61808977],[120.98138676,14.61810013],[120.98092002,14.6181105],[120.9804844,14.61812087],[120.98001642,14.61814367],[120.98002377,14.61841728],[120.98002809,14.61860731],[120.98003025,14.61878438],[120.98003457,14.61895497],[120.98003457,14.61914068],[120.98004158,14.61939691],[120.98051613,14.61938716],[120.98097485,14.61937774]]]]}},{"type":"Feature","properties":{"psgc_code":"1303901355","adm4_en":"Barangay 355","district":"Santa Cruz"},"geometry":{"type":"MultiPolygon","coordinates":[[[[120.97896767,14.61941608],[120.97930646,14.61940969],[120.97965804,14.6194033],[120.98004158,14.61939691],[120.98003457,14.61914068],[120.98003457,14.61895497],[120.98003025,14.61878438],[120.98002809,14.61860731],[120.98002377,14.61841728],[120.98001642,14.61814367],[120.98001103,14.61793999],[120.98000942,14.61775135],[120.98000767,14.61757674],[120.97999758,14.61726058],[120.9800043,14.61694106],[120.97999421,14.61675607],[120.97999355,14.61655236],[120.9796551,14.6165443],[120.97932112,14.61653708],[120.97899164,14.61655283],[120.97877159,14.61656752],[120.97874055,14.61667972],[120.97872187,14.61678246],[120.97870786,14.6168992],[120.97867984,14.61698325],[120.97865182,14.61707197],[120.97861914,14.61716069],[120.97859579,14.61724942],[120.97859579,14.61734281],[120.97858645,14.6174362],[120.97859112,14.61758096],[120.97861447,14.6176977],[120.97861914,14.61782378],[120.97862848,14.6179732],[120.97864715,14.61812263],[120.97867282,14.61824524],[120.97868918,14.61832342],[120.97870786,14.61845884],[120.97872187,14.61860827],[120.97873588,14.61876236],[120.97875456,14.61889778],[120.97876856,14.61906589],[120.97877323,14.61926668],[120.97880786,14.61943526],[120.97887506,14.6194267],[120.97896767,14.61941608]]]]}},{"type":"Feature","properties":{"psgc_code":"1303901356","adm4_en":"Barangay 356","district":"Santa Cruz"},"geometry":{"type":"MultiPolygon","coordinates":[[[[120.98196894,14.62278271],[120.98244509,14.62272872],[120.98292615,14.62268454],[120.9829106,14.62250071],[120.98288394,14.62180477],[120.98242228,14.62182141],[120.98193567,14.62183804],[120.98148896,14.6218452],[120.98104661,14.62185684],[120.98106267,14.62267194],[120.98106036,14.62286694],[120.98157133,14.62281707],[120.98196894,14.62278271]]]]}},{"type":"Feature","properties":{"psgc_code":"1303901357","adm4_en":"Barangay 357","district":"Santa Cruz"},"geometry":{"type":"MultiPolygon","coordinates":[[[[120.98242228,14.62182141],[120.98288394,14.62180477],[120.98284682,14.62055669],[120.9823826,14.62056374],[120.98190816,14.62058553],[120.98148248,14.62058553],[120.98148676,14.62086472],[120.98148896,14.6218452],[120.98193567,14.62183804],[120.98242228,14.62182141]]]]}},{"type":"Feature","properties":{"psgc_code":"1303901358","adm4_en":"Barangay 358","district":"Santa Cruz"},"geometry":{"type":"MultiPolygon","coordinates":[[[[120.98284682,14.62055669],[120.98282312,14.6193394],[120.98235559,14.61932661],[120.98185699,14.61934579],[120.98143564,14.61936058],[120.98148248,14.62058553],[120.98190816,14.62058553],[120.9823826,14.62056374],[120.98284682,14.62055669]]]]}},{"type":"Feature","properties":{"psgc_code":"1303901359","adm4_en":"Barangay 359","district":"Santa Cruz"},"geometry":{"type":"MultiPolygon","coordinates":[[[[120.97988522,14.6229789],[120.98017162,14.6229491],[120.98106036,14.62286694],[120.98106267,14.62267194],[120.98104661,14.62185684],[120.98057151,14.6218713],[120.98012699,14.62188011],[120.97988527,14.62190457],[120.97953573,14.62194498],[120.9794652,14.62195447],[120.97946823,14.62207802],[120.97947853,14.62217583],[120.97951456,14.62228393],[120.97953001,14.62241778],[120.97955575,14.62253103],[120.97956604,14.62264429],[120.97955575,14.6227421],[120.97955217,14.62281232],[120.97954232,14.62300873],[120.97961093,14.62300283],[120.97988522,14.6229789]]]]}},{"type":"Feature","properties":{"psgc_code":"1303901360","adm4_en":"Barangay 360","district":"Santa Cruz"},"geometry":{"type":"MultiPolygon","coordinates":[[[[120.97988527,14.62190457],[120.98012699,14.62188011],[120.98057151,14.6218713],[120.98104661,14.62185684],[120.98148896,14.6218452],[120.98148676,14.62086472],[120.98148248,14.62058553],[120.98101329,14.62061293],[120.98054592,14.62062932],[120.98010328,14.62065362],[120.97923099,14.62074569],[120.97912674,14.62075729],[120.97920545,14.62083417],[120.9792418,14.62089778],[120.97926906,14.62097048],[120.97932359,14.62113708],[120.97938114,14.62131277],[120.97942052,14.62150057],[120.97943263,14.62160962],[120.97943869,14.62169443],[120.97943869,14.62178228],[120.9794652,14.62195447],[120.97953573,14.62194498],[120.97988527,14.62190457]]]]}},{"type":"Feature","properties":{"psgc_code":"1303901361","adm4_en":"Barangay 361","district":"Santa Cruz"},"geometry":{"type":"MultiPolygon","coordinates":[[[[120.98101329,14.62061293],[120.98148248,14.62058553],[120.98143564,14.61936058],[120.98097485,14.61937774],[120.98051613,14.61938716],[120.98004158,14.61939691],[120.98005058,14.619667],[120.9800634,14.61983687],[120.98006982,14.62002918],[120.98007913,14.62017253],[120.98008584,14.6202247],[120.98008264,14.62039457],[120.98010328,14.62065362],[120.98054592,14.62062932],[120.98101329,14.62061293]]]]}},{"type":"Feature","properties":{"psgc_code":"1303901362","adm4_en":"Barangay 362","district":"Santa Cruz"},"geometry":{"type":"MultiPolygon","coordinates":[[[[120.98010328,14.62065362],[120.98008264,14.62039457],[120.98008584,14.6202247],[120.98007913,14.62017253],[120.98006982,14.62002918],[120.9800634,14.61983687],[120.98005058,14.619667],[120.98004158,14.61939691],[120.97965804,14.6194033],[120.97930646,14.61940969],[120.97896767,14.61941608],[120.97887506,14.6194267],[120.97880786,14.61943526],[120.97903839,14.62040389],[120.9790914,14.62056292],[120.97912674,14.62075729],[120.97923099,14.62074569],[120.98010328,14.62065362]]]]}},{"type":"Feature","properties":{"psgc_code":"1303901363","adm4_en":"Barangay 363","district":"Santa Cruz"},"geometry":{"type":"MultiPolygon","coordinates":[[[[120.98400973,14.62419509],[120.98448689,14.62418949],[120.98495549,14.62417833],[120.9853683,14.62415602],[120.98576766,14.6241311],[120.98535524,14.62392798],[120.98494987,14.62374829],[120.98445039,14.62352173],[120.98398552,14.62332525],[120.98347782,14.62308472],[120.98292382,14.6228262],[120.98293969,14.62376895],[120.98294467,14.6239509],[120.98294957,14.62422439],[120.98350125,14.62420357],[120.98400973,14.62419509]]]]}},{"type":"Feature","properties":{"psgc_code":"1303901364","adm4_en":"Barangay 364","district":"Santa Cruz"},"geometry":{"type":"MultiPolygon","coordinates":[[[[120.98656911,14.62411037],[120.98656861,14.62386117],[120.98656612,14.62367923],[120.98656861,14.62349479],[120.98656113,14.62330537],[120.98655864,14.62313838],[120.98656363,14.62295643],[120.98656363,14.62277449],[120.98655174,14.6224995],[120.98614242,14.62254113],[120.98574697,14.62256887],[120.98531684,14.62260356],[120.98532293,14.62279728],[120.98532864,14.62297423],[120.9853372,14.6231626],[120.98534005,14.62334526],[120.98535147,14.62370773],[120.98535364,14.62383211],[120.98535395,14.62385002],[120.9853542,14.6238703],[120.98535467,14.62388765],[120.98535467,14.62389741],[120.98535524,14.62392798],[120.98576766,14.6241311],[120.98617928,14.62411884],[120.98656911,14.62411037]]]]}},{"type":"Feature","properties":{"psgc_code":"1303901365","adm4_en":"Barangay 365","district":"Santa Cruz"},"geometry":{"type":"MultiPolygon","coordinates":[[[[120.98535467,14.62388765],[120.9853542,14.6238703],[120.98535395,14.62385002],[120.98535364,14.62383211],[120.98535147,14.62370773],[120.98534005,14.62334526],[120.9853372,14.6231626],[120.98532864,14.62297423],[120.98532293,14.62279728],[120.98531684,14.62260356],[120.98493527,14.62263824],[120.98442882,14.6226868],[120.98397093,14.62272148],[120.98292382,14.6228262],[120.98347782,14.62308472],[120.98398552,14.62332525],[120.98445039,14.62352173],[120.98494987,14.62374829],[120.98535524,14.62392798],[120.98535467,14.62389741],[120.98535467,14.62388765]]]]}},{"type":"Feature","properties":{"psgc_code":"1303901366","adm4_en":"Barangay 366","district":"Santa Cruz"},"geometry":{"type":"MultiPolygon","coordinates":[[[[120.98404363,14.62543233],[120.98450974,14.62541538],[120.98450427,14.62514626],[120.98449877,14.62496459],[120.98449601,14.62478291],[120.98449326,14.624615],[120.98448775,14.62443057],[120.98448689,14.62418949],[120.98400973,14.62419509],[120.98350125,14.62420357],[120.98294957,14.62422439],[120.98295472,14.62446204],[120.98296676,14.62464873],[120.98297278,14.62481735],[120.9829788,14.62500404],[120.98299085,14.62519073],[120.98299501,14.62544354],[120.98353514,14.6254408],[120.98404363,14.62543233]]]]}},{"type":"Feature","properties":{"psgc_code":"1303901367","adm4_en":"Barangay 367","district":"Santa Cruz"},"geometry":{"type":"MultiPolygon","coordinates":[[[[120.98539111,14.62539844],[120.98581485,14.62538149],[120.98622164,14.62537302],[120.98661996,14.62536455],[120.98661046,14.62509439],[120.98660444,14.62490771],[120.9865925,14.62462966],[120.98656911,14.62411037],[120.98617928,14.62411884],[120.98576766,14.6241311],[120.9853683,14.62415602],[120.98495549,14.62417833],[120.98448689,14.62418949],[120.98448775,14.62443057],[120.98449326,14.624615],[120.98449601,14.62478291],[120.98449877,14.62496459],[120.98450427,14.62514626],[120.98450974,14.62541538],[120.98498433,14.62540691],[120.98539111,14.62539844]]]]}},{"type":"Feature","properties":{"psgc_code":"1303901368","adm4_en":"Barangay 368","district":"Santa Cruz"},"geometry":{"type":"MultiPolygon","coordinates":[[[[120.98821323,14.62260197],[120.98864544,14.6225935],[120.98907576,14.62258579],[120.98906353,14.62211482],[120.98904518,14.62167443],[120.98903295,14.6211851],[120.98901541,14.62070345],[120.98900755,14.62049825],[120.98873269,14.62076719],[120.98866651,14.62084019],[120.98845192,14.62107457],[120.98819479,14.62132283],[120.98803815,14.62149424],[120.98795244,14.62157404],[120.98786082,14.62167157],[120.98772089,14.62179822],[120.98756847,14.62190231],[120.98739746,14.62200641],[120.98734144,14.62203274],[120.98734958,14.62220815],[120.98736575,14.62261891],[120.98758551,14.62262513],[120.98780644,14.62261891],[120.98821323,14.62260197]]]]}},{"type":"Feature","properties":{"psgc_code":"1303901369","adm4_en":"Barangay 369","district":"Santa Cruz"},"geometry":{"type":"MultiPolygon","coordinates":[[[[120.98739964,14.62408495],[120.98762419,14.62408236],[120.98758551,14.62262513],[120.98736575,14.62261891],[120.98734958,14.62220815],[120.98734144,14.62203274],[120.98709083,14.62214833],[120.98689465,14.62221478],[120.98654064,14.62234613],[120.98655174,14.6224995],[120.98656363,14.62277449],[120.98656363,14.62295643],[120.98655864,14.62313838],[120.98656113,14.62330537],[120.98656861,14.62349479],[120.98656612,14.62367923],[120.98656861,14.62386117],[120.98656911,14.62411037],[120.98700133,14.6241019],[120.98739964,14.62408495]]]]}},{"type":"Feature","properties":{"psgc_code":"1303901370","adm4_en":"Barangay 370","district":"Santa Cruz"},"geometry":{"type":"MultiPolygon","coordinates":[[[[120.98722166,14.6253476],[120.98740502,14.62516516],[120.98787423,14.62475441],[120.98867086,14.62404259],[120.98823864,14.62405953],[120.98785728,14.624068],[120.98762419,14.62408236],[120.98739964,14.62408495],[120.98700133,14.6241019],[120.98656911,14.62411037],[120.9865925,14.62462966],[120.98660444,14.62490771],[120.98661046,14.62509439],[120.98661996,14.62536455],[120.98702674,14.6253476],[120.98722166,14.6253476]]]]}},{"type":"Feature","properties":{"psgc_code":"1303901371","adm4_en":"Barangay 371","district":"Santa Cruz"},"geometry":{"type":"MultiPolygon","coordinates":[[[[120.98823864,14.62405953],[120.98867086,14.62404259],[120.98911245,14.62366842],[120.98908799,14.62316075],[120.98907576,14.62258579],[120.98864544,14.6225935],[120.98821323,14.62260197],[120.98780644,14.62261891],[120.98758551,14.62262513],[120.98762419,14.62408236],[120.98785728,14.624068],[120.98823864,14.62405953]]]]}},{"type":"Feature","properties":{"psgc_code":"1303901372","adm4_en":"Barangay 372","district":"Santa Cruz"},"geometry":{"type":"MultiPolygon","coordinates":[[[[120.98869958,14.63736883],[120.9891778,14.63722625],[120.98943919,14.63713417],[120.98994712,14.63697972],[120.99023821,14.63688467],[120.99057386,14.6367807],[120.99074874,14.63671819],[120.99091248,14.63665892],[120.99118872,14.63657278],[120.99146199,14.63648961],[120.99174417,14.63639456],[120.99191361,14.63633808],[120.9930593,14.63593279],[120.99276918,14.63502778],[120.99261978,14.63457387],[120.99246881,14.63411285],[120.99231459,14.63366077],[120.99216344,14.63321169],[120.99200539,14.63275454],[120.99186447,14.63231267],[120.99171286,14.63185568],[120.99156765,14.63140938],[120.99141419,14.63095325],[120.99125573,14.6305023],[120.99110166,14.63007034],[120.99095775,14.62962448],[120.99084205,14.62927457],[120.99083687,14.62925645],[120.99071506,14.62888515],[120.99059372,14.62852394],[120.99047061,14.62814583],[120.99034822,14.62777614],[120.99022688,14.62741776],[120.98983844,14.62601465],[120.989758,14.62602786],[120.9896855,14.62602931],[120.98960253,14.62602073],[120.98955646,14.62601153],[120.98950405,14.62600842],[120.98938709,14.62600842],[120.98922089,14.62602689],[120.98915527,14.62427396],[120.98914915,14.62416387],[120.98911245,14.62366842],[120.98867086,14.62404259],[120.98787423,14.62475441],[120.98740502,14.62516516],[120.98775557,14.62537303],[120.98803288,14.62552216],[120.98864542,14.62586454],[120.98883309,14.62597149],[120.98866585,14.62607318],[120.98860881,14.62645049],[120.9885079,14.62682781],[120.98838067,14.62718319],[120.98829795,14.62737294],[120.98773405,14.62836964],[120.98703339,14.62956173],[120.98675552,14.63004493],[120.98705149,14.63209855],[120.98714814,14.63284752],[120.98736803,14.63451247],[120.98828373,14.63749358],[120.9884976,14.63742527],[120.98869958,14.63736883]]]]}},{"type":"Feature","properties":{"psgc_code":"1303901373","adm4_en":"Barangay 373","district":"Santa Cruz"},"geometry":{"type":"MultiPolygon","coordinates":[[[[120.98402423,14.63041462],[120.98423601,14.63014428],[120.98412262,14.63005894],[120.98386722,14.62987211],[120.98360154,14.62976584],[120.98337014,14.62967499],[120.98331186,14.62965442],[120.98329129,14.62969385],[120.98311474,14.62967156],[120.98294438,14.62954643],[120.98265297,14.62927008],[120.98256575,14.62937046],[120.98241746,14.62953068],[120.9826173,14.62969918],[120.98264343,14.62985593],[120.9827799,14.63027968],[120.98303346,14.631067],[120.98308674,14.63102571],[120.98316188,14.63101154],[120.9832205,14.63106743],[120.98327329,14.63111781],[120.98339718,14.6312457],[120.98374702,14.63078202],[120.98402423,14.63041462]]]]}},{"type":"Feature","properties":{"psgc_code":"1303901374","adm4_en":"Barangay 374","district":"Santa Cruz"},"geometry":{"type":"MultiPolygon","coordinates":[[[[120.98314385,14.631611],[120.98314991,14.63159129],[120.98320448,14.63157462],[120.983206,14.63155492],[120.98325298,14.63154734],[120.98322841,14.63146738],[120.98322365,14.63143524],[120.9832546,14.63142214],[120.9832915,14.63140548],[120.98333079,14.63134952],[120.98337008,14.63129476],[120.98339718,14.6312457],[120.98327329,14.63111781],[120.9832205,14.63106743],[120.98316188,14.63101154],[120.98308674,14.63102571],[120.98303346,14.631067],[120.9827799,14.63027968],[120.98264343,14.62985593],[120.9826173,14.62969918],[120.98241746,14.62953068],[120.98215678,14.62981243],[120.98212198,14.6298499],[120.98138574,14.63064755],[120.98106532,14.63099533],[120.98124782,14.6310505],[120.98139626,14.63107333],[120.98164176,14.63106191],[120.98192151,14.63119894],[120.98219556,14.63133025],[120.98278361,14.63158717],[120.98292635,14.63168993],[120.98298016,14.63161554],[120.98314385,14.631611]]]]}},{"type":"Feature","properties":{"psgc_code":"1303901375","adm4_en":"Barangay 375","district":"Santa Cruz"},"geometry":{"type":"MultiPolygon","coordinates":[[[[120.98430079,14.63006177],[120.98459656,14.62964071],[120.98441144,14.62952758],[120.98433173,14.6294633],[120.98407205,14.6293039],[120.98394093,14.62923448],[120.9838174,14.62919683],[120.98381856,14.62824919],[120.98359528,14.62844915],[120.98339474,14.62861753],[120.9832552,14.62873435],[120.98298979,14.62895467],[120.98276442,14.62914154],[120.98265297,14.62927008],[120.98294438,14.62954643],[120.98311474,14.62967156],[120.98329129,14.62969385],[120.98331186,14.62965442],[120.98337014,14.62967499],[120.98360154,14.62976584],[120.98386722,14.62987211],[120.98412262,14.63005894],[120.98423601,14.63014428],[120.98423923,14.63014031],[120.98430079,14.63006177]]]]}},{"type":"Feature","properties":{"psgc_code":"1303901376","adm4_en":"Barangay 376","district":"Santa Cruz"},"geometry":{"type":"MultiPolygon","coordinates":[[[[120.98643265,14.62691995],[120.98653795,14.62677516],[120.98676402,14.62650857],[120.98704369,14.62668653],[120.98820473,14.6272882],[120.988281,14.62733057],[120.98829795,14.62737294],[120.98838067,14.62718319],[120.9885079,14.62682781],[120.98860881,14.62645049],[120.98866585,14.62607318],[120.98883309,14.62597149],[120.98864542,14.62586454],[120.98803288,14.62552216],[120.98775557,14.62537303],[120.98740502,14.62516516],[120.98722166,14.6253476],[120.98702825,14.62549978],[120.98663294,14.62582631],[120.98623763,14.62617862],[120.98583373,14.62653094],[120.98583594,14.62660154],[120.98585194,14.62689539],[120.98582021,14.62788293],[120.98625276,14.62713493],[120.98643265,14.62691995]]]]}},{"type":"Feature","properties":{"psgc_code":"1303901377","adm4_en":"Barangay 377","district":"Santa Cruz"},"geometry":{"type":"MultiPolygon","coordinates":[[[[120.98585194,14.62689539],[120.98583594,14.62660154],[120.98583373,14.62653094],[120.98543522,14.62687817],[120.98504311,14.62721838],[120.98504472,14.62753639],[120.98505682,14.62791472],[120.98509636,14.62912179],[120.98582021,14.62788293],[120.98585194,14.62689539]]]]}},{"type":"Feature","properties":{"psgc_code":"1303901378","adm4_en":"Barangay 378","district":"Santa Cruz"},"geometry":{"type":"MultiPolygon","coordinates":[[[[120.98498525,14.62912344],[120.98509636,14.62912179],[120.98505682,14.62791472],[120.98504472,14.62753639],[120.98504311,14.62721838],[120.98456186,14.62763084],[120.98411965,14.6279794],[120.98381856,14.62824919],[120.9838174,14.62919683],[120.98394093,14.62923448],[120.98407205,14.6293039],[120.98433173,14.6294633],[120.98441144,14.62952758],[120.98459656,14.62964071],[120.98468237,14.6295393],[120.98498525,14.62912344]]]]}},{"type":"Feature","properties":{"psgc_code":"1303901379","adm4_en":"Barangay 379","district":"Santa Cruz"},"geometry":{"type":"MultiPolygon","coordinates":[[[[120.98663294,14.62582631],[120.98702825,14.62549978],[120.98722166,14.6253476],[120.98702674,14.6253476],[120.98661996,14.62536455],[120.98622164,14.62537302],[120.98581485,14.62538149],[120.98581591,14.62564573],[120.98582588,14.62583764],[120.98582089,14.62602457],[120.98583086,14.62620651],[120.98582837,14.62637849],[120.98583373,14.62653094],[120.98623763,14.62617862],[120.98663294,14.62582631]]]]}},{"type":"Feature","properties":{"psgc_code":"1303901380","adm4_en":"Barangay 380","district":"Santa Cruz"},"geometry":{"type":"MultiPolygon","coordinates":[[[[120.98583373,14.62653094],[120.98582837,14.62637849],[120.98583086,14.62620651],[120.98582089,14.62602457],[120.98582588,14.62583764],[120.98581591,14.62564573],[120.98581485,14.62538149],[120.98539111,14.62539844],[120.98498433,14.62540691],[120.98498843,14.62566566],[120.98499342,14.62584761],[120.9850009,14.62603454],[120.98500339,14.62620901],[120.98500837,14.62628876],[120.98500837,14.62639594],[120.98501336,14.62649812],[120.98501336,14.62658785],[120.98501661,14.62664971],[120.98504311,14.62721838],[120.98543522,14.62687817],[120.98583373,14.62653094]]]]}},{"type":"Feature","properties":{"psgc_code":"1303901381","adm4_en":"Barangay 381","district":"Santa Cruz"},"geometry":{"type":"MultiPolygon","coordinates":[[[[120.98406236,14.62668993],[120.98454497,14.6266753],[120.98501661,14.62664971],[120.98501336,14.62658785],[120.98501336,14.62649812],[120.98500837,14.62639594],[120.98500837,14.62628876],[120.98500339,14.62620901],[120.9850009,14.62603454],[120.98499342,14.62584761],[120.98498843,14.62566566],[120.98498433,14.62540691],[120.98450974,14.62541538],[120.98404363,14.62543233],[120.98353514,14.6254408],[120.98299501,14.62544354],[120.98299699,14.62549702],[120.98299699,14.62565511],[120.98302442,14.62646481],[120.9830286,14.62670642],[120.98355051,14.62669358],[120.98406236,14.62668993]]]]}},{"type":"Feature","properties":{"psgc_code":"1303901382","adm4_en":"Barangay 382","district":"Santa Cruz"},"geometry":{"type":"MultiPolygon","coordinates":[[[[120.9832552,14.62873435],[120.98339474,14.62861753],[120.98359528,14.62844915],[120.98381856,14.62824919],[120.98411965,14.6279794],[120.98456186,14.62763084],[120.98504311,14.62721838],[120.98501661,14.62664971],[120.98454497,14.6266753],[120.98406236,14.62668993],[120.98355051,14.62669358],[120.9830286,14.62670642],[120.98306022,14.62751268],[120.98305835,14.62795507],[120.98305834,14.62831175],[120.98302437,14.62854387],[120.98295076,14.62878166],[120.98286583,14.62897982],[120.98281593,14.62905938],[120.98276442,14.62914154],[120.98298979,14.62895467],[120.9832552,14.62873435]]]]}},{"type":"Feature","properties":{"psgc_code":"1303901383","adm4_en":"Barangay 383","district":"Quiapo"},"geometry":{"type":"MultiPolygon","coordinates":[[[[120.98478489,14.59780443],[120.9848862,14.59780443],[120.98501092,14.5978565],[120.98512811,14.5979132],[120.98518481,14.59777334],[120.98523017,14.59767127],[120.98528687,14.59755409],[120.9853398,14.59745959],[120.98542296,14.59735374],[120.98546832,14.59727814],[120.98558644,14.59706312],[120.98546145,14.59708235],[120.98514232,14.59713147],[120.98508153,14.59652363],[120.98469716,14.59659119],[120.98431216,14.59665642],[120.98390206,14.59673671],[120.98376368,14.59676639],[120.98379307,14.59689373],[120.98387144,14.59734924],[120.9839743,14.59794678],[120.98449225,14.59784944],[120.98478489,14.59780443]]]]}},{"type":"Feature","properties":{"psgc_code":"1303901384","adm4_en":"Barangay 384","district":"Quiapo"},"geometry":{"type":"MultiPolygon","coordinates":[[[[120.98558644,14.59706312],[120.98580796,14.59596785],[120.98581308,14.59565461],[120.98582666,14.59544498],[120.98582996,14.59534658],[120.98578354,14.59527063],[120.98569228,14.59523258],[120.98552756,14.59522391],[120.98538452,14.59524558],[120.98518079,14.59529326],[120.98500307,14.59533227],[120.98483835,14.59539296],[120.98465196,14.59546665],[120.98450025,14.59550133],[120.9843572,14.59546665],[120.98416648,14.59535395],[120.98375035,14.59506352],[120.98354983,14.59499062],[120.98342699,14.59497084],[120.9829129,14.59445671],[120.98207595,14.59551699],[120.9823992,14.59574748],[120.98244002,14.59577599],[120.98326231,14.59630146],[120.98346489,14.59642843],[120.98357265,14.596497],[120.98365592,14.59656557],[120.9837245,14.59665373],[120.98376368,14.59676639],[120.98390206,14.59673671],[120.98431216,14.59665642],[120.98469716,14.59659119],[120.98508153,14.59652363],[120.98514232,14.59713147],[120.98546145,14.59708235],[120.98558644,14.59706312]]]]}},{"type":"Feature","properties":{"psgc_code":"1303901385","adm4_en":"Barangay 385","district":"Quiapo"},"geometry":{"type":"MultiPolygon","coordinates":[[[[120.98615764,14.59697904],[120.98623588,14.59696714],[120.98781268,14.5967241],[120.98783577,14.59671969],[120.98817285,14.59665645],[120.98955225,14.59648275],[120.98931552,14.59609723],[120.98919696,14.59590509],[120.98892322,14.59546146],[120.98888492,14.5953961],[120.98827443,14.59435409],[120.98822033,14.59426167],[120.9878886,14.5944934],[120.98779103,14.5945617],[120.98766663,14.5946861],[120.98754711,14.59476903],[120.98744222,14.59483489],[120.9873105,14.59491538],[120.98721537,14.59498124],[120.98707877,14.59504222],[120.98695681,14.59508857],[120.98681046,14.59513004],[120.98666898,14.59516662],[120.9865397,14.59519833],[120.98642262,14.5952398],[120.9862909,14.59527883],[120.98614943,14.59531054],[120.98601039,14.59532273],[120.98588599,14.59530322],[120.98578354,14.59527063],[120.98582996,14.59534658],[120.98582666,14.59544498],[120.98581308,14.59565461],[120.98580796,14.59596785],[120.98558644,14.59706312],[120.9856721,14.5970501],[120.98615764,14.59697904]]]]}},{"type":"Feature","properties":{"psgc_code":"1303901386","adm4_en":"Barangay 386","district":"Quiapo"},"geometry":{"type":"MultiPolygon","coordinates":[[[[120.99095027,14.59619966],[120.99097459,14.59610238],[120.99096764,14.59590435],[120.99098501,14.59578274],[120.99098849,14.5956403],[120.99099196,14.59547005],[120.99099543,14.59533108],[120.99094679,14.59516779],[120.99079045,14.5945841],[120.99067232,14.59415328],[120.99060631,14.59396914],[120.99057157,14.59385796],[120.9905264,14.59374331],[120.99048471,14.59360781],[120.9904187,14.59349663],[120.99032141,14.59340283],[120.99022761,14.59334724],[120.99012338,14.59330554],[120.99000525,14.59329165],[120.98976552,14.5932847],[120.98958833,14.59327775],[120.98944588,14.59328817],[120.98931038,14.59332639],[120.98919573,14.59338545],[120.9890776,14.59346536],[120.98894558,14.59357307],[120.98883787,14.59368077],[120.98873364,14.59377805],[120.98860162,14.59390313],[120.98850781,14.59397262],[120.98840358,14.59405947],[120.98830978,14.59416718],[120.98822033,14.59426167],[120.98827443,14.59435409],[120.98888492,14.5953961],[120.98892322,14.59546146],[120.98919696,14.59590509],[120.98931552,14.59609723],[120.98955225,14.59648275],[120.98977116,14.59645387],[120.99063286,14.59647917],[120.99081232,14.596488],[120.99089815,14.59630042],[120.99095027,14.59619966]]]]}},{"type":"Feature","properties":{"psgc_code":"1303901387","adm4_en":"Barangay 387","district":"Quiapo"},"geometry":{"type":"MultiPolygon","coordinates":[[[[120.98674338,14.59773691],[120.98706619,14.59765493],[120.987673,14.59755659],[120.98790507,14.59751776],[120.98802359,14.59749761],[120.98869782,14.59739873],[120.9893181,14.59730883],[120.98956072,14.59725579],[120.98958607,14.59684797],[120.98958607,14.59673976],[120.98957931,14.59659096],[120.98955225,14.59648275],[120.98817285,14.59665645],[120.98783577,14.59671969],[120.98781268,14.5967241],[120.98623588,14.59696714],[120.98615764,14.59697904],[120.9856721,14.5970501],[120.98558644,14.59706312],[120.98546832,14.59727814],[120.98563991,14.59738177],[120.98580516,14.59745629],[120.98604819,14.5975211],[120.98628149,14.59765395],[120.98632645,14.59772601],[120.98638473,14.59773946],[120.98644749,14.59773946],[120.98651473,14.59775291],[120.98658422,14.59778653],[120.98663129,14.59782912],[120.98669503,14.59786882],[120.98673307,14.59776269],[120.98674338,14.59773691]]]]}},{"type":"Feature","properties":{"psgc_code":"1303901388","adm4_en":"Barangay 388","district":"Quiapo"},"geometry":{"type":"MultiPolygon","coordinates":[[[[120.98956072,14.59725579],[120.9893181,14.59730883],[120.98869782,14.59739873],[120.98802359,14.59749761],[120.98790507,14.59751776],[120.987673,14.59755659],[120.98706619,14.59765493],[120.98674338,14.59773691],[120.98673307,14.59776269],[120.98669503,14.59786882],[120.98683575,14.59789788],[120.98696381,14.59792744],[120.98708859,14.59797012],[120.98721994,14.59801281],[120.98736114,14.59806207],[120.98747607,14.59810804],[120.98758772,14.5981573],[120.98767541,14.59818811],[120.98824074,14.5983988],[120.98826457,14.59832098],[120.98864558,14.59845723],[120.98873563,14.59846849],[120.98943348,14.59840096],[120.98956072,14.59725579]]]]}},{"type":"Feature","properties":{"psgc_code":"1303901389","adm4_en":"Barangay 389","district":"Quiapo"},"geometry":{"type":"MultiPolygon","coordinates":[[[[120.99138916,14.59990843],[120.99128954,14.59955562],[120.99125057,14.59937051],[120.99120186,14.59919026],[120.99116776,14.59901976],[120.99113853,14.59880054],[120.99109955,14.59865927],[120.99101674,14.5984839],[120.99095828,14.59839134],[120.99082069,14.59817663],[120.99073419,14.59803085],[120.99068061,14.59794803],[120.99065625,14.59784086],[120.99061241,14.5977142],[120.99059779,14.59730987],[120.99059292,14.59716372],[120.99063676,14.59696399],[120.99068548,14.59671068],[120.99081232,14.596488],[120.99063286,14.59647917],[120.98977116,14.59645387],[120.98955225,14.59648275],[120.98957931,14.59659096],[120.98958607,14.59673976],[120.98958607,14.59684797],[120.98956072,14.59725579],[120.98956902,14.59752963],[120.98959115,14.59761815],[120.98963341,14.59778133],[120.98988139,14.59826681],[120.98998478,14.59846236],[120.99009717,14.59866914],[120.9902895,14.5990258],[120.99050594,14.59945866],[120.9907562,14.59999297],[120.99085089,14.60018235],[120.99095457,14.6003254],[120.99123798,14.6000523],[120.99138916,14.59990843]]]]}},{"type":"Feature","properties":{"psgc_code":"1303901390","adm4_en":"Barangay 390","district":"Quiapo"},"geometry":{"type":"MultiPolygon","coordinates":[[[[120.99039897,14.60058455],[120.99058971,14.60049642],[120.99095457,14.6003254],[120.99085089,14.60018235],[120.9907562,14.59999297],[120.99050594,14.59945866],[120.9902895,14.5990258],[120.99009717,14.59866914],[120.98998478,14.59846236],[120.98988139,14.59826681],[120.98963341,14.59778133],[120.98959115,14.59761815],[120.98956902,14.59752963],[120.98956072,14.59725579],[120.98943348,14.59840096],[120.98937719,14.59922257],[120.98907329,14.5992901],[120.98887069,14.59936888],[120.98851051,14.59959398],[120.98861784,14.59977597],[120.9875699,14.60059219],[120.98757813,14.60060959],[120.98811547,14.60165933],[120.98906184,14.60120328],[120.99039897,14.60058455]]]]}},{"type":"Feature","properties":{"psgc_code":"1303901391","adm4_en":"Barangay 391","district":"Quiapo"},"geometry":{"type":"MultiPolygon","coordinates":[[[[120.98612011,14.60258282],[120.98582107,14.60200887],[120.98631331,14.6017798],[120.98634255,14.60101463],[120.98665447,14.60086842],[120.98667884,14.60069784],[120.98686364,14.60070895],[120.98700538,14.60065398],[120.98716621,14.60060037],[120.98727627,14.60054389],[120.98750214,14.60045268],[120.9875699,14.60059219],[120.98861784,14.59977597],[120.98851051,14.59959398],[120.98887069,14.59936888],[120.98869858,14.59938178],[120.98835785,14.5994326],[120.987976,14.59943911],[120.98792827,14.59945429],[120.98777206,14.59946948],[120.98754643,14.59942392],[120.98751615,14.5994688],[120.98715784,14.59968378],[120.98661344,14.59975144],[120.98633661,14.59975458],[120.98622622,14.60025708],[120.98607236,14.6002642],[120.9860303,14.60066252],[120.9857607,14.60064861],[120.98550468,14.60063624],[120.98525318,14.60062226],[120.98506012,14.60061169],[120.98452778,14.60057696],[120.9846245,14.60103744],[120.98470061,14.60139913],[120.98474011,14.60161225],[120.98478681,14.60180712],[120.98488342,14.60231237],[120.98504234,14.60313733],[120.98570964,14.60277664],[120.98612011,14.60258282]]]]}},{"type":"Feature","properties":{"psgc_code":"1303901392","adm4_en":"Barangay 392","district":"Quiapo"},"geometry":{"type":"MultiPolygon","coordinates":[[[[120.98726368,14.60206248],[120.98811547,14.60165933],[120.98757813,14.60060959],[120.9875699,14.60059219],[120.98750214,14.60045268],[120.98727627,14.60054389],[120.98716621,14.60060037],[120.98700538,14.60065398],[120.98686364,14.60070895],[120.98667884,14.60069784],[120.98665447,14.60086842],[120.98634255,14.60101463],[120.98631331,14.6017798],[120.98582107,14.60200887],[120.98612011,14.60258282],[120.9871577,14.60210397],[120.98726368,14.60206248]]]]}},{"type":"Feature","properties":{"psgc_code":"1303901393","adm4_en":"Barangay 393","district":"Quiapo"},"geometry":{"type":"MultiPolygon","coordinates":[[[[120.98715784,14.59968378],[120.98751615,14.5994688],[120.98754643,14.59942392],[120.98777206,14.59946948],[120.98792827,14.59945429],[120.987976,14.59943911],[120.98835785,14.5994326],[120.98869858,14.59938178],[120.98887069,14.59936888],[120.98907329,14.5992901],[120.98937719,14.59922257],[120.98943348,14.59840096],[120.98873563,14.59846849],[120.98864558,14.59845723],[120.98826457,14.59832098],[120.98824074,14.5983988],[120.98767541,14.59818811],[120.98758772,14.5981573],[120.98747607,14.59810804],[120.98736114,14.59806207],[120.98721994,14.59801281],[120.98708859,14.59797012],[120.98696381,14.59792744],[120.98683575,14.59789788],[120.98669503,14.59786882],[120.98663129,14.59782912],[120.98658422,14.59778653],[120.98651473,14.59775291],[120.98644749,14.59773946],[120.98638473,14.59773946],[120.98632645,14.59772601],[120.98628149,14.59765395],[120.98604819,14.5975211],[120.98580516,14.59745629],[120.98563991,14.59738177],[120.98546832,14.59727814],[120.98542296,14.59735374],[120.9853398,14.59745959],[120.98528687,14.59755409],[120.98523017,14.59767127],[120.98518481,14.59777334],[120.98512811,14.5979132],[120.98501092,14.5978565],[120.9848862,14.59780443],[120.98478489,14.59780443],[120.98449225,14.59784944],[120.9839743,14.59794678],[120.98404399,14.59824773],[120.98417512,14.59881371],[120.98468366,14.59875169],[120.98477242,14.598746],[120.98484058,14.59874059],[120.98485253,14.59891671],[120.98487556,14.5990491],[120.98489956,14.59914523],[120.98490084,14.59936071],[120.98493312,14.59947508],[120.98508854,14.59956142],[120.9853729,14.59962874],[120.98551297,14.59967502],[120.9856262,14.59970894],[120.98570915,14.59973343],[120.98601889,14.59973885],[120.98633661,14.59975458],[120.98661344,14.59975144],[120.98715784,14.59968378]]]]}},{"type":"Feature","properties":{"psgc_code":"1303901394","adm4_en":"Barangay 394","district":"Quiapo"},"geometry":{"type":"MultiPolygon","coordinates":[[[[120.98622622,14.60025708],[120.98633661,14.59975458],[120.98601889,14.59973885],[120.98570915,14.59973343],[120.9856262,14.59970894],[120.98551297,14.59967502],[120.9853729,14.59962874],[120.98508854,14.59956142],[120.98493312,14.59947508],[120.98490084,14.59936071],[120.98489956,14.59914523],[120.98487556,14.5990491],[120.98485253,14.59891671],[120.98484058,14.59874059],[120.98477242,14.598746],[120.98468366,14.59875169],[120.98417512,14.59881371],[120.98431717,14.59947982],[120.98447194,14.60028536],[120.98452778,14.60057696],[120.98506012,14.60061169],[120.98525318,14.60062226],[120.98550468,14.60063624],[120.9857607,14.60064861],[120.9860303,14.60066252],[120.98607236,14.6002642],[120.98622622,14.60025708]]]]}},{"type":"Feature","properties":{"psgc_code":"1303901395","adm4_en":"Barangay 395","district":"Sampaloc"},"geometry":{"type":"MultiPolygon","coordinates":[[[[120.98794293,14.60503888],[120.98793632,14.60501215],[120.98780966,14.60451407],[120.98773923,14.60421486],[120.98883966,14.60303005],[120.98811547,14.60165933],[120.98726368,14.60206248],[120.9871577,14.60210397],[120.98612011,14.60258282],[120.98570964,14.60277664],[120.98504234,14.60313733],[120.98518168,14.60385245],[120.98529234,14.60447236],[120.98533033,14.60456758],[120.98540631,14.60464815],[120.98552788,14.60473605],[120.98569504,14.60479464],[120.98594643,14.60485626],[120.98636987,14.60493842],[120.98694101,14.60504777],[120.9872989,14.60511537],[120.98767178,14.60517857],[120.9877729,14.60519753],[120.9877907,14.60520063],[120.98789852,14.60521947],[120.98794293,14.6051685],[120.98794293,14.60503888]]]]}},{"type":"Feature","properties":{"psgc_code":"1303901396","adm4_en":"Barangay 396","district":"Sampaloc"},"geometry":{"type":"MultiPolygon","coordinates":[[[[120.98966787,14.60468619],[120.98944776,14.60452535],[120.98946146,14.60415931],[120.98922072,14.60375193],[120.98883966,14.60303005],[120.98773923,14.60421486],[120.98780966,14.60451407],[120.98793632,14.60501215],[120.98794293,14.60503888],[120.98794293,14.6051685],[120.98789852,14.60521947],[120.98800042,14.60529864],[120.98810154,14.60539975],[120.98839857,14.60565886],[120.98866401,14.60591164],[120.98892944,14.60613914],[120.99004882,14.6050248],[120.98966787,14.60468619]]]]}},{"type":"Feature","properties":{"psgc_code":"1303901397","adm4_en":"Barangay 397","district":"Sampaloc"},"geometry":{"type":"MultiPolygon","coordinates":[[[[120.99112704,14.60600019],[120.99110763,14.60598198],[120.99058216,14.60550731],[120.99004882,14.6050248],[120.98892944,14.60613914],[120.98920752,14.60639192],[120.98949192,14.60665103],[120.99003543,14.60713763],[120.9905663,14.60761792],[120.9916573,14.60649775],[120.99112704,14.60600019]]]]}},{"type":"Feature","properties":{"psgc_code":"1303901398","adm4_en":"Barangay 398","district":"Sampaloc"},"geometry":{"type":"MultiPolygon","coordinates":[[[[120.99185743,14.60629324],[120.99202407,14.60612661],[120.99202606,14.60612462],[120.99218172,14.60596347],[120.99230248,14.6049445],[120.99219738,14.60487649],[120.99214341,14.60493311],[120.99194976,14.60513765],[120.99181353,14.60501553],[120.9917279,14.60511929],[120.99133237,14.60478252],[120.99125552,14.60483006],[120.99109863,14.60499011],[120.99094314,14.60511686],[120.99076133,14.60531258],[120.99058216,14.60550731],[120.99110763,14.60598198],[120.99112704,14.60600019],[120.9916573,14.60649775],[120.99185303,14.60629773],[120.99185743,14.60629324]]]]}},{"type":"Feature","properties":{"psgc_code":"1303901399","adm4_en":"Barangay 399","district":"Sampaloc"},"geometry":{"type":"MultiPolygon","coordinates":[[[[120.99094314,14.60511686],[120.99109863,14.60499011],[120.99125552,14.60483006],[120.99125004,14.60471422],[120.99124997,14.60471279],[120.99122924,14.60436264],[120.99047073,14.60438153],[120.99022073,14.60435375],[120.98983184,14.60427968],[120.98946146,14.60415931],[120.98944776,14.60452535],[120.98966787,14.60468619],[120.99004882,14.6050248],[120.99058216,14.60550731],[120.99076133,14.60531258],[120.99094314,14.60511686]]]]}},{"type":"Feature","properties":{"psgc_code":"1303901400","adm4_en":"Barangay 400","district":"Sampaloc"},"geometry":{"type":"MultiPolygon","coordinates":[[[[120.99127269,14.60376834],[120.99132681,14.60300167],[120.99108671,14.60294181],[120.9908307,14.60287539],[120.99037969,14.60274912],[120.98983184,14.60427968],[120.99022073,14.60435375],[120.99047073,14.60438153],[120.99122924,14.60436264],[120.99127269,14.60376834]]]]}},{"type":"Feature","properties":{"psgc_code":"1303901401","adm4_en":"Barangay 401","district":"Sampaloc"},"geometry":{"type":"MultiPolygon","coordinates":[[[[120.99219738,14.60487649],[120.99226506,14.60480613],[120.99230221,14.60473916],[120.99233304,14.60468058],[120.99237004,14.60463741],[120.99248413,14.60460349],[120.99261363,14.60459116],[120.99281097,14.60457266],[120.99291889,14.60456649],[120.99316248,14.60455107],[120.99314729,14.60394974],[120.99314729,14.60386509],[120.99313085,14.60329933],[120.99279859,14.60324415],[120.99242728,14.60317305],[120.99176065,14.60308863],[120.99164252,14.60307383],[120.99151624,14.60304677],[120.99141212,14.60302178],[120.99132681,14.60300167],[120.99127269,14.60376834],[120.99122924,14.60436264],[120.99124997,14.60471279],[120.99125004,14.60471422],[120.99125552,14.60483006],[120.99133237,14.60478252],[120.9917279,14.60511929],[120.99181353,14.60501553],[120.99194976,14.60513765],[120.99214341,14.60493311],[120.99219738,14.60487649]]]]}},{"type":"Feature","properties":{"psgc_code":"1303901402","adm4_en":"Barangay 402","district":"Sampaloc"},"geometry":{"type":"MultiPolygon","coordinates":[[[[120.99308576,14.60282129],[120.9929685,14.60243345],[120.99278918,14.60193249],[120.99275201,14.60182913],[120.99264332,14.60146741],[120.99250804,14.60140654],[120.9922671,14.60126835],[120.99209825,14.60117801],[120.99207552,14.60116576],[120.99194587,14.601092],[120.99187266,14.60123064],[120.99173969,14.60147185],[120.99172732,14.60149659],[120.99163919,14.60163729],[120.99162063,14.60173007],[120.99160826,14.60184603],[120.99159589,14.60197437],[120.99160521,14.60201896],[120.99156367,14.60215183],[120.99156579,14.60226613],[120.99157771,14.60239017],[120.9915548,14.60251849],[120.99152272,14.60260557],[120.99148606,14.60266515],[120.99144023,14.6027568],[120.99143564,14.60286221],[120.99142648,14.60293554],[120.99141212,14.60302178],[120.99151624,14.60304677],[120.99164252,14.60307383],[120.99176065,14.60308863],[120.99242728,14.60317305],[120.99279859,14.60324415],[120.99313085,14.60329933],[120.99312183,14.60313698],[120.99308576,14.60282129]]]]}},{"type":"Feature","properties":{"psgc_code":"1303901403","adm4_en":"Barangay 403","district":"Sampaloc"},"geometry":{"type":"MultiPolygon","coordinates":[[[[120.99143564,14.60286221],[120.99144023,14.6027568],[120.99148606,14.60266515],[120.99152272,14.60260557],[120.9915548,14.60251849],[120.99157771,14.60239017],[120.99156579,14.60226613],[120.99156367,14.60215183],[120.99160521,14.60201896],[120.99159589,14.60197437],[120.99160826,14.60184603],[120.99162063,14.60173007],[120.99163919,14.60163729],[120.99172732,14.60149659],[120.99173969,14.60147185],[120.99187266,14.60123064],[120.99194587,14.601092],[120.9918667,14.60104705],[120.99161521,14.60091281],[120.99122967,14.60059492],[120.99037969,14.60274912],[120.9908307,14.60287539],[120.99108671,14.60294181],[120.99132681,14.60300167],[120.99141212,14.60302178],[120.99142648,14.60293554],[120.99143564,14.60286221]]]]}},{"type":"Feature","properties":{"psgc_code":"1303901404","adm4_en":"Barangay 404","district":"Sampaloc"},"geometry":{"type":"MultiPolygon","coordinates":[[[[120.99122967,14.60059492],[120.99109439,14.60045965],[120.99095457,14.6003254],[120.99058971,14.60049642],[120.99039897,14.60058455],[120.98906184,14.60120328],[120.98811547,14.60165933],[120.98883966,14.60303005],[120.98922072,14.60375193],[120.98946146,14.60415931],[120.98983184,14.60427968],[120.99037969,14.60274912],[120.99122967,14.60059492]]]]}},{"type":"Feature","properties":{"psgc_code":"1303901405","adm4_en":"Barangay 405","district":"Sampaloc"},"geometry":{"type":"MultiPolygon","coordinates":[[[[120.99422457,14.60486586],[120.99397112,14.6046308],[120.99396149,14.60462184],[120.99368108,14.60436364],[120.99325498,14.60396616],[120.99314729,14.60386509],[120.99314729,14.60394974],[120.99316248,14.60455107],[120.99317772,14.60491287],[120.99319173,14.60520347],[120.993215,14.60593059],[120.9933506,14.60604866],[120.99437346,14.60500266],[120.99422457,14.60486586]]]]}},{"type":"Feature","properties":{"psgc_code":"1303901406","adm4_en":"Barangay 406","district":"Sampaloc"},"geometry":{"type":"MultiPolygon","coordinates":[[[[120.99450105,14.60512284],[120.99437346,14.60500266],[120.9933506,14.60604866],[120.99348882,14.60616866],[120.99360263,14.60627087],[120.99376687,14.60641836],[120.99477453,14.60537789],[120.99450105,14.60512284]]]]}},{"type":"Feature","properties":{"psgc_code":"1303901407","adm4_en":"Barangay 407","district":"Sampaloc"},"geometry":{"type":"MultiPolygon","coordinates":[[[[120.99527766,14.60375032],[120.99595469,14.60300402],[120.99580084,14.60296562],[120.99499804,14.60283032],[120.99472743,14.60278522],[120.99463723,14.60283934],[120.99455605,14.60295659],[120.99451095,14.60308287],[120.99415915,14.60388561],[120.99379835,14.60374129],[120.9935097,14.60364208],[120.99339244,14.60356992],[120.9932842,14.60344364],[120.99313085,14.60329933],[120.99314729,14.60386509],[120.99325498,14.60396616],[120.99368108,14.60436364],[120.99396149,14.60462184],[120.99397112,14.6046308],[120.99422457,14.60486586],[120.99487175,14.60418326],[120.99527766,14.60375032]]]]}},{"type":"Feature","properties":{"psgc_code":"1303901408","adm4_en":"Barangay 408","district":"Sampaloc"},"geometry":{"type":"MultiPolygon","coordinates":[[[[120.99637716,14.60368],[120.99638715,14.60366915],[120.99672992,14.60330837],[120.99646516,14.60318881],[120.99645029,14.60318209],[120.99622479,14.60307386],[120.99595469,14.60300402],[120.99527766,14.60375032],[120.99487175,14.60418326],[120.99422457,14.60486586],[120.99437346,14.60500266],[120.99450105,14.60512284],[120.99477453,14.60537789],[120.99563652,14.60448445],[120.99637716,14.60368]]]]}},{"type":"Feature","properties":{"psgc_code":"1303901409","adm4_en":"Barangay 409","district":"Sampaloc"},"geometry":{"type":"MultiPolygon","coordinates":[[[[120.99860834,14.60259421],[120.99868906,14.60243315],[120.99845652,14.60235115],[120.99831701,14.60225013],[120.99821623,14.60208591],[120.99821243,14.60207039],[120.99819384,14.60199458],[120.9982013,14.60190127],[120.99824236,14.60179677],[120.99833538,14.60162415],[120.99793966,14.6015107],[120.99735129,14.60134974],[120.9970075,14.60127089],[120.99670964,14.60118933],[120.99648391,14.60113842],[120.99598884,14.60106196],[120.99601733,14.60115268],[120.99602415,14.60125035],[120.99604439,14.60154052],[120.99604439,14.60179307],[120.99601641,14.60197808],[120.99672997,14.60216315],[120.99768715,14.60246299],[120.9983952,14.60300993],[120.99854389,14.6027199],[120.99860834,14.60259421]]]]}},{"type":"Feature","properties":{"psgc_code":"1303901410","adm4_en":"Barangay 410","district":"Sampaloc"},"geometry":{"type":"MultiPolygon","coordinates":[[[[120.99855036,14.60118111],[120.9985722,14.60094675],[120.99858015,14.60083951],[120.99859206,14.60073226],[120.99872513,14.6005118],[120.99814413,14.60035954],[120.99811345,14.60032886],[120.99811581,14.60026278],[120.99811581,14.6001849],[120.99808513,14.60006454],[120.99804501,14.60001498],[120.99764853,14.59996306],[120.99764617,14.59996306],[120.99757537,14.59995362],[120.99753053,14.59998194],[120.99746445,14.60001262],[120.99736297,14.60003858],[120.99725205,14.60003858],[120.99718361,14.60002206],[120.99710337,14.59997958],[120.99703021,14.59992058],[120.99701605,14.59986866],[120.99699036,14.59986651],[120.99583249,14.5997655],[120.99577353,14.59988834],[120.99571478,14.59999229],[120.99561986,14.60008269],[120.9958249,14.60057875],[120.99592713,14.60086405],[120.99598884,14.60106196],[120.99648391,14.60113842],[120.99670964,14.60118933],[120.9970075,14.60127089],[120.99735129,14.60134974],[120.99793966,14.6015107],[120.99833538,14.60162415],[120.99844391,14.6014198],[120.99855036,14.60118111]]]]}},{"type":"Feature","properties":{"psgc_code":"1303901411","adm4_en":"Barangay 411","district":"Sampaloc"},"geometry":{"type":"MultiPolygon","coordinates":[[[[120.99768715,14.60246299],[120.99672997,14.60216315],[120.99601641,14.60197808],[120.99599929,14.60209072],[120.9959181,14.60242444],[120.99591311,14.60244747],[120.99580084,14.60296562],[120.99595469,14.60300402],[120.99622479,14.60307386],[120.99645029,14.60318209],[120.99646516,14.60318881],[120.99672992,14.60330837],[120.99708029,14.60347162],[120.99738839,14.60361504],[120.99795379,14.60387201],[120.9983952,14.60300993],[120.99768715,14.60246299]]]]}},{"type":"Feature","properties":{"psgc_code":"1303901412","adm4_en":"Barangay 412","district":"Sampaloc"},"geometry":{"type":"MultiPolygon","coordinates":[[[[120.99592713,14.60086405],[120.9958249,14.60057875],[120.99561986,14.60008269],[120.99551591,14.60015952],[120.99539388,14.60019568],[120.99524021,14.60018212],[120.99512721,14.60017308],[120.99500066,14.60013241],[120.99486055,14.60008721],[120.99475207,14.60005105],[120.99466168,14.60001037],[120.99452609,14.59996518],[120.99437242,14.59996066],[120.99424586,14.59998325],[120.99413287,14.60006913],[120.99403344,14.60014597],[120.99393709,14.60023499],[120.99385879,14.60033567],[120.99370219,14.60059854],[120.99359592,14.60068803],[120.99348965,14.60074396],[120.99332186,14.60072159],[120.99352262,14.60131862],[120.99363239,14.60158374],[120.99365404,14.60169384],[120.99598884,14.60106196],[120.99592713,14.60086405]]]]}},{"type":"Feature","properties":{"psgc_code":"1303901413","adm4_en":"Barangay 413","district":"Sampaloc"},"geometry":{"type":"MultiPolygon","coordinates":[[[[120.99604439,14.60179307],[120.99604439,14.60154052],[120.99602415,14.60125035],[120.99601733,14.60115268],[120.99598884,14.60106196],[120.99365404,14.60169384],[120.99364501,14.60179306],[120.99362021,14.60186152],[120.99599929,14.60209072],[120.99601641,14.60197808],[120.99604439,14.60179307]]]]}},{"type":"Feature","properties":{"psgc_code":"1303901414","adm4_en":"Barangay 414","district":"Sampaloc"},"geometry":{"type":"MultiPolygon","coordinates":[[[[120.9959181,14.60242444],[120.99599929,14.60209072],[120.99362021,14.60186152],[120.99356383,14.60200051],[120.99434859,14.60223502],[120.99445683,14.60228012],[120.99464359,14.60262727],[120.99472743,14.60278522],[120.99499804,14.60283032],[120.99580084,14.60296562],[120.99591311,14.60244747],[120.9959181,14.60242444]]]]}},{"type":"Feature","properties":{"psgc_code":"1303901415","adm4_en":"Barangay 415","district":"Sampaloc"},"geometry":{"type":"MultiPolygon","coordinates":[[[[120.99455605,14.60295659],[120.99463723,14.60283934],[120.99472743,14.60278522],[120.99464359,14.60262727],[120.99445683,14.60228012],[120.99434859,14.60223502],[120.99356383,14.60200051],[120.99343755,14.60224404],[120.99333454,14.60246053],[120.9932809,14.60257586],[120.99322726,14.60267509],[120.99315753,14.60276627],[120.99308576,14.60282129],[120.99312183,14.60313698],[120.99313085,14.60329933],[120.9932842,14.60344364],[120.99339244,14.60356992],[120.9935097,14.60364208],[120.99379835,14.60374129],[120.99415915,14.60388561],[120.99451095,14.60308287],[120.99455605,14.60295659]]]]}},{"type":"Feature","properties":{"psgc_code":"1303901416","adm4_en":"Barangay 416","district":"Sampaloc"},"geometry":{"type":"MultiPolygon","coordinates":[[[[120.99322726,14.60267509],[120.9932809,14.60257586],[120.99333454,14.60246053],[120.99343755,14.60224404],[120.99356383,14.60200051],[120.99362021,14.60186152],[120.99364501,14.60179306],[120.99365404,14.60169384],[120.99363239,14.60158374],[120.99352262,14.60131862],[120.99332186,14.60072159],[120.99318763,14.60064888],[120.99300306,14.60057617],[120.99285204,14.60054261],[120.99271781,14.60051465],[120.99255561,14.60050905],[120.99239341,14.6005538],[120.99223122,14.60062651],[120.99206902,14.60070481],[120.99191241,14.600716],[120.99177818,14.60067125],[120.99162157,14.6005482],[120.99154327,14.60040279],[120.99148175,14.60025177],[120.99138916,14.59990843],[120.99123798,14.6000523],[120.99095457,14.6003254],[120.99109439,14.60045965],[120.99122967,14.60059492],[120.99161521,14.60091281],[120.9918667,14.60104705],[120.99194587,14.601092],[120.99207552,14.60116576],[120.99209825,14.60117801],[120.9922671,14.60126835],[120.99250804,14.60140654],[120.99264332,14.60146741],[120.99275201,14.60182913],[120.99278918,14.60193249],[120.9929685,14.60243345],[120.99308576,14.60282129],[120.99315753,14.60276627],[120.99322726,14.60267509]]]]}},{"type":"Feature","properties":{"psgc_code":"1303901417","adm4_en":"Barangay 417","district":"Sampaloc"},"geometry":{"type":"MultiPolygon","coordinates":[[[[121.00076098,14.60385885],[121.00078905,14.60377424],[121.00056703,14.60367687],[121.000242,14.60354953],[120.99990322,14.60340981],[120.99997324,14.60324195],[120.99958411,14.60305616],[120.99952787,14.6031953],[120.99935622,14.60361434],[120.99918,14.60404068],[120.99903917,14.604391],[120.99928248,14.60451847],[120.9993734,14.60456608],[120.99957881,14.60467845],[120.99969297,14.60475375],[120.99987758,14.60487763],[121.0000306,14.60498936],[121.0003253,14.60520068],[121.00065756,14.60418385],[121.00076098,14.60385885]]]]}},{"type":"Feature","properties":{"psgc_code":"1303901418","adm4_en":"Barangay 418","district":"Sampaloc"},"geometry":{"type":"MultiPolygon","coordinates":[[[[121.00123062,14.60246571],[121.00133884,14.60215746],[121.00144328,14.60186045],[121.00163377,14.6013005],[121.00141008,14.6012699],[121.00100597,14.60122046],[121.00087582,14.60120833],[121.00068002,14.60119507],[121.00035195,14.6011669],[121.00006166,14.60187851],[120.99999833,14.60203606],[120.99995255,14.60214862],[120.99989206,14.6022943],[120.99981045,14.60249687],[120.9997372,14.60267697],[120.9997197,14.6027201],[120.99968974,14.60279397],[120.99967381,14.60283323],[120.99965185,14.60288782],[120.99958411,14.60305616],[120.99997324,14.60324195],[120.99990322,14.60340981],[121.000242,14.60354953],[121.00056703,14.60367687],[121.00078905,14.60377424],[121.00109333,14.60285837],[121.00123062,14.60246571]]]]}},{"type":"Feature","properties":{"psgc_code":"1303901419","adm4_en":"Barangay 419","district":"Sampaloc"},"geometry":{"type":"MultiPolygon","coordinates":[[[[120.99935622,14.60361434],[120.99952787,14.6031953],[120.99958411,14.60305616],[120.99965185,14.60288782],[120.99899682,14.60257826],[120.99868906,14.60243315],[120.99860834,14.60259421],[120.99854389,14.6027199],[120.9983952,14.60300993],[120.99795379,14.60387201],[120.99835054,14.60407058],[120.99836673,14.60407848],[120.99853676,14.6041635],[120.99871406,14.6042431],[120.99903917,14.604391],[120.99918,14.60404068],[120.99935622,14.60361434]]]]}},{"type":"Feature","properties":{"psgc_code":"1303901420","adm4_en":"Barangay 420","district":"Sampaloc"},"geometry":{"type":"MultiPolygon","coordinates":[[[[120.99968974,14.60279397],[120.9997197,14.6027201],[120.9997372,14.60267697],[120.99981045,14.60249687],[120.99989206,14.6022943],[120.99995255,14.60214862],[120.99999833,14.60203606],[121.00006166,14.60187851],[121.00035195,14.6011669],[121.00025454,14.60115477],[120.99995461,14.60105837],[120.99972967,14.60095126],[120.99952491,14.60078995],[120.99932262,14.60062993],[120.99917691,14.60048702],[120.9989919,14.60030022],[120.99894697,14.60025629],[120.99883635,14.60037873],[120.99872513,14.6005118],[120.99859206,14.60073226],[120.99858015,14.60083951],[120.9985722,14.60094675],[120.99855036,14.60118111],[120.99844391,14.6014198],[120.99833538,14.60162415],[120.99824236,14.60179677],[120.9982013,14.60190127],[120.99819384,14.60199458],[120.99821243,14.60207039],[120.99821623,14.60208591],[120.99831701,14.60225013],[120.99845652,14.60235115],[120.99868906,14.60243315],[120.99899682,14.60257826],[120.99965185,14.60288782],[120.99967381,14.60283323],[120.99968974,14.60279397]]]]}},{"type":"Feature","properties":{"psgc_code":"1303901421","adm4_en":"Barangay 421","district":"Sampaloc"},"geometry":{"type":"MultiPolygon","coordinates":[[[[121.00392898,14.60437856],[121.00417245,14.6040883],[121.00435786,14.60391306],[121.00417245,14.60382612],[121.0039858,14.60376835],[121.00379173,14.60370462],[121.00373234,14.60368567],[121.00308622,14.60346094],[121.0022341,14.60318004],[121.00201104,14.60311659],[121.00200307,14.60318087],[121.00200491,14.60319679],[121.0020115,14.60325394],[121.00203398,14.60336916],[121.00208176,14.60346752],[121.00216045,14.60366986],[121.00226161,14.60387219],[121.00227567,14.60394526],[121.00226297,14.60403437],[121.00225037,14.60413636],[121.00225037,14.60422066],[121.00227286,14.6042853],[121.0023122,14.60436118],[121.00236559,14.60443143],[121.00243023,14.60454946],[121.0025088,14.60469498],[121.00261008,14.60482768],[121.00276184,14.60495695],[121.00296417,14.60508622],[121.00313487,14.60518376],[121.00316089,14.60519863],[121.00333829,14.60497791],[121.00392898,14.60437856]]]]}},{"type":"Feature","properties":{"psgc_code":"1303901422","adm4_en":"Barangay 422","district":"Sampaloc"},"geometry":{"type":"MultiPolygon","coordinates":[[[[121.00275236,14.60611609],[121.00294768,14.60591456],[121.00314611,14.60573164],[121.00332283,14.60554561],[121.00337734,14.60547912],[121.00344995,14.60539059],[121.00351506,14.60533478],[121.00347418,14.60531259],[121.00338571,14.60524921],[121.00334676,14.60524513],[121.00330702,14.60524921],[121.00316089,14.60519863],[121.00313487,14.60518376],[121.00296417,14.60508622],[121.00276184,14.60495695],[121.00261008,14.60482768],[121.0025088,14.60469498],[121.00243023,14.60454946],[121.00236559,14.60443143],[121.0023122,14.60436118],[121.00227286,14.6042853],[121.00225037,14.60422066],[121.00225037,14.60413636],[121.00226297,14.60403437],[121.00220055,14.60422332],[121.00217961,14.60428731],[121.00206108,14.6046492],[121.00185899,14.60458116],[121.00139714,14.60588153],[121.00155046,14.60598129],[121.00194224,14.60621116],[121.00221672,14.60636905],[121.00239431,14.60646781],[121.00257564,14.60630211],[121.00275236,14.60611609]]]]}},{"type":"Feature","properties":{"psgc_code":"1303901423","adm4_en":"Barangay 423","district":"Sampaloc"},"geometry":{"type":"MultiPolygon","coordinates":[[[[121.00206108,14.6046492],[121.00217961,14.60428731],[121.00220055,14.60422332],[121.00226297,14.60403437],[121.00227567,14.60394526],[121.00226161,14.60387219],[121.00216045,14.60366986],[121.00208176,14.60346752],[121.00203398,14.60336916],[121.0020115,14.60325394],[121.00200491,14.60319679],[121.00200307,14.60318087],[121.00201104,14.60311659],[121.00180336,14.60306767],[121.00134011,14.60441023],[121.00100717,14.60429983],[121.00065756,14.60418385],[121.0003253,14.60520068],[121.00042896,14.60527356],[121.00055527,14.60536343],[121.00063057,14.60540715],[121.00093055,14.60559742],[121.0012694,14.60579823],[121.00139714,14.60588153],[121.00185899,14.60458116],[121.00206108,14.6046492]]]]}},{"type":"Feature","properties":{"psgc_code":"1303901424","adm4_en":"Barangay 424","district":"Sampaloc"},"geometry":{"type":"MultiPolygon","coordinates":[[[[121.00201104,14.60311659],[121.00202836,14.60305441],[121.00210424,14.6027481],[121.00215201,14.60260477],[121.00218293,14.60250642],[121.0022307,14.60240806],[121.00231782,14.60231813],[121.00239651,14.60226473],[121.00249205,14.60220853],[121.00257917,14.60215795],[121.002641,14.60210174],[121.00266629,14.60202867],[121.00268315,14.60196685],[121.00268877,14.60189378],[121.00266348,14.60178699],[121.00260446,14.60168301],[121.00246028,14.60141573],[121.00245058,14.6013958],[121.00238976,14.60138637],[121.00201664,14.60134011],[121.00163377,14.6013005],[121.00144328,14.60186045],[121.00133884,14.60215746],[121.00123062,14.60246571],[121.00109333,14.60285837],[121.00078905,14.60377424],[121.00076098,14.60385885],[121.00065756,14.60418385],[121.00100717,14.60429983],[121.00134011,14.60441023],[121.00180336,14.60306767],[121.00201104,14.60311659]]]]}},{"type":"Feature","properties":{"psgc_code":"1303901425","adm4_en":"Barangay 425","district":"Sampaloc"},"geometry":{"type":"MultiPolygon","coordinates":[[[[121.0044591,14.60160415],[121.00335039,14.60148332],[121.00312642,14.60146352],[121.00296216,14.60144735],[121.00288781,14.60143986],[121.00268965,14.60141997],[121.00254427,14.60140478],[121.00245058,14.6013958],[121.00246028,14.60141573],[121.00260446,14.60168301],[121.00266348,14.60178699],[121.00268877,14.60189378],[121.00268315,14.60196685],[121.00266629,14.60202867],[121.002641,14.60210174],[121.00257917,14.60215795],[121.00249205,14.60220853],[121.00239651,14.60226473],[121.00231782,14.60231813],[121.0022307,14.60240806],[121.00218293,14.60250642],[121.00215201,14.60260477],[121.00210424,14.6027481],[121.00202836,14.60305441],[121.00201104,14.60311659],[121.0022341,14.60318004],[121.00308622,14.60346094],[121.00373234,14.60368567],[121.00379173,14.60370462],[121.0039858,14.60376835],[121.00469944,14.60163385],[121.0044591,14.60160415]]]]}},{"type":"Feature","properties":{"psgc_code":"1303901426","adm4_en":"Barangay 426","district":"Sampaloc"},"geometry":{"type":"MultiPolygon","coordinates":[[[[121.00769156,14.60276715],[121.00779703,14.60272195],[121.00789497,14.60267675],[121.00798789,14.60261145],[121.00820057,14.60248722],[121.00843967,14.60233352],[121.00866597,14.60212857],[121.00882395,14.60203891],[121.00788348,14.60194878],[121.00755121,14.60191729],[121.00731829,14.60189462],[121.00680131,14.60184511],[121.00614072,14.60177668],[121.00548861,14.60170804],[121.00523653,14.60232365],[121.00515522,14.60253746],[121.00668201,14.60273062],[121.00748814,14.60284249],[121.0075911,14.60280482],[121.00769156,14.60276715]]]]}},{"type":"Feature","properties":{"psgc_code":"1303901427","adm4_en":"Barangay 427","district":"Sampaloc"},"geometry":{"type":"MultiPolygon","coordinates":[[[[121.00476078,14.60361053],[121.00507663,14.60275975],[121.00515522,14.60253746],[121.00523653,14.60232365],[121.00548861,14.60170804],[121.00500294,14.60167036],[121.00469944,14.60163385],[121.0039858,14.60376835],[121.00417245,14.60382612],[121.00435786,14.60391306],[121.00458223,14.60374179],[121.00476078,14.60361053]]]]}},{"type":"Feature","properties":{"psgc_code":"1303901428","adm4_en":"Barangay 428","district":"Sampaloc"},"geometry":{"type":"MultiPolygon","coordinates":[[[[121.00444832,14.60435846],[121.00455352,14.60425984],[121.00466529,14.60415026],[121.00478583,14.6040604],[121.00490199,14.60396835],[121.00505321,14.60386096],[121.0051869,14.60377329],[121.0053447,14.60367905],[121.00547182,14.60360234],[121.00563181,14.60351468],[121.00582248,14.60341386],[121.00598905,14.60333277],[121.00612931,14.60328017],[121.00626081,14.60322538],[121.00637697,14.60318593],[121.00649532,14.60315086],[121.0066312,14.60311361],[121.0067627,14.60307196],[121.00689858,14.60302813],[121.00701912,14.60299087],[121.00713404,14.60295299],[121.00726463,14.60291532],[121.00738015,14.60287765],[121.00748814,14.60284249],[121.00668201,14.60273062],[121.00515522,14.60253746],[121.00507663,14.60275975],[121.00476078,14.60361053],[121.00458223,14.60374179],[121.00435786,14.60391306],[121.00417245,14.6040883],[121.00392898,14.60437856],[121.00333829,14.60497791],[121.00316089,14.60519863],[121.00330702,14.60524921],[121.00334676,14.60524513],[121.00338571,14.60524921],[121.00347418,14.60531259],[121.00351506,14.60533478],[121.00429548,14.60451804],[121.00444832,14.60435846]]]]}},{"type":"Feature","properties":{"psgc_code":"1303901429","adm4_en":"Barangay 429","district":"Sampaloc"},"geometry":{"type":"MultiPolygon","coordinates":[[[[120.99586871,14.60818152],[120.99588109,14.60812331],[120.99590339,14.60807253],[120.99592072,14.60802795],[120.99593683,14.6079953],[120.99598832,14.60793738],[120.99602371,14.60788911],[120.9960398,14.60784728],[120.9960398,14.60780545],[120.99606554,14.6077411],[120.99636801,14.60731636],[120.99645489,14.60721017],[120.99652568,14.60712008],[120.99659647,14.60702033],[120.99666082,14.60693345],[120.99670265,14.6068337],[120.99671874,14.60674682],[120.99674126,14.6066342],[120.9967477,14.60655054],[120.99675092,14.60646688],[120.99673483,14.60638965],[120.99674243,14.6063176],[120.99668583,14.60630283],[120.99636846,14.60598342],[120.99591865,14.60643545],[120.99492754,14.60747346],[120.99510159,14.607634],[120.99521475,14.60773354],[120.99526823,14.60778192],[120.99555788,14.60804414],[120.99569849,14.60816735],[120.99573636,14.60819714],[120.99577897,14.6082382],[120.99584146,14.60822487],[120.99586871,14.60818152]]]]}},{"type":"Feature","properties":{"psgc_code":"1303901430","adm4_en":"Barangay 430","district":"Sampaloc"},"geometry":{"type":"MultiPolygon","coordinates":[[[[120.99503336,14.60561548],[120.99477453,14.60537789],[120.99376687,14.60641836],[120.99403093,14.60665548],[120.99415755,14.60676903],[120.9943107,14.6069065],[120.99530609,14.60586849],[120.99503336,14.60561548]]]]}},{"type":"Feature","properties":{"psgc_code":"1303901431","adm4_en":"Barangay 431","district":"Sampaloc"},"geometry":{"type":"MultiPolygon","coordinates":[[[[120.99557707,14.6061192],[120.99530609,14.60586849],[120.9943107,14.6069065],[120.99441446,14.6069996],[120.9944682,14.60704723],[120.994591,14.60715785],[120.99492754,14.60747346],[120.99591865,14.60643545],[120.99557707,14.6061192]]]]}},{"type":"Feature","properties":{"psgc_code":"1303901432","adm4_en":"Barangay 432","district":"Sampaloc"},"geometry":{"type":"MultiPolygon","coordinates":[[[[120.99680359,14.60748929],[120.99707015,14.60757931],[120.99723089,14.60762411],[120.9974394,14.6076829],[120.99748794,14.60772546],[120.99798429,14.60719545],[120.99817314,14.60656811],[120.9985095,14.6054026],[120.99862946,14.60514648],[120.99875347,14.60501583],[120.99871479,14.60498158],[120.99856313,14.60484683],[120.99847321,14.60476738],[120.99812384,14.60445713],[120.99778724,14.6041996],[120.99762698,14.60449313],[120.99746222,14.60472725],[120.99726277,14.60498738],[120.99717605,14.60508276],[120.99701384,14.6052684],[120.9968206,14.60548914],[120.99692795,14.60576563],[120.99692146,14.60584586],[120.99684423,14.60602605],[120.99677988,14.60614833],[120.9967477,14.6062706],[120.99674243,14.6063176],[120.99673483,14.60638965],[120.99675092,14.60646688],[120.9967477,14.60655054],[120.99674126,14.6066342],[120.99671874,14.60674682],[120.99670265,14.6068337],[120.99666082,14.60693345],[120.99659647,14.60702033],[120.99652568,14.60712008],[120.99645489,14.60721017],[120.99636801,14.60731636],[120.99606554,14.6077411],[120.9960398,14.60780545],[120.9960398,14.60784728],[120.99602371,14.60788911],[120.99598832,14.60793738],[120.99593683,14.6079953],[120.99592072,14.60802795],[120.99590339,14.60807253],[120.99588109,14.60812331],[120.99586871,14.60818152],[120.99584146,14.60822487],[120.99577897,14.6082382],[120.99582457,14.60827737],[120.99591297,14.60835617],[120.99672808,14.60752843],[120.99680359,14.60748929]]]]}},{"type":"Feature","properties":{"psgc_code":"1303901433","adm4_en":"Barangay 433","district":"Sampaloc"},"geometry":{"type":"MultiPolygon","coordinates":[[[[120.99664821,14.60392671],[120.99708029,14.60347162],[120.99672992,14.60330837],[120.99638715,14.60366915],[120.99637716,14.60368],[120.99563652,14.60448445],[120.99477453,14.60537789],[120.99503336,14.60561548],[120.99588071,14.6047349],[120.99664821,14.60392671]]]]}},{"type":"Feature","properties":{"psgc_code":"1303901434","adm4_en":"Barangay 434","district":"Sampaloc"},"geometry":{"type":"MultiPolygon","coordinates":[[[[120.99668583,14.60630283],[120.99674243,14.6063176],[120.9967477,14.6062706],[120.99677988,14.60614833],[120.99684423,14.60602605],[120.99692146,14.60584586],[120.99692795,14.60576563],[120.9968206,14.60548914],[120.99675981,14.60555967],[120.99639975,14.6052309],[120.99613897,14.60499572],[120.99588071,14.6047349],[120.99503336,14.60561548],[120.99530609,14.60586849],[120.99557707,14.6061192],[120.99591865,14.60643545],[120.99636846,14.60598342],[120.99668583,14.60630283]]]]}},{"type":"Feature","properties":{"psgc_code":"1303901435","adm4_en":"Barangay 435","district":"Sampaloc"},"geometry":{"type":"MultiPolygon","coordinates":[[[[120.99701384,14.6052684],[120.99717605,14.60508276],[120.99726277,14.60498738],[120.99746222,14.60472725],[120.99762698,14.60449313],[120.99778724,14.6041996],[120.99782006,14.60413951],[120.99795379,14.60387201],[120.99738839,14.60361504],[120.99708029,14.60347162],[120.99664821,14.60392671],[120.99588071,14.6047349],[120.99613897,14.60499572],[120.99639975,14.6052309],[120.99675981,14.60555967],[120.9968206,14.60548914],[120.99701384,14.6052684]]]]}},{"type":"Feature","properties":{"psgc_code":"1303901436","adm4_en":"Barangay 436","district":"Sampaloc"},"geometry":{"type":"MultiPolygon","coordinates":[[[[121.0000306,14.60498936],[120.99987758,14.60487763],[120.99969297,14.60475375],[120.99957881,14.60467845],[120.9993734,14.60456608],[120.99928248,14.60451847],[120.99903917,14.604391],[120.99871406,14.6042431],[120.99853676,14.6041635],[120.99836673,14.60407848],[120.99835054,14.60407058],[120.99795379,14.60387201],[120.99782006,14.60413951],[120.99778724,14.6041996],[120.99812384,14.60445713],[120.99847321,14.60476738],[120.99856313,14.60484683],[120.99871479,14.60498158],[120.99875347,14.60501583],[120.99887347,14.60512149],[120.99912846,14.60534351],[120.99941233,14.60561097],[120.99968858,14.60586026],[121.0003253,14.60520068],[121.0000306,14.60498936]]]]}},{"type":"Feature","properties":{"psgc_code":"1303901437","adm4_en":"Barangay 437","district":"Sampaloc"},"geometry":{"type":"MultiPolygon","coordinates":[[[[121.00155046,14.60598129],[121.00139714,14.60588153],[121.0012694,14.60579823],[121.00093055,14.60559742],[121.00063057,14.60540715],[121.00055527,14.60536343],[121.00042896,14.60527356],[121.0003253,14.60520068],[120.99968858,14.60586026],[120.99995784,14.60610253],[121.00022133,14.60633979],[121.00049895,14.60659818],[121.00075536,14.6068355],[121.00138356,14.60617919],[121.00155046,14.60598129]]]]}},{"type":"Feature","properties":{"psgc_code":"1303901438","adm4_en":"Barangay 438","district":"Sampaloc"},"geometry":{"type":"MultiPolygon","coordinates":[[[[120.99995784,14.60610253],[120.99968858,14.60586026],[120.99866278,14.60692303],[120.99919983,14.60740777],[121.00022133,14.60633979],[120.99995784,14.60610253]]]]}},{"type":"Feature","properties":{"psgc_code":"1303901439","adm4_en":"Barangay 439","district":"Sampaloc"},"geometry":{"type":"MultiPolygon","coordinates":[[[[120.99941233,14.60561097],[120.99912846,14.60534351],[120.99887347,14.60512149],[120.99875347,14.60501583],[120.99862946,14.60514648],[120.9985095,14.6054026],[120.99817314,14.60656811],[120.99866278,14.60692303],[120.99968858,14.60586026],[120.99941233,14.60561097]]]]}},{"type":"Feature","properties":{"psgc_code":"1303901440","adm4_en":"Barangay 440","district":"Sampaloc"},"geometry":{"type":"MultiPolygon","coordinates":[[[[120.99947701,14.60765725],[120.99919983,14.60740777],[120.99821007,14.60844366],[120.99874141,14.60893878],[120.99974106,14.60789486],[120.99947701,14.60765725]]]]}},{"type":"Feature","properties":{"psgc_code":"1303901441","adm4_en":"Barangay 441","district":"Sampaloc"},"geometry":{"type":"MultiPolygon","coordinates":[[[[120.99821007,14.60844366],[120.99718681,14.60951525],[120.9973254,14.60964143],[120.99757951,14.60987255],[120.99772283,14.61000289],[120.99874141,14.60893878],[120.99821007,14.60844366]]]]}},{"type":"Feature","properties":{"psgc_code":"1303901442","adm4_en":"Barangay 442","district":"Sampaloc"},"geometry":{"type":"MultiPolygon","coordinates":[[[[120.99927602,14.60943724],[120.99901139,14.60919052],[120.99874141,14.60893878],[120.99772283,14.61000289],[120.99825618,14.61048775],[120.99841095,14.61062855],[120.99942316,14.60956991],[120.99927602,14.60943724]]]]}},{"type":"Feature","properties":{"psgc_code":"1303901443","adm4_en":"Barangay 443","district":"Sampaloc"},"geometry":{"type":"MultiPolygon","coordinates":[[[[121.00029019,14.60838924],[120.99974106,14.60789486],[120.99874141,14.60893878],[120.99901139,14.60919052],[120.99927602,14.60943724],[120.99942316,14.60956991],[121.00043042,14.60851629],[121.00029019,14.60838924]]]]}},{"type":"Feature","properties":{"psgc_code":"1303901444","adm4_en":"Barangay 444","district":"Sampaloc"},"geometry":{"type":"MultiPolygon","coordinates":[[[[121.0013076,14.60733787],[121.00103457,14.60709461],[121.00075536,14.6068355],[120.99974106,14.60789486],[121.00029019,14.60838924],[121.00043042,14.60851629],[121.00144118,14.60745925],[121.0013076,14.60733787]]]]}},{"type":"Feature","properties":{"psgc_code":"1303901445","adm4_en":"Barangay 445","district":"Sampaloc"},"geometry":{"type":"MultiPolygon","coordinates":[[[[121.00049895,14.60659818],[121.00022133,14.60633979],[120.99919983,14.60740777],[120.99947701,14.60765725],[120.99974106,14.60789486],[121.00075536,14.6068355],[121.00049895,14.60659818]]]]}},{"type":"Feature","properties":{"psgc_code":"1303901446","adm4_en":"Barangay 446","district":"Sampaloc"},"geometry":{"type":"MultiPolygon","coordinates":[[[[121.00221672,14.60636905],[121.00194224,14.60621116],[121.00155046,14.60598129],[121.00138356,14.60617919],[121.00075536,14.6068355],[121.00103457,14.60709461],[121.0013076,14.60733787],[121.00144118,14.60745925],[121.00239431,14.60646781],[121.00221672,14.60636905]]]]}},{"type":"Feature","properties":{"psgc_code":"1303901447","adm4_en":"Barangay 447","district":"Sampaloc"},"geometry":{"type":"MultiPolygon","coordinates":[[[[120.99767473,14.60794506],[120.99663964,14.60901784],[120.99690451,14.60925862],[120.99718681,14.60951525],[120.99821007,14.60844366],[120.99767473,14.60794506]]]]}},{"type":"Feature","properties":{"psgc_code":"1303901448","adm4_en":"Barangay 448","district":"Sampaloc"},"geometry":{"type":"MultiPolygon","coordinates":[[[[120.99866278,14.60692303],[120.99817314,14.60656811],[120.99798429,14.60719545],[120.99748794,14.60772546],[120.99757168,14.60779654],[120.99767473,14.60794506],[120.99821007,14.60844366],[120.99919983,14.60740777],[120.99866278,14.60692303]]]]}},{"type":"Feature","properties":{"psgc_code":"1303901449","adm4_en":"Barangay 449","district":"Sampaloc"},"geometry":{"type":"MultiPolygon","coordinates":[[[[120.99757168,14.60779654],[120.99748794,14.60772546],[120.9974394,14.6076829],[120.99723089,14.60762411],[120.99707015,14.60757931],[120.99680359,14.60748929],[120.99672808,14.60752843],[120.99591297,14.60835617],[120.99613541,14.60855771],[120.99637508,14.60877704],[120.99649859,14.60888953],[120.99663964,14.60901784],[120.99767473,14.60794506],[120.99757168,14.60779654]]]]}},{"type":"Feature","properties":{"psgc_code":"1303901450","adm4_en":"Barangay 450","district":"Sampaloc"},"geometry":{"type":"MultiPolygon","coordinates":[[[[120.99825618,14.61048775],[120.99772283,14.61000289],[120.99757951,14.60987255],[120.9965536,14.61093931],[120.99670109,14.61107341],[120.99683476,14.61119524],[120.99574953,14.6123233],[120.99587503,14.61243975],[120.99613415,14.61267357],[120.99630121,14.61282924],[120.99841095,14.61062855],[120.99825618,14.61048775]]]]}},{"type":"Feature","properties":{"psgc_code":"1303901451","adm4_en":"Barangay 451","district":"Sampaloc"},"geometry":{"type":"MultiPolygon","coordinates":[[[[120.99670109,14.61107341],[120.9965536,14.61093931],[120.99757951,14.60987255],[120.9973254,14.60964143],[120.99629963,14.61070827],[120.99521227,14.6118392],[120.99533784,14.61194682],[120.99561592,14.61219961],[120.99574953,14.6123233],[120.99683476,14.61119524],[120.99670109,14.61107341]]]]}},{"type":"Feature","properties":{"psgc_code":"1303901452","adm4_en":"Barangay 452","district":"Sampaloc"},"geometry":{"type":"MultiPolygon","coordinates":[[[[120.99616484,14.61058567],[120.99587539,14.61032243],[120.99561213,14.61008296],[120.99544804,14.60993366],[120.99436917,14.61108856],[120.99450933,14.61122601],[120.99475322,14.61144927],[120.9950724,14.61171932],[120.99521227,14.6118392],[120.99629963,14.61070827],[120.99616484,14.61058567]]]]}},{"type":"Feature","properties":{"psgc_code":"1303901453","adm4_en":"Barangay 453","district":"Sampaloc"},"geometry":{"type":"MultiPolygon","coordinates":[[[[120.99718681,14.60951525],[120.99690451,14.60925862],[120.99663964,14.60901784],[120.99649859,14.60888953],[120.99544804,14.60993366],[120.99561213,14.61008296],[120.99587539,14.61032243],[120.99616484,14.61058567],[120.99629963,14.61070827],[120.9973254,14.60964143],[120.99718681,14.60951525]]]]}},{"type":"Feature","properties":{"psgc_code":"1303901454","adm4_en":"Barangay 454","district":"Sampaloc"},"geometry":{"type":"MultiPolygon","coordinates":[[[[120.99534295,14.60983807],[120.9950668,14.6095869],[120.99467636,14.60923215],[120.99358362,14.61037296],[120.99371101,14.61048399],[120.99398284,14.61073435],[120.9942445,14.61096729],[120.99436917,14.61108856],[120.99544804,14.60993366],[120.99534295,14.60983807]]]]}},{"type":"Feature","properties":{"psgc_code":"1303901455","adm4_en":"Barangay 455","district":"Sampaloc"},"geometry":{"type":"MultiPolygon","coordinates":[[[[120.99637508,14.60877704],[120.99613541,14.60855771],[120.99591297,14.60835617],[120.99582457,14.60827737],[120.99577897,14.6082382],[120.99573636,14.60819714],[120.99569849,14.60816735],[120.99467636,14.60923215],[120.9950668,14.6095869],[120.99534295,14.60983807],[120.99544804,14.60993366],[120.99649859,14.60888953],[120.99637508,14.60877704]]]]}},{"type":"Feature","properties":{"psgc_code":"1303901456","adm4_en":"Barangay 456","district":"Sampaloc"},"geometry":{"type":"MultiPolygon","coordinates":[[[[120.99569849,14.60816735],[120.99555788,14.60804414],[120.99526823,14.60778192],[120.99521475,14.60773354],[120.99510159,14.607634],[120.99407438,14.60868474],[120.99359302,14.60915967],[120.99371089,14.60927103],[120.99378219,14.60933359],[120.9938263,14.60937797],[120.99343624,14.61024463],[120.99358362,14.61037296],[120.99467636,14.60923215],[120.99569849,14.60816735]]]]}},{"type":"Feature","properties":{"psgc_code":"1303901457","adm4_en":"Barangay 457","district":"Sampaloc"},"geometry":{"type":"MultiPolygon","coordinates":[[[[120.99295541,14.60766689],[120.99302145,14.60759717],[120.99327421,14.60767799],[120.99415755,14.60676903],[120.99403093,14.60665548],[120.99376687,14.60641836],[120.99360263,14.60627087],[120.99260773,14.60734858],[120.99246154,14.60721729],[120.99138997,14.60836563],[120.99165333,14.60860377],[120.99185562,14.60878965],[120.99275021,14.6078917],[120.99295541,14.60766689]]]]}},{"type":"Feature","properties":{"psgc_code":"1303901458","adm4_en":"Barangay 458","district":"Sampaloc"},"geometry":{"type":"MultiPolygon","coordinates":[[[[120.99348882,14.60616866],[120.9933506,14.60604866],[120.993215,14.60593059],[120.99319173,14.60520347],[120.99317772,14.60491287],[120.99316248,14.60455107],[120.99291889,14.60456649],[120.99281097,14.60457266],[120.99261363,14.60459116],[120.99248413,14.60460349],[120.99237004,14.60463741],[120.99233304,14.60468058],[120.99230221,14.60473916],[120.99226506,14.60480613],[120.99219738,14.60487649],[120.99230248,14.6049445],[120.99218172,14.60596347],[120.99202606,14.60612462],[120.99202407,14.60612661],[120.99185743,14.60629324],[120.99185303,14.60629773],[120.9916573,14.60649775],[120.99193171,14.60675046],[120.99221604,14.60700566],[120.99246154,14.60721729],[120.99260773,14.60734858],[120.99360263,14.60627087],[120.99348882,14.60616866]]]]}},{"type":"Feature","properties":{"psgc_code":"1303901459","adm4_en":"Barangay 459","district":"Sampaloc"},"geometry":{"type":"MultiPolygon","coordinates":[[[[120.99221604,14.60700566],[120.99193171,14.60675046],[120.9916573,14.60649775],[120.9905663,14.60761792],[120.99083174,14.6078707],[120.99110851,14.60812602],[120.99138997,14.60836563],[120.99246154,14.60721729],[120.99221604,14.60700566]]]]}},{"type":"Feature","properties":{"psgc_code":"1303901460","adm4_en":"Barangay 460","district":"Sampaloc"},"geometry":{"type":"MultiPolygon","coordinates":[[[[120.99371276,14.60836039],[120.99380339,14.60818713],[120.99385937,14.60797921],[120.99400598,14.60758202],[120.9944682,14.60704723],[120.99441446,14.6069996],[120.9943107,14.6069065],[120.99415755,14.60676903],[120.99327421,14.60767799],[120.99302145,14.60759717],[120.99295541,14.60766689],[120.99275021,14.6078917],[120.99185562,14.60878965],[120.99220316,14.60910934],[120.99264117,14.60950662],[120.99281416,14.60966975],[120.99390628,14.60853487],[120.99371276,14.60836039]]]]}},{"type":"Feature","properties":{"psgc_code":"1303901461","adm4_en":"Barangay 461","district":"Sampaloc"},"geometry":{"type":"MultiPolygon","coordinates":[[[[120.99378219,14.60933359],[120.99371089,14.60927103],[120.99359302,14.60915967],[120.99407438,14.60868474],[120.99510159,14.607634],[120.99492754,14.60747346],[120.994591,14.60715785],[120.9944682,14.60704723],[120.99400598,14.60758202],[120.99385937,14.60797921],[120.99380339,14.60818713],[120.99371276,14.60836039],[120.99390628,14.60853487],[120.99281416,14.60966975],[120.99337479,14.61019071],[120.99343624,14.61024463],[120.9938263,14.60937797],[120.99378219,14.60933359]]]]}},{"type":"Feature","properties":{"psgc_code":"1303901462","adm4_en":"Barangay 462","district":"Sampaloc"},"geometry":{"type":"MultiPolygon","coordinates":[[[[120.98810154,14.60539975],[120.98800042,14.60529864],[120.98789852,14.60521947],[120.9877907,14.60520063],[120.9877729,14.60519753],[120.98767178,14.60517857],[120.9872989,14.60511537],[120.98694101,14.60504777],[120.98673747,14.60525489],[120.98644035,14.60560459],[120.98629806,14.60577445],[120.98629697,14.6057758],[120.98636857,14.60597164],[120.98680205,14.60627823],[120.98702292,14.60649863],[120.98731756,14.6067885],[120.98839857,14.60565886],[120.98810154,14.60539975]]]]}},{"type":"Feature","properties":{"psgc_code":"1303901463","adm4_en":"Barangay 463","district":"Sampaloc"},"geometry":{"type":"MultiPolygon","coordinates":[[[[120.98702292,14.60649863],[120.98680205,14.60627823],[120.98653353,14.60653747],[120.98585759,14.60718558],[120.98591232,14.60741872],[120.98595019,14.60759296],[120.98627875,14.60787601],[120.98731756,14.6067885],[120.98702292,14.60649863]]]]}},{"type":"Feature","properties":{"psgc_code":"1303901464","adm4_en":"Barangay 464","district":"Sampaloc"},"geometry":{"type":"MultiPolygon","coordinates":[[[[120.98680205,14.60627823],[120.98636857,14.60597164],[120.98629697,14.6057758],[120.98629806,14.60577445],[120.98644035,14.60560459],[120.98673747,14.60525489],[120.98694101,14.60504777],[120.98636987,14.60493842],[120.98594643,14.60485626],[120.98569504,14.60479464],[120.98552788,14.60473605],[120.98540631,14.60464815],[120.98533033,14.60456758],[120.98529234,14.60447236],[120.98539464,14.60493571],[120.98550073,14.60545368],[120.98553545,14.60562322],[120.98568793,14.60636122],[120.98585759,14.60718558],[120.98653353,14.60653747],[120.98680205,14.60627823]]]]}},{"type":"Feature","properties":{"psgc_code":"1303901465","adm4_en":"Barangay 465","district":"Sampaloc"},"geometry":{"type":"MultiPolygon","coordinates":[[[[120.9884039,14.60775963],[120.98812367,14.60754053],[120.98782528,14.60728687],[120.98680914,14.60833115],[120.98712655,14.60859336],[120.98738537,14.60881512],[120.98786264,14.60831703],[120.9884039,14.60775963]]]]}},{"type":"Feature","properties":{"psgc_code":"1303901466","adm4_en":"Barangay 466","district":"Sampaloc"},"geometry":{"type":"MultiPolygon","coordinates":[[[[120.98712655,14.60859336],[120.98680914,14.60833115],[120.98653865,14.60809102],[120.98627875,14.60787601],[120.98595019,14.60759296],[120.98599648,14.6078985],[120.98602199,14.60814296],[120.98605203,14.6085929],[120.98605796,14.60864652],[120.98608907,14.60908361],[120.98611684,14.60941693],[120.98613889,14.60964466],[120.9863817,14.60986048],[120.98738537,14.60881512],[120.98712655,14.60859336]]]]}},{"type":"Feature","properties":{"psgc_code":"1303901467","adm4_en":"Barangay 467","district":"Sampaloc"},"geometry":{"type":"MultiPolygon","coordinates":[[[[120.98756863,14.60703476],[120.98731756,14.6067885],[120.98627875,14.60787601],[120.98653865,14.60809102],[120.98680914,14.60833115],[120.98782528,14.60728687],[120.98756863,14.60703476]]]]}},{"type":"Feature","properties":{"psgc_code":"1303901468","adm4_en":"Barangay 468","district":"Sampaloc"},"geometry":{"type":"MultiPolygon","coordinates":[[[[120.98866401,14.60591164],[120.98839857,14.60565886],[120.98731756,14.6067885],[120.98756863,14.60703476],[120.98782528,14.60728687],[120.98892944,14.60613914],[120.98866401,14.60591164]]]]}},{"type":"Feature","properties":{"psgc_code":"1303901469","adm4_en":"Barangay 469","district":"Sampaloc"},"geometry":{"type":"MultiPolygon","coordinates":[[[[120.98920752,14.60639192],[120.98892944,14.60613914],[120.98782528,14.60728687],[120.98812367,14.60754053],[120.9884039,14.60775963],[120.98949192,14.60665103],[120.98920752,14.60639192]]]]}},{"type":"Feature","properties":{"psgc_code":"1303901470","adm4_en":"Barangay 470","district":"Sampaloc"},"geometry":{"type":"MultiPolygon","coordinates":[[[[120.99072427,14.61182017],[120.99122723,14.61129991],[120.99173019,14.61077965],[120.99281416,14.60966975],[120.99264117,14.60950662],[120.99220316,14.60910934],[120.99185562,14.60878965],[120.99165333,14.60860377],[120.99138997,14.60836563],[120.99110851,14.60812602],[120.99083174,14.6078707],[120.9905663,14.60761792],[120.99003543,14.60713763],[120.98949192,14.60665103],[120.9884039,14.60775963],[120.98786264,14.60831703],[120.98738537,14.60881512],[120.9863817,14.60986048],[120.98692126,14.61035506],[120.98720903,14.61061583],[120.98745184,14.61084963],[120.98765867,14.61103847],[120.98773961,14.61111041],[120.9880004,14.6113532],[120.98826119,14.611587],[120.9872677,14.61261289],[120.98754393,14.61286555],[120.98782953,14.61312468],[120.9880863,14.61337647],[120.98835757,14.61362039],[120.98869508,14.61394458],[120.98970101,14.61289538],[120.99072427,14.61182017]]]]}},{"type":"Feature","properties":{"psgc_code":"1303901471","adm4_en":"Barangay 471","district":"Sampaloc"},"geometry":{"type":"MultiPolygon","coordinates":[[[[120.9880004,14.6113532],[120.98773961,14.61111041],[120.98765867,14.61103847],[120.98745184,14.61084963],[120.98720903,14.61061583],[120.98692126,14.61035506],[120.9863817,14.60986048],[120.98613889,14.60964466],[120.9861411,14.60969903],[120.9861596,14.60987482],[120.98617117,14.61006217],[120.98618967,14.61023797],[120.98619892,14.61041838],[120.98621869,14.61069463],[120.9862372,14.61104646],[120.98626498,14.61155568],[120.98627377,14.61172188],[120.98646262,14.61189273],[120.9867414,14.61213552],[120.98700219,14.61236932],[120.9872677,14.61261289],[120.98826119,14.611587],[120.9880004,14.6113532]]]]}},{"type":"Feature","properties":{"psgc_code":"1303901472","adm4_en":"Barangay 472","district":"Sampaloc"},"geometry":{"type":"MultiPolygon","coordinates":[[[[120.9952198,14.61395714],[120.99478102,14.61356465],[120.99452593,14.6133254],[120.99436249,14.61349611],[120.99429381,14.6135648],[120.99422916,14.61363348],[120.99350874,14.61437549],[120.99377556,14.6146207],[120.99403559,14.61485983],[120.99420588,14.61501599],[120.99451058,14.6146988],[120.9952198,14.61395714]]]]}},{"type":"Feature","properties":{"psgc_code":"1303901473","adm4_en":"Barangay 473","district":"Sampaloc"},"geometry":{"type":"MultiPolygon","coordinates":[[[[120.99613415,14.61267357],[120.99587503,14.61243975],[120.99574953,14.6123233],[120.99561592,14.61219961],[120.99452593,14.6133254],[120.99478102,14.61356465],[120.9952198,14.61395714],[120.99630121,14.61282924],[120.99613415,14.61267357]]]]}},{"type":"Feature","properties":{"psgc_code":"1303901474","adm4_en":"Barangay 474","district":"Sampaloc"},"geometry":{"type":"MultiPolygon","coordinates":[[[[120.99403559,14.61485983],[120.99377556,14.6146207],[120.99350874,14.61437549],[120.99324002,14.61412851],[120.99313475,14.61403475],[120.99212083,14.61508035],[120.99222853,14.61518026],[120.99249418,14.61542342],[120.99276534,14.61567011],[120.99305183,14.61592488],[120.99319505,14.61606728],[120.99420588,14.61501599],[120.99403559,14.61485983]]]]}},{"type":"Feature","properties":{"psgc_code":"1303901475","adm4_en":"Barangay 475","district":"Sampaloc"},"geometry":{"type":"MultiPolygon","coordinates":[[[[120.99429381,14.6135648],[120.99436249,14.61349611],[120.99452593,14.6133254],[120.99561592,14.61219961],[120.99533784,14.61194682],[120.99521227,14.6118392],[120.9950724,14.61171932],[120.99298257,14.61389482],[120.99313475,14.61403475],[120.99324002,14.61412851],[120.99350874,14.61437549],[120.99422916,14.61363348],[120.99429381,14.6135648]]]]}},{"type":"Feature","properties":{"psgc_code":"1303901476","adm4_en":"Barangay 476","district":"Sampaloc"},"geometry":{"type":"MultiPolygon","coordinates":[[[[120.99475322,14.61144927],[120.99450933,14.61122601],[120.99436917,14.61108856],[120.99230584,14.61327252],[120.99243954,14.61339311],[120.99268375,14.61361874],[120.99298257,14.61389482],[120.9950724,14.61171932],[120.99475322,14.61144927]]]]}},{"type":"Feature","properties":{"psgc_code":"1303901477","adm4_en":"Barangay 477","district":"Sampaloc"},"geometry":{"type":"MultiPolygon","coordinates":[[[[120.99298257,14.61389482],[120.99268375,14.61361874],[120.99243954,14.61339311],[120.99230584,14.61327252],[120.99216877,14.61314301],[120.99115317,14.61420742],[120.99129339,14.61433324],[120.99167552,14.61467547],[120.99197353,14.61494817],[120.99212083,14.61508035],[120.99313475,14.61403475],[120.99298257,14.61389482]]]]}},{"type":"Feature","properties":{"psgc_code":"1303901478","adm4_en":"Barangay 478","district":"Sampaloc"},"geometry":{"type":"MultiPolygon","coordinates":[[[[120.9942445,14.61096729],[120.99398284,14.61073435],[120.99290518,14.61185004],[120.99262867,14.61159837],[120.99162566,14.61264574],[120.99189676,14.61289396],[120.99216877,14.61314301],[120.99230584,14.61327252],[120.99436917,14.61108856],[120.9942445,14.61096729]]]]}},{"type":"Feature","properties":{"psgc_code":"1303901479","adm4_en":"Barangay 479","district":"Sampaloc"},"geometry":{"type":"MultiPolygon","coordinates":[[[[120.99290518,14.61185004],[120.99398284,14.61073435],[120.99371101,14.61048399],[120.99358362,14.61037296],[120.99343624,14.61024463],[120.99337479,14.61019071],[120.99281416,14.60966975],[120.99173019,14.61077965],[120.99122723,14.61129991],[120.99072427,14.61182017],[120.99135745,14.61240018],[120.99151724,14.6125467],[120.99162566,14.61264574],[120.99262867,14.61159837],[120.99290518,14.61185004]]]]}},{"type":"Feature","properties":{"psgc_code":"1303901480","adm4_en":"Barangay 480","district":"Sampaloc"},"geometry":{"type":"MultiPolygon","coordinates":[[[[120.99189676,14.61289396],[120.99162566,14.61264574],[120.99151724,14.6125467],[120.99048139,14.61359904],[120.99060549,14.61371092],[120.99087278,14.61395403],[120.99115317,14.61420742],[120.99216877,14.61314301],[120.99189676,14.61289396]]]]}},{"type":"Feature","properties":{"psgc_code":"1303901481","adm4_en":"Barangay 481","district":"Sampaloc"},"geometry":{"type":"MultiPolygon","coordinates":[[[[120.99135745,14.61240018],[120.99072427,14.61182017],[120.98970101,14.61289538],[120.99033164,14.61346386],[120.99048139,14.61359904],[120.99151724,14.6125467],[120.99135745,14.61240018]]]]}},{"type":"Feature","properties":{"psgc_code":"1303901482","adm4_en":"Barangay 482","district":"Sampaloc"},"geometry":{"type":"MultiPolygon","coordinates":[[[[120.98995664,14.61706866],[120.98968137,14.61681176],[120.98941223,14.61656098],[120.98889228,14.61710535],[120.98891063,14.61760691],[120.98892898,14.61813905],[120.98919982,14.61837579],[120.9902319,14.61731944],[120.98995664,14.61706866]]]]}},{"type":"Feature","properties":{"psgc_code":"1303901483","adm4_en":"Barangay 483","district":"Sampaloc"},"geometry":{"type":"MultiPolygon","coordinates":[[[[120.9910271,14.61804732],[120.99076407,14.61780877],[120.99049493,14.61755799],[120.9902319,14.61731944],[120.98919982,14.61837579],[120.98946285,14.61861932],[120.98973075,14.61886285],[120.98998891,14.61909664],[120.9901861,14.61926835],[120.99117979,14.61818719],[120.9910271,14.61804732]]]]}},{"type":"Feature","properties":{"psgc_code":"1303901484","adm4_en":"Barangay 484","district":"Sampaloc"},"geometry":{"type":"MultiPolygon","coordinates":[[[[120.9901861,14.61926835],[120.98998891,14.61909664],[120.98973075,14.61886285],[120.98946285,14.61861932],[120.98919982,14.61837579],[120.98892898,14.61813905],[120.98892898,14.61822469],[120.98895956,14.61911159],[120.9889779,14.61961926],[120.98900755,14.62049825],[120.98917814,14.62032034],[120.9901861,14.61926835]]]]}},{"type":"Feature","properties":{"psgc_code":"1303901485","adm4_en":"Barangay 485","district":"Sampaloc"},"geometry":{"type":"MultiPolygon","coordinates":[[[[120.99204864,14.61699527],[120.99178561,14.61675673],[120.99149812,14.61649371],[120.99122897,14.61624905],[120.9902319,14.61731944],[120.99049493,14.61755799],[120.99076407,14.61780877],[120.9910271,14.61804732],[120.99117979,14.61818719],[120.99218369,14.61712178],[120.99204864,14.61699527]]]]}},{"type":"Feature","properties":{"psgc_code":"1303901486","adm4_en":"Barangay 486","district":"Sampaloc"},"geometry":{"type":"MultiPolygon","coordinates":[[[[120.99095982,14.61600439],[120.99067581,14.61574662],[120.99041407,14.6155127],[120.98941223,14.61656098],[120.98968137,14.61681176],[120.98995664,14.61706866],[120.9902319,14.61731944],[120.99122897,14.61624905],[120.99095982,14.61600439]]]]}},{"type":"Feature","properties":{"psgc_code":"1303901487","adm4_en":"Barangay 487","district":"Sampaloc"},"geometry":{"type":"MultiPolygon","coordinates":[[[[120.99305183,14.61592488],[120.99276534,14.61567011],[120.99249418,14.61542342],[120.99222853,14.61518026],[120.99122897,14.61624905],[120.99149812,14.61649371],[120.99178561,14.61675673],[120.99204864,14.61699527],[120.99218369,14.61712178],[120.99319505,14.61606728],[120.99305183,14.61592488]]]]}},{"type":"Feature","properties":{"psgc_code":"1303901488","adm4_en":"Barangay 488","district":"Sampaloc"},"geometry":{"type":"MultiPolygon","coordinates":[[[[120.99212083,14.61508035],[120.99197353,14.61494817],[120.99167552,14.61467547],[120.99129339,14.61433324],[120.99027618,14.61538742],[120.99041407,14.6155127],[120.99067581,14.61574662],[120.99095982,14.61600439],[120.99122897,14.61624905],[120.99222853,14.61518026],[120.99212083,14.61508035]]]]}},{"type":"Feature","properties":{"psgc_code":"1303901489","adm4_en":"Barangay 489","district":"Sampaloc"},"geometry":{"type":"MultiPolygon","coordinates":[[[[120.99115317,14.61420742],[120.99087278,14.61395403],[120.99060549,14.61371092],[120.99048139,14.61359904],[120.99033164,14.61346386],[120.98931657,14.61451374],[120.98959378,14.61476712],[120.98985635,14.61500596],[120.99014175,14.61526551],[120.99027618,14.61538742],[120.99129339,14.61433324],[120.99115317,14.61420742]]]]}},{"type":"Feature","properties":{"psgc_code":"1303901490","adm4_en":"Barangay 490","district":"Sampaloc"},"geometry":{"type":"MultiPolygon","coordinates":[[[[120.98931657,14.61451374],[120.99033164,14.61346386],[120.98970101,14.61289538],[120.98869508,14.61394458],[120.98879342,14.61403569],[120.98879925,14.61432722],[120.98881593,14.61503041],[120.98883033,14.61556443],[120.98959378,14.61476712],[120.98931657,14.61451374]]]]}},{"type":"Feature","properties":{"psgc_code":"1303901491","adm4_en":"Barangay 491","district":"Sampaloc"},"geometry":{"type":"MultiPolygon","coordinates":[[[[120.99041407,14.6155127],[120.99027618,14.61538742],[120.99014175,14.61526551],[120.98985635,14.61500596],[120.98959378,14.61476712],[120.98883033,14.61556443],[120.98883382,14.61572216],[120.98884335,14.61603496],[120.98886454,14.61657639],[120.98889228,14.61710535],[120.98941223,14.61656098],[120.99041407,14.6155127]]]]}},{"type":"Feature","properties":{"psgc_code":"1303901492","adm4_en":"Barangay 492","district":"Sampaloc"},"geometry":{"type":"MultiPolygon","coordinates":[[[[120.99122122,14.6240744],[120.99095795,14.62384017],[120.99070003,14.6235922],[120.99042239,14.62334867],[120.99017398,14.62311488],[120.98990608,14.62287622],[120.98911245,14.62366842],[120.98917362,14.62379687],[120.98924091,14.62389474],[120.9893449,14.62398037],[120.98960792,14.62422503],[120.98986484,14.62448193],[120.99011563,14.6247266],[120.99053233,14.62512552],[120.9914863,14.62433043],[120.99122122,14.6240744]]]]}},{"type":"Feature","properties":{"psgc_code":"1303901493","adm4_en":"Barangay 493","district":"Sampaloc"},"geometry":{"type":"MultiPolygon","coordinates":[[[[120.98983844,14.62601465],[120.98982324,14.62591043],[120.98981744,14.62583358],[120.98982759,14.62575529],[120.98985224,14.6256944],[120.98988595,14.62564047],[120.98995769,14.62556262],[120.99003401,14.6254985],[120.99013018,14.62541302],[120.99030267,14.62527869],[120.9905006,14.62515178],[120.99053233,14.62512552],[120.99011563,14.6247266],[120.98986484,14.62448193],[120.98960792,14.62422503],[120.9893449,14.62398037],[120.98924091,14.62389474],[120.98917362,14.62379687],[120.98911245,14.62366842],[120.98914915,14.62416387],[120.98915527,14.62427396],[120.98922089,14.62602689],[120.98938709,14.62600842],[120.98950405,14.62600842],[120.98955646,14.62601153],[120.98960253,14.62602073],[120.9896855,14.62602931],[120.989758,14.62602786],[120.98983844,14.62601465]]]]}},{"type":"Feature","properties":{"psgc_code":"1303901494","adm4_en":"Barangay 494","district":"Sampaloc"},"geometry":{"type":"MultiPolygon","coordinates":[[[[120.99382211,14.62256286],[120.9934716,14.62224794],[120.99321344,14.62200927],[120.99294067,14.62176574],[120.99282127,14.62165214],[120.99268738,14.62153195],[120.99241948,14.62129329],[120.99216133,14.62106437],[120.99188368,14.6208111],[120.99086688,14.62187364],[120.99114167,14.62212388],[120.99139684,14.62235941],[120.99166181,14.62259493],[120.99192679,14.62283536],[120.99218686,14.62306597],[120.99245184,14.6233064],[120.99262391,14.6234682],[120.99380839,14.62257348],[120.99382211,14.62256286]]]]}},{"type":"Feature","properties":{"psgc_code":"1303901495","adm4_en":"Barangay 495","district":"Sampaloc"},"geometry":{"type":"MultiPolygon","coordinates":[[[[120.99262391,14.6234682],[120.99245184,14.6233064],[120.99218686,14.62306597],[120.99192679,14.62283536],[120.99166181,14.62259493],[120.99139684,14.62235941],[120.99114167,14.62212388],[120.99086688,14.62187364],[120.98990608,14.62287622],[120.99017398,14.62311488],[120.99042239,14.62334867],[120.99070003,14.6235922],[120.99095795,14.62384017],[120.99122122,14.6240744],[120.9914863,14.62433043],[120.99184793,14.62405693],[120.99262391,14.6234682]]]]}},{"type":"Feature","properties":{"psgc_code":"1303901496","adm4_en":"Barangay 496","district":"Sampaloc"},"geometry":{"type":"MultiPolygon","coordinates":[[[[120.99473396,14.62143591],[120.99448317,14.62120348],[120.99434677,14.6210778],[120.99422014,14.62096493],[120.99395706,14.62072648],[120.99381568,14.62059653],[120.99282127,14.62165214],[120.99294067,14.62176574],[120.99321344,14.62200927],[120.9934716,14.62224794],[120.99382211,14.62256286],[120.99498613,14.62166215],[120.99473396,14.62143591]]]]}},{"type":"Feature","properties":{"psgc_code":"1303901497","adm4_en":"Barangay 497","district":"Sampaloc"},"geometry":{"type":"MultiPolygon","coordinates":[[[[120.99086688,14.62187364],[120.99058719,14.62161359],[120.99032221,14.62137807],[120.99006214,14.62113764],[120.98980207,14.62090212],[120.98953878,14.62065749],[120.98927763,14.62041442],[120.98917814,14.62032034],[120.98900755,14.62049825],[120.98901541,14.62070345],[120.98903295,14.6211851],[120.98904518,14.62167443],[120.98906353,14.62211482],[120.98907576,14.62258579],[120.98908799,14.62316075],[120.98911245,14.62366842],[120.98990608,14.62287622],[120.99086688,14.62187364]]]]}},{"type":"Feature","properties":{"psgc_code":"1303901498","adm4_en":"Barangay 498","district":"Sampaloc"},"geometry":{"type":"MultiPolygon","coordinates":[[[[120.99368844,14.62048189],[120.99343717,14.62025541],[120.99317414,14.62001075],[120.99288665,14.61975385],[120.99188368,14.6208111],[120.99216133,14.62106437],[120.99241948,14.62129329],[120.99268738,14.62153195],[120.99282127,14.62165214],[120.99381568,14.62059653],[120.99368844,14.62048189]]]]}},{"type":"Feature","properties":{"psgc_code":"1303901499","adm4_en":"Barangay 499","district":"Sampaloc"},"geometry":{"type":"MultiPolygon","coordinates":[[[[120.9918223,14.61877519],[120.99157151,14.61854276],[120.9913146,14.61831033],[120.99117979,14.61818719],[120.9901861,14.61926835],[120.99028603,14.61935478],[120.99054906,14.61960319],[120.99082183,14.61984672],[120.99107512,14.62008051],[120.99209756,14.61902597],[120.9918223,14.61877519]]]]}},{"type":"Feature","properties":{"psgc_code":"1303901500","adm4_en":"Barangay 500","district":"Sampaloc"},"geometry":{"type":"MultiPolygon","coordinates":[[[[120.9915963,14.62055296],[120.99133814,14.6203143],[120.99107512,14.62008051],[120.99082183,14.61984672],[120.99054906,14.61960319],[120.99028603,14.61935478],[120.9901861,14.61926835],[120.98917814,14.62032034],[120.98927763,14.62041442],[120.98953878,14.62065749],[120.98980207,14.62090212],[120.99006214,14.62113764],[120.99032221,14.62137807],[120.99058719,14.62161359],[120.99086688,14.62187364],[120.99188368,14.6208111],[120.9915963,14.62055296]]]]}},{"type":"Feature","properties":{"psgc_code":"1303901501","adm4_en":"Barangay 501","district":"Sampaloc"},"geometry":{"type":"MultiPolygon","coordinates":[[[[120.99261139,14.61949695],[120.99234836,14.6192584],[120.99209756,14.61902597],[120.99107512,14.62008051],[120.99133814,14.6203143],[120.9915963,14.62055296],[120.99188368,14.6208111],[120.99288665,14.61975385],[120.99261139,14.61949695]]]]}},{"type":"Feature","properties":{"psgc_code":"1303901502","adm4_en":"Barangay 502","district":"Sampaloc"},"geometry":{"type":"MultiPolygon","coordinates":[[[[120.99775201,14.61411409],[120.99763714,14.61400983],[120.99747397,14.61386165],[120.99735045,14.61375051],[120.996253,14.61489686],[120.99665242,14.61526875],[120.99692878,14.61551657],[120.99803049,14.61437966],[120.99775201,14.61411409]]]]}},{"type":"Feature","properties":{"psgc_code":"1303901503","adm4_en":"Barangay 503","district":"Sampaloc"},"geometry":{"type":"MultiPolygon","coordinates":[[[[120.99722118,14.61363415],[120.9971089,14.61353384],[120.99695574,14.61340032],[120.99669662,14.61317282],[120.99642483,14.61294536],[120.99630121,14.61282924],[120.9952198,14.61395714],[120.99600274,14.61466844],[120.99613104,14.61478561],[120.996253,14.61489686],[120.99735045,14.61375051],[120.99722118,14.61363415]]]]}},{"type":"Feature","properties":{"psgc_code":"1303901504","adm4_en":"Barangay 504","district":"Sampaloc"},"geometry":{"type":"MultiPolygon","coordinates":[[[[120.99665242,14.61526875],[120.996253,14.61489686],[120.99613104,14.61478561],[120.99600274,14.61466844],[120.99499305,14.61572588],[120.99512548,14.61584538],[120.99524215,14.61595369],[120.99538239,14.61608393],[120.99564542,14.61632247],[120.99593292,14.61657937],[120.99692878,14.61551657],[120.99665242,14.61526875]]]]}},{"type":"Feature","properties":{"psgc_code":"1303901505","adm4_en":"Barangay 505","district":"Sampaloc"},"geometry":{"type":"MultiPolygon","coordinates":[[[[120.9952198,14.61395714],[120.99451058,14.6146988],[120.99420588,14.61501599],[120.99432636,14.6151216],[120.99459331,14.61536217],[120.99484309,14.61559056],[120.99499305,14.61572588],[120.99600274,14.61466844],[120.9952198,14.61395714]]]]}},{"type":"Feature","properties":{"psgc_code":"1303901506","adm4_en":"Barangay 506","district":"Sampaloc"},"geometry":{"type":"MultiPolygon","coordinates":[[[[120.99564542,14.61632247],[120.99538239,14.61608393],[120.99524215,14.61595369],[120.99424821,14.61702756],[120.9943792,14.61715432],[120.99464835,14.61739287],[120.99492361,14.61764976],[120.99593292,14.61657937],[120.99564542,14.61632247]]]]}},{"type":"Feature","properties":{"psgc_code":"1303901507","adm4_en":"Barangay 507","district":"Sampaloc"},"geometry":{"type":"MultiPolygon","coordinates":[[[[120.99512548,14.61584538],[120.99499305,14.61572588],[120.99484309,14.61559056],[120.99459331,14.61536217],[120.99432636,14.6151216],[120.99420588,14.61501599],[120.99319505,14.61606728],[120.99333933,14.61620013],[120.99360235,14.61643256],[120.99385927,14.61667722],[120.99412229,14.61690966],[120.99424821,14.61702756],[120.99524215,14.61595369],[120.99512548,14.61584538]]]]}},{"type":"Feature","properties":{"psgc_code":"1303901508","adm4_en":"Barangay 508","district":"Sampaloc"},"geometry":{"type":"MultiPolygon","coordinates":[[[[120.99464835,14.61739287],[120.9943792,14.61715432],[120.99424821,14.61702756],[120.99412229,14.61690966],[120.99310075,14.61797393],[120.99335155,14.61820024],[120.99361458,14.61843879],[120.99389595,14.61868346],[120.99492361,14.61764976],[120.99464835,14.61739287]]]]}},{"type":"Feature","properties":{"psgc_code":"1303901509","adm4_en":"Barangay 509","district":"Sampaloc"},"geometry":{"type":"MultiPolygon","coordinates":[[[[120.99385927,14.61667722],[120.99360235,14.61643256],[120.99333933,14.61620013],[120.99319505,14.61606728],[120.99218369,14.61712178],[120.99233614,14.61726441],[120.99258081,14.61749684],[120.99284384,14.61773538],[120.99310075,14.61797393],[120.99412229,14.61690966],[120.99385927,14.61667722]]]]}},{"type":"Feature","properties":{"psgc_code":"1303901510","adm4_en":"Barangay 510","district":"Sampaloc"},"geometry":{"type":"MultiPolygon","coordinates":[[[[120.99361458,14.61843879],[120.99335155,14.61820024],[120.99310075,14.61797393],[120.99209756,14.61902597],[120.99234836,14.6192584],[120.99261139,14.61949695],[120.99288665,14.61975385],[120.99389595,14.61868346],[120.99361458,14.61843879]]]]}},{"type":"Feature","properties":{"psgc_code":"1303901511","adm4_en":"Barangay 511","district":"Sampaloc"},"geometry":{"type":"MultiPolygon","coordinates":[[[[120.99284384,14.61773538],[120.99258081,14.61749684],[120.99233614,14.61726441],[120.99218369,14.61712178],[120.99117979,14.61818719],[120.9913146,14.61831033],[120.99157151,14.61854276],[120.9918223,14.61877519],[120.99209756,14.61902597],[120.99310075,14.61797393],[120.99284384,14.61773538]]]]}},{"type":"Feature","properties":{"psgc_code":"1303901512","adm4_en":"Barangay 512","district":"Sampaloc"},"geometry":{"type":"MultiPolygon","coordinates":[[[[120.99855724,14.61892319],[120.99969871,14.61804842],[120.99973284,14.61802495],[121.00090396,14.61716357],[121.0009925,14.61709657],[121.00060032,14.61674036],[121.00007477,14.61626555],[120.99998244,14.61618125],[120.99912147,14.61539516],[120.99901103,14.61551482],[120.99891234,14.61571739],[120.99879295,14.6160216],[120.99879295,14.61602358],[120.99869936,14.61630953],[120.9985643,14.61674064],[120.99850196,14.6169536],[120.99850196,14.61708667],[120.99850196,14.61708865],[120.99852274,14.61745744],[120.99850196,14.61788855],[120.99846559,14.61813787],[120.99840845,14.61834044],[120.99835131,14.6185534],[120.99828898,14.61871962],[120.99852278,14.6189386],[120.99852651,14.61894197],[120.99853164,14.61893812],[120.99855724,14.61892319]]]]}},{"type":"Feature","properties":{"psgc_code":"1303901513","adm4_en":"Barangay 513","district":"Sampaloc"},"geometry":{"type":"MultiPolygon","coordinates":[[[[120.99840845,14.61834044],[120.99846559,14.61813787],[120.99850196,14.61788855],[120.99852274,14.61745744],[120.99850196,14.61708865],[120.99850196,14.61708667],[120.99850196,14.6169536],[120.9985643,14.61674064],[120.99869936,14.61630953],[120.99879295,14.61602358],[120.99879295,14.6160216],[120.99891234,14.61571739],[120.99901103,14.61551482],[120.99912147,14.61539516],[120.99896548,14.61525001],[120.9978727,14.6163705],[120.99684378,14.61742515],[120.99696492,14.61753533],[120.99725418,14.61777211],[120.99752332,14.61801677],[120.99778635,14.61826144],[120.99804326,14.61848775],[120.99828898,14.61871962],[120.99835131,14.6185534],[120.99840845,14.61834044]]]]}},{"type":"Feature","properties":{"psgc_code":"1303901514","adm4_en":"Barangay 514","district":"Sampaloc"},"geometry":{"type":"MultiPolygon","coordinates":[[[[120.99623875,14.6188425],[120.99598796,14.61861619],[120.99571881,14.61836541],[120.9954619,14.61813297],[120.99519887,14.61789443],[120.99492361,14.61764976],[120.99389595,14.61868346],[120.99418345,14.61894647],[120.99444648,14.61918502],[120.99470339,14.61941745],[120.99497254,14.61966211],[120.99523556,14.61990066],[120.99536286,14.62001888],[120.99635533,14.6189509],[120.99623875,14.6188425]]]]}},{"type":"Feature","properties":{"psgc_code":"1303901515","adm4_en":"Barangay 515","district":"Sampaloc"},"geometry":{"type":"MultiPolygon","coordinates":[[[[120.99768675,14.61957415],[120.99850343,14.61895928],[120.99850604,14.61895732],[120.99852651,14.61894197],[120.99852278,14.6189386],[120.99828898,14.61871962],[120.99804326,14.61848775],[120.99778635,14.61826144],[120.99752332,14.61801677],[120.99650178,14.61908716],[120.99635533,14.6189509],[120.99536286,14.62001888],[120.99549248,14.62013921],[120.9957555,14.62037775],[120.99616128,14.62076206],[120.99616277,14.62076347],[120.99734445,14.61983186],[120.99768675,14.61957415]]]]}},{"type":"Feature","properties":{"psgc_code":"1303901516","adm4_en":"Barangay 516","district":"Sampaloc"},"geometry":{"type":"MultiPolygon","coordinates":[[[[120.99615853,14.62076682],[120.99616128,14.62076206],[120.9957555,14.62037775],[120.99549248,14.62013921],[120.99536286,14.62001888],[120.99434677,14.6210778],[120.99448317,14.62120348],[120.99473396,14.62143591],[120.99498613,14.62166215],[120.99499146,14.62165803],[120.99615853,14.62076682]]]]}},{"type":"Feature","properties":{"psgc_code":"1303901517","adm4_en":"Barangay 517","district":"Sampaloc"},"geometry":{"type":"MultiPolygon","coordinates":[[[[120.99882012,14.61511925],[120.9987111,14.61501198],[120.998561,14.61487278],[120.99830188,14.61463264],[120.99803049,14.61437966],[120.99692878,14.61551657],[120.99719182,14.61577146],[120.99746515,14.61601515],[120.99774467,14.61625688],[120.9978727,14.6163705],[120.99896548,14.61525001],[120.99882012,14.61511925]]]]}},{"type":"Feature","properties":{"psgc_code":"1303901518","adm4_en":"Barangay 518","district":"Sampaloc"},"geometry":{"type":"MultiPolygon","coordinates":[[[[120.99523556,14.61990066],[120.99497254,14.61966211],[120.99470339,14.61941745],[120.99444648,14.61918502],[120.99418345,14.61894647],[120.99389595,14.61868346],[120.99288665,14.61975385],[120.99317414,14.62001075],[120.99343717,14.62025541],[120.99368844,14.62048189],[120.99381568,14.62059653],[120.99395706,14.62072648],[120.99422014,14.62096493],[120.99434677,14.6210778],[120.99536286,14.62001888],[120.99523556,14.61990066]]]]}},{"type":"Feature","properties":{"psgc_code":"1303901519","adm4_en":"Barangay 519","district":"Sampaloc"},"geometry":{"type":"MultiPolygon","coordinates":[[[[120.99774467,14.61625688],[120.99746515,14.61601515],[120.99719182,14.61577146],[120.99692878,14.61551657],[120.99593292,14.61657937],[120.99622042,14.61684238],[120.99647121,14.6170687],[120.99671458,14.61731224],[120.99684378,14.61742515],[120.9978727,14.6163705],[120.99774467,14.61625688]]]]}},{"type":"Feature","properties":{"psgc_code":"1303901520","adm4_en":"Barangay 520","district":"Sampaloc"},"geometry":{"type":"MultiPolygon","coordinates":[[[[120.99725418,14.61777211],[120.99696492,14.61753533],[120.99684378,14.61742515],[120.99671458,14.61731224],[120.99647121,14.6170687],[120.99622042,14.61684238],[120.99593292,14.61657937],[120.99492361,14.61764976],[120.99519887,14.61789443],[120.9954619,14.61813297],[120.99571881,14.61836541],[120.99598796,14.61861619],[120.99623875,14.6188425],[120.99635533,14.6189509],[120.99650178,14.61908716],[120.99752332,14.61801677],[120.99725418,14.61777211]]]]}},{"type":"Feature","properties":{"psgc_code":"1303901521","adm4_en":"Barangay 521","district":"Sampaloc"},"geometry":{"type":"MultiPolygon","coordinates":[[[[120.99821546,14.61238421],[120.99845885,14.61259598],[120.99944589,14.61156483],[120.99931165,14.61144785],[120.99906078,14.61121969],[120.998805,14.61098701],[120.99854457,14.61075007],[120.99841095,14.61062855],[120.99630121,14.61282924],[120.99642483,14.61294536],[120.99669662,14.61317282],[120.99695574,14.61340032],[120.9971089,14.61353384],[120.99818146,14.61241953],[120.99821546,14.61238421]]]]}},{"type":"Feature","properties":{"psgc_code":"1303901522","adm4_en":"Barangay 522","district":"Sampaloc"},"geometry":{"type":"MultiPolygon","coordinates":[[[[120.99973062,14.6118172],[120.99959384,14.6116966],[120.99944589,14.61156483],[120.99845885,14.61259598],[120.99821546,14.61238421],[120.99818146,14.61241953],[120.9971089,14.61353384],[120.99722118,14.61363415],[120.99735045,14.61375051],[120.99747397,14.61386165],[120.99763714,14.61400983],[120.9987048,14.61289164],[120.99973062,14.6118172]]]]}},{"type":"Feature","properties":{"psgc_code":"1303901523","adm4_en":"Barangay 523","district":"Sampaloc"},"geometry":{"type":"MultiPolygon","coordinates":[[[[120.99939865,14.61350494],[120.9995348,14.61366757],[121.00016241,14.6120927],[120.99990971,14.61199234],[120.9998416,14.61191755],[120.99973062,14.6118172],[120.9987048,14.61289164],[120.99763714,14.61400983],[120.99775201,14.61411409],[120.99803049,14.61437966],[120.999118,14.61325693],[120.99939865,14.61350494]]]]}},{"type":"Feature","properties":{"psgc_code":"1303901524","adm4_en":"Barangay 524","district":"Sampaloc"},"geometry":{"type":"MultiPolygon","coordinates":[[[[121.00050404,14.61223069],[121.00044975,14.61220897],[121.00033122,14.61216101],[121.00016241,14.6120927],[120.9995348,14.61366757],[120.99939865,14.61350494],[120.999118,14.61325693],[120.99803049,14.61437966],[120.99830188,14.61463264],[120.998561,14.61487278],[120.9987111,14.61501198],[120.99975947,14.61398474],[121.00050404,14.61223069]]]]}},{"type":"Feature","properties":{"psgc_code":"1303901525","adm4_en":"Barangay 525","district":"Sampaloc"},"geometry":{"type":"MultiPolygon","coordinates":[[[[121.0007758,14.61464355],[121.00089186,14.61462572],[121.00102772,14.61460784],[121.00120293,14.61458997],[121.00138899,14.61457538],[121.00138175,14.61453978],[121.00133599,14.61436821],[121.0012502,14.614128],[121.00117013,14.6138878],[121.00105925,14.61359942],[121.00100854,14.61346947],[121.00100124,14.61332596],[121.00095906,14.61320175],[121.000925,14.61306548],[121.00091137,14.61295646],[121.00092389,14.61283151],[121.00094203,14.61268732],[121.00096929,14.61257149],[121.00104544,14.6124227],[121.0007308,14.61230917],[121.00050404,14.61223069],[120.99975947,14.61398474],[120.9998117,14.61403602],[120.99993637,14.61408753],[121.00003167,14.61412029],[121.00016568,14.61413816],[121.00021674,14.61414126],[121.00039548,14.61471809],[121.00069547,14.61465704],[121.0007758,14.61464355]]]]}},{"type":"Feature","properties":{"psgc_code":"1303901526","adm4_en":"Barangay 526","district":"Sampaloc"},"geometry":{"type":"MultiPolygon","coordinates":[[[[120.99943304,14.61509769],[120.99954031,14.61501188],[120.9996726,14.61493322],[120.99974767,14.61490016],[120.99991216,14.61484383],[121.00005833,14.61479293],[121.00018643,14.61475911],[121.00039548,14.61471809],[121.00021674,14.61414126],[121.00016568,14.61413816],[121.00003167,14.61412029],[120.99993637,14.61408753],[120.9998117,14.61403602],[120.99975947,14.61398474],[120.9987111,14.61501198],[120.99882012,14.61511925],[120.99896548,14.61525001],[120.99912147,14.61539516],[120.99929219,14.61521879],[120.99943304,14.61509769]]]]}},{"type":"Feature","properties":{"psgc_code":"1303901527","adm4_en":"Barangay 527","district":"Sampaloc"},"geometry":{"type":"MultiPolygon","coordinates":[[[[121.00345506,14.61436593],[121.00328327,14.61413268],[121.00301402,14.61380122],[121.00296041,14.61373983],[121.00295557,14.61373442],[121.00290063,14.61366481],[121.0028363,14.61360624],[121.00276482,14.61355112],[121.00267547,14.61349599],[121.00256964,14.61344107],[121.00244673,14.61339608],[121.00230019,14.6133444],[121.00221441,14.61332028],[121.00211792,14.61329616],[121.00204643,14.61328583],[121.00193206,14.61327893],[121.00179625,14.61327893],[121.00171047,14.61328583],[121.00156412,14.61330574],[121.00193272,14.61448339],[121.00208608,14.61441477],[121.00221782,14.61435084],[121.00242302,14.61495115],[121.0025617,14.61487251],[121.00345506,14.61436593]]]]}},{"type":"Feature","properties":{"psgc_code":"1303901528","adm4_en":"Barangay 528","district":"Sampaloc"},"geometry":{"type":"MultiPolygon","coordinates":[[[[121.00134971,14.61529112],[121.00137982,14.6149873],[121.00140463,14.61475711],[121.00139891,14.61462557],[121.00138899,14.61457538],[121.00120293,14.61458997],[121.00102772,14.61460784],[121.00089186,14.61462572],[121.0007758,14.61464355],[121.00069547,14.61465704],[121.00039548,14.61471809],[121.00018643,14.61475911],[121.00005833,14.61479293],[120.99991216,14.61484383],[120.99974767,14.61490016],[120.9996726,14.61493322],[120.99954031,14.61501188],[120.99943304,14.61509769],[120.99929219,14.61521879],[120.99912147,14.61539516],[120.99998244,14.61618125],[121.00041481,14.61558494],[121.00134971,14.61529112]]]]}},{"type":"Feature","properties":{"psgc_code":"1303901529","adm4_en":"Barangay 529","district":"Sampaloc"},"geometry":{"type":"MultiPolygon","coordinates":[[[[121.00242302,14.61495115],[121.00221782,14.61435084],[121.00208608,14.61441477],[121.00193272,14.61448339],[121.00156412,14.61330574],[121.00144599,14.61332717],[121.00138655,14.613345],[121.00128516,14.6133754],[121.00113936,14.61343093],[121.00100854,14.61346947],[121.00105925,14.61359942],[121.00117013,14.6138878],[121.0012502,14.614128],[121.00133599,14.61436821],[121.00138175,14.61453978],[121.00138899,14.61457538],[121.00139891,14.61462557],[121.00140463,14.61475711],[121.00137982,14.6149873],[121.00134971,14.61529112],[121.00157068,14.61521341],[121.00242302,14.61495115]]]]}},{"type":"Feature","properties":{"psgc_code":"1303901530","adm4_en":"Barangay 530","district":"Sampaloc"},"geometry":{"type":"MultiPolygon","coordinates":[[[[121.00133546,14.61686442],[121.00147365,14.61676724],[121.00170903,14.61660019],[121.00175003,14.61656678],[121.00178648,14.61653489],[121.00195027,14.61640754],[121.00180783,14.6162038],[121.00178404,14.61616217],[121.00166508,14.61590046],[121.00163237,14.61569229],[121.00157068,14.61521341],[121.00134971,14.61529112],[121.00041481,14.61558494],[120.99998244,14.61618125],[121.00007477,14.61626555],[121.00060032,14.61674036],[121.0009925,14.61709657],[121.00113653,14.61701476],[121.00133546,14.61686442]]]]}},{"type":"Feature","properties":{"psgc_code":"1303901531","adm4_en":"Barangay 531","district":"Sampaloc"},"geometry":{"type":"MultiPolygon","coordinates":[[[[121.00386422,14.61491747],[121.00373212,14.61474478],[121.00345506,14.61436593],[121.0025617,14.61487251],[121.00242302,14.61495115],[121.00157068,14.61521341],[121.00163237,14.61569229],[121.00166508,14.61590046],[121.00178404,14.61616217],[121.00180783,14.6162038],[121.00195027,14.61640754],[121.00383281,14.61494386],[121.00386422,14.61491747]]]]}},{"type":"Feature","properties":{"psgc_code":"1303901532","adm4_en":"Barangay 532","district":"Sampaloc"},"geometry":{"type":"MultiPolygon","coordinates":[[[[121.00128516,14.6133754],[121.00138655,14.613345],[121.00144599,14.61332717],[121.00156412,14.61330574],[121.00171047,14.61328583],[121.00179625,14.61327893],[121.00193206,14.61327893],[121.00219633,14.61240485],[121.00203826,14.61236858],[121.00203709,14.6123683],[121.00173858,14.61229693],[121.00170675,14.61229909],[121.00138328,14.61222467],[121.00126051,14.61219802],[121.00114305,14.61230577],[121.00104544,14.6124227],[121.00096929,14.61257149],[121.00094203,14.61268732],[121.00092389,14.61283151],[121.00091137,14.61295646],[121.000925,14.61306548],[121.00095906,14.61320175],[121.00100124,14.61332596],[121.00100854,14.61346947],[121.00113936,14.61343093],[121.00128516,14.6133754]]]]}},{"type":"Feature","properties":{"psgc_code":"1303901533","adm4_en":"Barangay 533","district":"Sampaloc"},"geometry":{"type":"MultiPolygon","coordinates":[[[[121.0030908,14.61352804],[121.00315579,14.6134139],[121.00322667,14.61324557],[121.00330007,14.61305107],[121.00334824,14.61289517],[121.00293887,14.61268232],[121.00264984,14.61256584],[121.0023408,14.61244146],[121.00233766,14.61244017],[121.00219633,14.61240485],[121.00193206,14.61327893],[121.00204643,14.61328583],[121.00211792,14.61329616],[121.00221441,14.61332028],[121.00230019,14.6133444],[121.00244673,14.61339608],[121.00256964,14.61344107],[121.00267547,14.61349599],[121.00276482,14.61355112],[121.0028363,14.61360624],[121.00290063,14.61366481],[121.00295557,14.61373442],[121.00296041,14.61373983],[121.00301929,14.61365318],[121.0030908,14.61352804]]]]}},{"type":"Feature","properties":{"psgc_code":"1303901534","adm4_en":"Barangay 534","district":"Sampaloc"},"geometry":{"type":"MultiPolygon","coordinates":[[[[121.00343405,14.61270209],[121.00348411,14.61260555],[121.00355251,14.612525],[121.00361998,14.6124375],[121.00368791,14.61236242],[121.00375266,14.6122976],[121.00380591,14.61225158],[121.00390602,14.61218006],[121.00399898,14.61211571],[121.00409883,14.61206971],[121.00362371,14.61174123],[121.00333132,14.61153836],[121.00302131,14.61145389],[121.00271418,14.61135754],[121.0023408,14.61244146],[121.00264984,14.61256584],[121.00293887,14.61268232],[121.00334824,14.61289517],[121.00338757,14.61279505],[121.00343405,14.61270209]]]]}},{"type":"Feature","properties":{"psgc_code":"1303901535","adm4_en":"Barangay 535","district":"Sampaloc"},"geometry":{"type":"MultiPolygon","coordinates":[[[[121.00239501,14.61124915],[121.00207583,14.6111528],[121.00197649,14.61112323],[121.00186938,14.6110908],[121.00170862,14.6115665],[121.00166092,14.61170618],[121.00160981,14.61178794],[121.00153163,14.61189235],[121.00149738,14.61193102],[121.00138495,14.61206729],[121.00126051,14.61219802],[121.00138328,14.61222467],[121.00170675,14.61229909],[121.00173858,14.61229693],[121.00203709,14.6123683],[121.00203826,14.61236858],[121.00219633,14.61240485],[121.00233766,14.61244017],[121.0023408,14.61244146],[121.00271418,14.61135754],[121.00239501,14.61124915]]]]}},{"type":"Feature","properties":{"psgc_code":"1303901536","adm4_en":"Barangay 536","district":"Sampaloc"},"geometry":{"type":"MultiPolygon","coordinates":[[[[121.00462777,14.61317094],[121.00495718,14.61301208],[121.00488443,14.61287437],[121.00476753,14.61274077],[121.00462558,14.61257377],[121.00440012,14.61234832],[121.00425817,14.61220637],[121.00409883,14.61206971],[121.00399898,14.61211571],[121.00390602,14.61218006],[121.00380591,14.61225158],[121.00375266,14.6122976],[121.00368791,14.61236242],[121.00361998,14.6124375],[121.00355251,14.612525],[121.00348411,14.61260555],[121.00343405,14.61270209],[121.00338757,14.61279505],[121.00334824,14.61289517],[121.00347327,14.61297457],[121.00372377,14.61322507],[121.00404967,14.61359729],[121.00437725,14.61335874],[121.00462777,14.61317094]]]]}},{"type":"Feature","properties":{"psgc_code":"1303901537","adm4_en":"Barangay 537","district":"Sampaloc"},"geometry":{"type":"MultiPolygon","coordinates":[[[[121.0044475,14.61445136],[121.00393698,14.61367634],[121.00404967,14.61359729],[121.00372377,14.61322507],[121.00347327,14.61297457],[121.00334824,14.61289517],[121.00330007,14.61305107],[121.00322667,14.61324557],[121.00315579,14.6134139],[121.0030908,14.61352804],[121.00301929,14.61365318],[121.00296041,14.61373983],[121.00301402,14.61380122],[121.00328327,14.61413268],[121.00345506,14.61436593],[121.00373212,14.61474478],[121.00386422,14.61491747],[121.00389815,14.61489234],[121.0044475,14.61445136]]]]}},{"type":"Feature","properties":{"psgc_code":"1303901538","adm4_en":"Barangay 538","district":"Sampaloc"},"geometry":{"type":"MultiPolygon","coordinates":[[[[121.00523302,14.61386916],[121.00526062,14.61386202],[121.00523222,14.61375513],[121.00514782,14.6134313],[121.00508628,14.61323516],[121.00495718,14.61301208],[121.00462777,14.61317094],[121.00437725,14.61335874],[121.00404967,14.61359729],[121.00393698,14.61367634],[121.0044475,14.61445136],[121.00513746,14.61389753],[121.00523302,14.61386916]]]]}},{"type":"Feature","properties":{"psgc_code":"1303901539","adm4_en":"Barangay 539","district":"Sampaloc"},"geometry":{"type":"MultiPolygon","coordinates":[[[[121.00440659,14.61196553],[121.00455676,14.61192978],[121.00468191,14.61191548],[121.0048142,14.61190833],[121.00496437,14.6118976],[121.00522896,14.61189045],[121.00544567,14.61189356],[121.00563657,14.6119262],[121.00562219,14.61167525],[121.00578463,14.61159916],[121.00564464,14.6115179],[121.00558577,14.61147727],[121.00549347,14.61139469],[121.0054376,14.61133882],[121.00538618,14.61127279],[121.00530146,14.61116448],[121.00527838,14.61113693],[121.00515826,14.61098175],[121.00512138,14.61093463],[121.00505624,14.61084816],[121.00498132,14.61074566],[121.00484006,14.61056153],[121.00478662,14.61050567],[121.0047089,14.6104328],[121.00463602,14.61038664],[121.0045583,14.61033563],[121.00449028,14.61028462],[121.00442956,14.61023847],[121.00439069,14.61019232],[121.0043664,14.61014617],[121.00365958,14.61058915],[121.00365179,14.61048816],[121.00364236,14.61041833],[121.00358949,14.61027763],[121.00336709,14.6101991],[121.00302588,14.61008979],[121.00265489,14.60995833],[121.00241411,14.60988299],[121.00235809,14.61003994],[121.00197649,14.61112323],[121.00207583,14.6111528],[121.00239501,14.61124915],[121.00271418,14.61135754],[121.00302131,14.61145389],[121.00333132,14.61153836],[121.00362371,14.61174123],[121.00409883,14.61206971],[121.00425642,14.61201202],[121.00440659,14.61196553]]]]}},{"type":"Feature","properties":{"psgc_code":"1303901540","adm4_en":"Barangay 540","district":"Sampaloc"},"geometry":{"type":"MultiPolygon","coordinates":[[[[121.00530218,14.61383336],[121.00555662,14.61362441],[121.005573,14.61361015],[121.00558746,14.6135982],[121.00572239,14.61348717],[121.00572913,14.61348177],[121.00573704,14.6134756],[121.0060254,14.61323813],[121.00605644,14.6132123],[121.00607669,14.61319632],[121.00590934,14.61275824],[121.00544567,14.61189356],[121.00522896,14.61189045],[121.00496437,14.6118976],[121.0048142,14.61190833],[121.00468191,14.61191548],[121.00455676,14.61192978],[121.00440659,14.61196553],[121.00425642,14.61201202],[121.00409883,14.61206971],[121.00425817,14.61220637],[121.00440012,14.61234832],[121.00462558,14.61257377],[121.00476753,14.61274077],[121.00488443,14.61287437],[121.00495718,14.61301208],[121.00508628,14.61323516],[121.00514782,14.6134313],[121.00523222,14.61375513],[121.00526062,14.61386202],[121.0052716,14.61385917],[121.00530218,14.61383336]]]]}},{"type":"Feature","properties":{"psgc_code":"1303901541","adm4_en":"Barangay 541","district":"Sampaloc"},"geometry":{"type":"MultiPolygon","coordinates":[[[[121.00634307,14.61297675],[121.00635829,14.61296364],[121.00637622,14.61294899],[121.00660522,14.61276009],[121.00662083,14.61274852],[121.00663375,14.61273773],[121.006909,14.61251027],[121.00693336,14.61249005],[121.00696158,14.61247179],[121.00696805,14.61246675],[121.00696154,14.61245474],[121.00691577,14.61240619],[121.00683429,14.61232014],[121.00673227,14.61222298],[121.00672501,14.61221644],[121.00661568,14.61211611],[121.00645293,14.61200437],[121.00643354,14.61199213],[121.00627318,14.61189021],[121.00611773,14.61178819],[121.00598419,14.61170654],[121.00579224,14.61160358],[121.00578463,14.61159916],[121.00562219,14.61167525],[121.00563657,14.6119262],[121.00544567,14.61189356],[121.00590934,14.61275824],[121.00607669,14.61319632],[121.00609017,14.61318569],[121.00634307,14.61297675]]]]}},{"type":"Feature","properties":{"psgc_code":"1303901542","adm4_en":"Barangay 542","district":"Sampaloc"},"geometry":{"type":"MultiPolygon","coordinates":[[[[121.00083656,14.60888076],[121.00057855,14.60864871],[120.99956221,14.60969616],[120.99981899,14.60993574],[121.00007213,14.6101721],[121.00109468,14.60911335],[121.00083656,14.60888076]]]]}},{"type":"Feature","properties":{"psgc_code":"1303901543","adm4_en":"Barangay 543","district":"Sampaloc"},"geometry":{"type":"MultiPolygon","coordinates":[[[[120.99981899,14.60993574],[120.99956221,14.60969616],[120.99854457,14.61075007],[120.998805,14.61098701],[120.99906078,14.61121969],[121.00007213,14.6101721],[120.99981899,14.60993574]]]]}},{"type":"Feature","properties":{"psgc_code":"1303901544","adm4_en":"Barangay 544","district":"Sampaloc"},"geometry":{"type":"MultiPolygon","coordinates":[[[[121.00057855,14.60864871],[121.0015945,14.60759684],[121.00257622,14.60658037],[121.00239431,14.60646781],[121.00144118,14.60745925],[121.00043042,14.60851629],[120.99942316,14.60956991],[120.99841095,14.61062855],[120.99854457,14.61075007],[120.99956221,14.60969616],[121.00057855,14.60864871]]]]}},{"type":"Feature","properties":{"psgc_code":"1303901545","adm4_en":"Barangay 545","district":"Sampaloc"},"geometry":{"type":"MultiPolygon","coordinates":[[[[121.00269246,14.60877107],[121.00248193,14.60871009],[121.00237692,14.60846242],[121.00232294,14.60836809],[121.00228582,14.608303],[121.00211501,14.60806387],[121.00153295,14.60865897],[121.00179552,14.6089079],[121.00204104,14.60915683],[121.00241273,14.60945691],[121.00251151,14.60951188],[121.00259495,14.60956431],[121.00285739,14.60882131],[121.00269246,14.60877107]]]]}},{"type":"Feature","properties":{"psgc_code":"1303901546","adm4_en":"Barangay 546","district":"Sampaloc"},"geometry":{"type":"MultiPolygon","coordinates":[[[[121.0035678,14.60781112],[121.00352337,14.60763054],[121.00346767,14.6073698],[121.0034288,14.60723621],[121.00338994,14.60716576],[121.00333967,14.60710449],[121.0032612,14.60701274],[121.00318347,14.60694958],[121.00211501,14.60806387],[121.00228582,14.608303],[121.00232294,14.60836809],[121.00237692,14.60846242],[121.00248193,14.60871009],[121.00269246,14.60877107],[121.00342148,14.60791782],[121.0035678,14.60781112]]]]}},{"type":"Feature","properties":{"psgc_code":"1303901547","adm4_en":"Barangay 547","district":"Sampaloc"},"geometry":{"type":"MultiPolygon","coordinates":[[[[121.00126051,14.61219802],[121.00138495,14.61206729],[121.00149738,14.61193102],[121.00153163,14.61189235],[121.00160981,14.61178794],[121.00166092,14.61170618],[121.00170862,14.6115665],[121.00186938,14.6110908],[121.00197649,14.61112323],[121.00235809,14.61003994],[121.00224832,14.6100102],[121.00209539,14.60995301],[121.00171665,14.61104067],[121.00155793,14.61099623],[121.00146157,14.61099021],[121.001305,14.61100827],[121.00117853,14.61101429],[121.00084129,14.61092999],[121.00073891,14.61086977],[121.00058836,14.61077342],[121.00046583,14.61067359],[121.00034438,14.61063623],[121.00031449,14.61084922],[121.00030493,14.6109703],[121.00022997,14.61133142],[121.00018228,14.61141318],[121.00014821,14.61150176],[121.00011413,14.61156989],[121.00003918,14.61170617],[120.99990971,14.61199234],[121.00016241,14.6120927],[121.00033122,14.61216101],[121.00044975,14.61220897],[121.00050404,14.61223069],[121.0007308,14.61230917],[121.00104544,14.6124227],[121.00114305,14.61230577],[121.00126051,14.61219802]]]]}},{"type":"Feature","properties":{"psgc_code":"1303901548","adm4_en":"Barangay 548","district":"Sampaloc"},"geometry":{"type":"MultiPolygon","coordinates":[[[[121.00011413,14.61156989],[121.00014821,14.61150176],[121.00018228,14.61141318],[121.00022997,14.61133142],[121.00030493,14.6109703],[121.00031449,14.61084922],[121.00034438,14.61063623],[121.00034999,14.61052412],[121.00031104,14.61042784],[121.00027768,14.61036389],[121.00007213,14.6101721],[120.99906078,14.61121969],[120.99931165,14.61144785],[120.99944589,14.61156483],[120.99959384,14.6116966],[120.99973062,14.6118172],[120.9998416,14.61191755],[120.99990971,14.61199234],[121.00003918,14.61170617],[121.00011413,14.61156989]]]]}},{"type":"Feature","properties":{"psgc_code":"1303901549","adm4_en":"Barangay 549","district":"Sampaloc"},"geometry":{"type":"MultiPolygon","coordinates":[[[[121.0043324,14.61008302],[121.00425953,14.60994699],[121.00423524,14.60989841],[121.00420123,14.60983769],[121.00415751,14.60975996],[121.00404334,14.60955592],[121.00399719,14.60949276],[121.00396319,14.60945147],[121.0039389,14.60940046],[121.00389274,14.60926444],[121.00385145,14.60912112],[121.00374526,14.6090861],[121.00338353,14.60897718],[121.00302588,14.61008979],[121.00336709,14.6101991],[121.00358949,14.61027763],[121.00364236,14.61041833],[121.00365179,14.61048816],[121.00365958,14.61058915],[121.0043664,14.61014617],[121.0043324,14.61008302]]]]}},{"type":"Feature","properties":{"psgc_code":"1303901550","adm4_en":"Barangay 550","district":"Sampaloc"},"geometry":{"type":"MultiPolygon","coordinates":[[[[121.00211501,14.60806387],[121.00185211,14.60782799],[121.0015945,14.60759684],[121.00057855,14.60864871],[121.00083656,14.60888076],[121.00109468,14.60911335],[121.00153295,14.60865897],[121.00211501,14.60806387]]]]}},{"type":"Feature","properties":{"psgc_code":"1303901551","adm4_en":"Barangay 551","district":"Sampaloc"},"geometry":{"type":"MultiPolygon","coordinates":[[[[121.00308388,14.60687914],[121.00298429,14.60681841],[121.00287741,14.60676498],[121.00257622,14.60658037],[121.0015945,14.60759684],[121.00185211,14.60782799],[121.00211501,14.60806387],[121.00318347,14.60694958],[121.00308388,14.60687914]]]]}},{"type":"Feature","properties":{"psgc_code":"1303901552","adm4_en":"Barangay 552","district":"Sampaloc"},"geometry":{"type":"MultiPolygon","coordinates":[[[[121.00374526,14.6090861],[121.00385145,14.60912112],[121.00376886,14.60873005],[121.00372716,14.60854322],[121.00368871,14.60835841],[121.00361098,14.60798677],[121.0035678,14.60781112],[121.00342148,14.60791782],[121.00269246,14.60877107],[121.00285739,14.60882131],[121.00259495,14.60956431],[121.00251151,14.60951188],[121.00241411,14.60988299],[121.00265489,14.60995833],[121.00302588,14.61008979],[121.00338353,14.60897718],[121.00374526,14.6090861]]]]}},{"type":"Feature","properties":{"psgc_code":"1303901553","adm4_en":"Barangay 553","district":"Sampaloc"},"geometry":{"type":"MultiPolygon","coordinates":[[[[121.00251151,14.60951188],[121.00241273,14.60945691],[121.00204104,14.60915683],[121.00179552,14.6089079],[121.00153295,14.60865897],[121.00109468,14.60911335],[121.0013609,14.60935291],[121.00161956,14.60958566],[121.00185172,14.60979156],[121.00190964,14.60986311],[121.00193797,14.60989414],[121.00209539,14.60995301],[121.00224832,14.6100102],[121.00235809,14.61003994],[121.00241411,14.60988299],[121.00251151,14.60951188]]]]}},{"type":"Feature","properties":{"psgc_code":"1303901554","adm4_en":"Barangay 554","district":"Sampaloc"},"geometry":{"type":"MultiPolygon","coordinates":[[[[121.00193797,14.60989414],[121.00190964,14.60986311],[121.00185172,14.60979156],[121.00161956,14.60958566],[121.0013609,14.60935291],[121.00109468,14.60911335],[121.00007213,14.6101721],[121.00027768,14.61036389],[121.00031104,14.61042784],[121.00034999,14.61052412],[121.00034438,14.61063623],[121.00046583,14.61067359],[121.00058836,14.61077342],[121.00073891,14.61086977],[121.00084129,14.61092999],[121.00117853,14.61101429],[121.001305,14.61100827],[121.00146157,14.61099021],[121.00155793,14.61099623],[121.00171665,14.61104067],[121.00209539,14.60995301],[121.00193797,14.60989414]]]]}},{"type":"Feature","properties":{"psgc_code":"1303901555","adm4_en":"Barangay 555","district":"Sampaloc"},"geometry":{"type":"MultiPolygon","coordinates":[[[[121.00928474,14.61068241],[121.00906602,14.6104146],[121.00896903,14.61029496],[121.00783487,14.61116849],[121.00661568,14.61211611],[121.00672501,14.61221644],[121.00673227,14.61222298],[121.00683429,14.61232014],[121.00691577,14.61240619],[121.00696154,14.61245474],[121.00696805,14.61246675],[121.00814372,14.61155032],[121.00928474,14.61068241]]]]}},{"type":"Feature","properties":{"psgc_code":"1303901556","adm4_en":"Barangay 556","district":"Sampaloc"},"geometry":{"type":"MultiPolygon","coordinates":[[[[121.00896903,14.61029496],[121.0088476,14.61014703],[121.00873295,14.61000732],[121.00760094,14.61087365],[121.00627318,14.61189021],[121.00643354,14.61199213],[121.00645293,14.61200437],[121.00661568,14.61211611],[121.00783487,14.61116849],[121.00896903,14.61029496]]]]}},{"type":"Feature","properties":{"psgc_code":"1303901557","adm4_en":"Barangay 557","district":"Sampaloc"},"geometry":{"type":"MultiPolygon","coordinates":[[[[121.00873295,14.61000732],[121.00862078,14.6098671],[121.00851871,14.60975449],[121.00598419,14.61170654],[121.00611773,14.61178819],[121.00627318,14.61189021],[121.00760094,14.61087365],[121.00873295,14.61000732]]]]}},{"type":"Feature","properties":{"psgc_code":"1303901558","adm4_en":"Barangay 558","district":"Sampaloc"},"geometry":{"type":"MultiPolygon","coordinates":[[[[121.00840575,14.60960279],[121.0082975,14.60947437],[121.00692909,14.61051656],[121.00564464,14.6115179],[121.00578463,14.61159916],[121.00579224,14.61160358],[121.00598419,14.61170654],[121.00851871,14.60975449],[121.00840575,14.60960279]]]]}},{"type":"Feature","properties":{"psgc_code":"1303901559","adm4_en":"Barangay 559","district":"Sampaloc"},"geometry":{"type":"MultiPolygon","coordinates":[[[[121.0082975,14.60947437],[121.00817728,14.60933176],[121.00806902,14.60919584],[121.00671033,14.61024918],[121.00538618,14.61127279],[121.0054376,14.61133882],[121.00549347,14.61139469],[121.00558577,14.61147727],[121.00564464,14.6115179],[121.00692909,14.61051656],[121.0082975,14.60947437]]]]}},{"type":"Feature","properties":{"psgc_code":"1303901560","adm4_en":"Barangay 560","district":"Sampaloc"},"geometry":{"type":"MultiPolygon","coordinates":[[[[121.010432,14.60978665],[121.01043478,14.60978453],[121.01011162,14.60939161],[121.01000631,14.60926129],[121.00988041,14.60910786],[121.00873295,14.61000732],[121.0088476,14.61014703],[121.00896903,14.61029496],[121.00906602,14.6104146],[121.00928474,14.61068241],[121.00929602,14.61067383],[121.010432,14.60978665]]]]}},{"type":"Feature","properties":{"psgc_code":"1303901561","adm4_en":"Barangay 561","district":"Sampaloc"},"geometry":{"type":"MultiPolygon","coordinates":[[[[121.00806902,14.60919584],[121.00796634,14.60906711],[121.00773402,14.60878563],[121.00637283,14.60983423],[121.00505624,14.61084816],[121.00512138,14.61093463],[121.00515826,14.61098175],[121.00527838,14.61113693],[121.00530146,14.61116448],[121.00538618,14.61127279],[121.00671033,14.61024918],[121.00806902,14.60919584]]]]}},{"type":"Feature","properties":{"psgc_code":"1303901562","adm4_en":"Barangay 562","district":"Sampaloc"},"geometry":{"type":"MultiPolygon","coordinates":[[[[121.00773402,14.60878563],[121.00750904,14.60851298],[121.00738826,14.60836619],[121.00603448,14.60941913],[121.0047089,14.6104328],[121.00478662,14.61050567],[121.00484006,14.61056153],[121.00498132,14.61074566],[121.00505624,14.61084816],[121.00637283,14.60983423],[121.00773402,14.60878563]]]]}},{"type":"Feature","properties":{"psgc_code":"1303901563","adm4_en":"Barangay 563","district":"Sampaloc"},"geometry":{"type":"MultiPolygon","coordinates":[[[[121.00738826,14.60836619],[121.00728727,14.60824428],[121.0071791,14.60810541],[121.00582809,14.60916301],[121.00497346,14.60981937],[121.00442956,14.61023847],[121.00449028,14.61028462],[121.0045583,14.61033563],[121.00463602,14.61038664],[121.0047089,14.6104328],[121.00603448,14.60941913],[121.00738826,14.60836619]]]]}},{"type":"Feature","properties":{"psgc_code":"1303901564","adm4_en":"Barangay 564","district":"Sampaloc"},"geometry":{"type":"MultiPolygon","coordinates":[[[[121.00582809,14.60916301],[121.0071791,14.60810541],[121.00693308,14.60780523],[121.00558024,14.60885614],[121.00423524,14.60989841],[121.00425953,14.60994699],[121.0043324,14.61008302],[121.0043664,14.61014617],[121.00439069,14.61019232],[121.00442956,14.61023847],[121.00497346,14.60981937],[121.00582809,14.60916301]]]]}},{"type":"Feature","properties":{"psgc_code":"1303901565","adm4_en":"Barangay 565","district":"Sampaloc"},"geometry":{"type":"MultiPolygon","coordinates":[[[[121.00693308,14.60780523],[121.00810448,14.6069001],[121.00802456,14.60679063],[121.00779553,14.60649997],[121.00770444,14.60637667],[121.00651416,14.6072933],[121.00661126,14.60741373],[121.00548638,14.60828308],[121.00525893,14.60846058],[121.00396319,14.60945147],[121.00399719,14.60949276],[121.00404334,14.60955592],[121.00415751,14.60975996],[121.00420123,14.60983769],[121.00423524,14.60989841],[121.00558024,14.60885614],[121.00693308,14.60780523]]]]}},{"type":"Feature","properties":{"psgc_code":"1303901566","adm4_en":"Barangay 566","district":"Sampaloc"},"geometry":{"type":"MultiPolygon","coordinates":[[[[121.00888552,14.60789869],[121.00865865,14.60763054],[121.00844886,14.60734672],[121.00822642,14.60705838],[121.00810448,14.6069001],[121.00693308,14.60780523],[121.0071791,14.60810541],[121.00728727,14.60824428],[121.00738826,14.60836619],[121.00750904,14.60851298],[121.00773402,14.60878563],[121.00796634,14.60906711],[121.00912424,14.60817824],[121.00888552,14.60789869]]]]}},{"type":"Feature","properties":{"psgc_code":"1303901567","adm4_en":"Barangay 567","district":"Sampaloc"},"geometry":{"type":"MultiPolygon","coordinates":[[[[121.00548638,14.60828308],[121.00661126,14.60741373],[121.00651416,14.6072933],[121.00770444,14.60637667],[121.00761262,14.60625102],[121.00740253,14.60597503],[121.00713554,14.60617687],[121.00618806,14.60689581],[121.00506151,14.60774997],[121.00376886,14.60873005],[121.00385145,14.60912112],[121.00389274,14.60926444],[121.0039389,14.60940046],[121.00396319,14.60945147],[121.00525893,14.60846058],[121.00548638,14.60828308]]]]}},{"type":"Feature","properties":{"psgc_code":"1303901568","adm4_en":"Barangay 568","district":"Sampaloc"},"geometry":{"type":"MultiPolygon","coordinates":[[[[121.00977685,14.60898166],[121.0095568,14.60871293],[121.00933865,14.60844654],[121.00923177,14.60831269],[121.00912424,14.60817824],[121.00796634,14.60906711],[121.00806902,14.60919584],[121.00817728,14.60933176],[121.0082975,14.60947437],[121.00840575,14.60960279],[121.00851871,14.60975449],[121.00862078,14.6098671],[121.00873295,14.61000732],[121.00988041,14.60910786],[121.00977685,14.60898166]]]]}},{"type":"Feature","properties":{"psgc_code":"1303901569","adm4_en":"Barangay 569","district":"Sampaloc"},"geometry":{"type":"MultiPolygon","coordinates":[[[[121.00946134,14.60460567],[121.00888712,14.60452921],[121.0084641,14.60446606],[121.00841091,14.60445276],[121.00835773,14.60441287],[121.00833778,14.60438628],[121.00823737,14.60422818],[121.00701145,14.60501951],[121.0071257,14.60517644],[121.00738785,14.60554194],[121.0075981,14.60584312],[121.00877556,14.6050641],[121.00946134,14.60460567]]]]}},{"type":"Feature","properties":{"psgc_code":"1303901570","adm4_en":"Barangay 570","district":"Sampaloc"},"geometry":{"type":"MultiPolygon","coordinates":[[[[121.0075981,14.60584312],[121.00738785,14.60554194],[121.0071257,14.60517644],[121.00701145,14.60501951],[121.00685789,14.60480645],[121.00677758,14.60469213],[121.00636487,14.6040602],[121.00659729,14.60395944],[121.00675745,14.60389413],[121.00663892,14.60366466],[121.00751192,14.60341039],[121.00805437,14.60327477],[121.00818483,14.60328472],[121.00822801,14.60302286],[121.0082502,14.60269002],[121.00820057,14.60248722],[121.00798789,14.60261145],[121.00789497,14.60267675],[121.00779703,14.60272195],[121.00769156,14.60276715],[121.0075911,14.60280482],[121.00748814,14.60284249],[121.00738015,14.60287765],[121.00726463,14.60291532],[121.00713404,14.60295299],[121.00701912,14.60299087],[121.00689858,14.60302813],[121.0067627,14.60307196],[121.0066312,14.60311361],[121.00649532,14.60315086],[121.00637697,14.60318593],[121.00626081,14.60322538],[121.00612931,14.60328017],[121.00598905,14.60333277],[121.00582248,14.60341386],[121.00563181,14.60351468],[121.00547182,14.60360234],[121.0053447,14.60367905],[121.00543142,14.60380541],[121.0055373,14.60395971],[121.00567039,14.60414534],[121.00581049,14.60435899],[121.00609135,14.6047704],[121.00652686,14.60534224],[121.00713554,14.60617687],[121.00740253,14.60597503],[121.0075981,14.60584312]]]]}},{"type":"Feature","properties":{"psgc_code":"1303901571","adm4_en":"Barangay 571","district":"Sampaloc"},"geometry":{"type":"MultiPolygon","coordinates":[[[[121.00652686,14.60534224],[121.00609135,14.6047704],[121.00581049,14.60435899],[121.00567039,14.60414534],[121.00515814,14.60451632],[121.00460842,14.60498433],[121.00478885,14.60517237],[121.00496195,14.60538651],[121.00507401,14.60552382],[121.00530137,14.60580229],[121.00551871,14.60606873],[121.00595199,14.60572985],[121.00652686,14.60534224]]]]}},{"type":"Feature","properties":{"psgc_code":"1303901572","adm4_en":"Barangay 572","district":"Sampaloc"},"geometry":{"type":"MultiPolygon","coordinates":[[[[121.00652686,14.60534224],[121.00595199,14.60572985],[121.00551871,14.60606873],[121.00563048,14.60620617],[121.00574491,14.60634689],[121.00596253,14.60661842],[121.00618806,14.60689581],[121.00713554,14.60617687],[121.00652686,14.60534224]]]]}},{"type":"Feature","properties":{"psgc_code":"1303901573","adm4_en":"Barangay 573","district":"Sampaloc"},"geometry":{"type":"MultiPolygon","coordinates":[[[[121.00451025,14.60706099],[121.00440974,14.60693735],[121.00418493,14.60665579],[121.00395794,14.60637861],[121.00388014,14.60627732],[121.00380013,14.60617772],[121.00308388,14.60687914],[121.00318347,14.60694958],[121.0032612,14.60701274],[121.00333967,14.60710449],[121.00338994,14.60716576],[121.0034288,14.60723621],[121.00346767,14.6073698],[121.00352337,14.60763054],[121.0035678,14.60781112],[121.00361098,14.60798677],[121.00462799,14.6072058],[121.00451025,14.60706099]]]]}},{"type":"Feature","properties":{"psgc_code":"1303901574","adm4_en":"Barangay 574","district":"Sampaloc"},"geometry":{"type":"MultiPolygon","coordinates":[[[[121.00551871,14.60606873],[121.00530137,14.60580229],[121.00507401,14.60552382],[121.00496195,14.60538651],[121.00439598,14.60583567],[121.00388014,14.60627732],[121.00395794,14.60637861],[121.00418493,14.60665579],[121.00440974,14.60693735],[121.00451025,14.60706099],[121.00563048,14.60620617],[121.00551871,14.60606873]]]]}},{"type":"Feature","properties":{"psgc_code":"1303901575","adm4_en":"Barangay 575","district":"Sampaloc"},"geometry":{"type":"MultiPolygon","coordinates":[[[[121.00596253,14.60661842],[121.00574491,14.60634689],[121.00563048,14.60620617],[121.00451025,14.60706099],[121.00462799,14.6072058],[121.00484266,14.60747557],[121.00493205,14.6076005],[121.00506151,14.60774997],[121.00618806,14.60689581],[121.00596253,14.60661842]]]]}},{"type":"Feature","properties":{"psgc_code":"1303901576","adm4_en":"Barangay 576","district":"Sampaloc"},"geometry":{"type":"MultiPolygon","coordinates":[[[[121.00388014,14.60627732],[121.00439598,14.60583567],[121.00496195,14.60538651],[121.00478885,14.60517237],[121.00460842,14.60498433],[121.00515814,14.60451632],[121.00567039,14.60414534],[121.0055373,14.60395971],[121.00543142,14.60380541],[121.0053447,14.60367905],[121.0051869,14.60377329],[121.00505321,14.60386096],[121.00490199,14.60396835],[121.00478583,14.6040604],[121.00466529,14.60415026],[121.00455352,14.60425984],[121.00444832,14.60435846],[121.00429548,14.60451804],[121.00351506,14.60533478],[121.00344995,14.60539059],[121.00337734,14.60547912],[121.00332283,14.60554561],[121.00314611,14.60573164],[121.00294768,14.60591456],[121.00275236,14.60611609],[121.00257564,14.60630211],[121.00239431,14.60646781],[121.00257622,14.60658037],[121.00287741,14.60676498],[121.00298429,14.60681841],[121.00308388,14.60687914],[121.00380013,14.60617772],[121.00388014,14.60627732]]]]}},{"type":"Feature","properties":{"psgc_code":"1303901577","adm4_en":"Barangay 577","district":"Sampaloc"},"geometry":{"type":"MultiPolygon","coordinates":[[[[121.00493205,14.6076005],[121.00484266,14.60747557],[121.00462799,14.6072058],[121.00361098,14.60798677],[121.00368871,14.60835841],[121.00372716,14.60854322],[121.00376886,14.60873005],[121.00506151,14.60774997],[121.00493205,14.6076005]]]]}},{"type":"Feature","properties":{"psgc_code":"1303901578","adm4_en":"Barangay 578","district":"Sampaloc"},"geometry":{"type":"MultiPolygon","coordinates":[[[[121.0101475,14.60371073],[121.01016718,14.60350967],[121.00818483,14.60328472],[121.00817018,14.60337116],[121.00815034,14.60348883],[121.0080918,14.60400071],[121.00823737,14.60422818],[121.00833778,14.60438628],[121.00835773,14.60441287],[121.00841091,14.60445276],[121.0084641,14.60446606],[121.00888712,14.60452921],[121.00946134,14.60460567],[121.01011287,14.60419351],[121.0101475,14.60371073]]]]}},{"type":"Feature","properties":{"psgc_code":"1303901579","adm4_en":"Barangay 579","district":"Sampaloc"},"geometry":{"type":"MultiPolygon","coordinates":[[[[121.01022517,14.60283426],[121.01027579,14.60229897],[121.01029682,14.6022248],[121.01038837,14.60217902],[121.00906335,14.60206137],[121.00882395,14.60203891],[121.00866597,14.60212857],[121.00843967,14.60233352],[121.00820057,14.60248722],[121.0082502,14.60269002],[121.00822801,14.60302286],[121.00818483,14.60328472],[121.01016718,14.60350967],[121.01019188,14.60325585],[121.01022517,14.60283426]]]]}},{"type":"Feature","properties":{"psgc_code":"1303901580","adm4_en":"Barangay 580","district":"Sampaloc"},"geometry":{"type":"MultiPolygon","coordinates":[[[[121.0080918,14.60400071],[121.00815034,14.60348883],[121.00817018,14.60337116],[121.00818483,14.60328472],[121.00805437,14.60327477],[121.00751192,14.60341039],[121.00663892,14.60366466],[121.00675745,14.60389413],[121.00659729,14.60395944],[121.00636487,14.6040602],[121.00677758,14.60469213],[121.00685789,14.60480645],[121.00701145,14.60501951],[121.00823737,14.60422818],[121.0080918,14.60400071]]]]}},{"type":"Feature","properties":{"psgc_code":"1303901581","adm4_en":"Barangay 581","district":"Sampaloc"},"geometry":{"type":"MultiPolygon","coordinates":[[[[121.00969422,14.60774318],[121.00922905,14.60764],[121.00912011,14.60736544],[121.00945277,14.60720232],[121.00950774,14.60717513],[121.00955062,14.60715383],[121.01133307,14.60626563],[121.01341765,14.60242979],[121.01171089,14.60227776],[121.01055464,14.60219073],[121.01038837,14.60217902],[121.01029682,14.6022248],[121.01027579,14.60229897],[121.01022517,14.60283426],[121.01019188,14.60325585],[121.01016718,14.60350967],[121.0101475,14.60371073],[121.01011287,14.60419351],[121.00946134,14.60460567],[121.00877556,14.6050641],[121.0075981,14.60584312],[121.00740253,14.60597503],[121.00761262,14.60625102],[121.00770444,14.60637667],[121.00779553,14.60649997],[121.00802456,14.60679063],[121.00810448,14.6069001],[121.00822642,14.60705838],[121.00844886,14.60734672],[121.00865865,14.60763054],[121.00888552,14.60789869],[121.00912424,14.60817824],[121.00923177,14.60831269],[121.0098187,14.60787167],[121.00969422,14.60774318]]]]}},{"type":"Feature","properties":{"psgc_code":"1303901582","adm4_en":"Barangay 582","district":"Sampaloc"},"geometry":{"type":"MultiPolygon","coordinates":[[[[121.01152683,14.60895668],[121.01156155,14.60893483],[121.01160386,14.60890318],[121.01161522,14.60889479],[121.01124772,14.60873526],[121.0109438,14.60854482],[121.01076767,14.6084214],[121.00988041,14.60910786],[121.01000631,14.60926129],[121.01011162,14.60939161],[121.01043478,14.60978453],[121.0114304,14.60902612],[121.01152683,14.60895668]]]]}},{"type":"Feature","properties":{"psgc_code":"1303901583","adm4_en":"Barangay 583","district":"Sampaloc"},"geometry":{"type":"MultiPolygon","coordinates":[[[[121.00994445,14.60801092],[121.0098187,14.60787167],[121.00923177,14.60831269],[121.00933865,14.60844654],[121.0095568,14.60871293],[121.00977685,14.60898166],[121.00988041,14.60910786],[121.01076767,14.6084214],[121.00994445,14.60801092]]]]}},{"type":"Feature","properties":{"psgc_code":"1303901584","adm4_en":"Barangay 584","district":"Sampaloc"},"geometry":{"type":"MultiPolygon","coordinates":[[[[121.0120536,14.60857379],[121.01207419,14.60855637],[121.0139571,14.6071723],[121.0139856,14.60715329],[121.01399747,14.60708588],[121.01401031,14.60707411],[121.01404102,14.60666515],[121.01408389,14.60615072],[121.01303392,14.60604191],[121.01194856,14.60595218],[121.01175599,14.60604361],[121.01133307,14.60626563],[121.00955062,14.60715383],[121.00950774,14.60717513],[121.00945277,14.60720232],[121.00912011,14.60736544],[121.00922905,14.60764],[121.00969422,14.60774318],[121.0098187,14.60787167],[121.00994445,14.60801092],[121.01076767,14.6084214],[121.0109438,14.60854482],[121.01124772,14.60873526],[121.01161522,14.60889479],[121.01203301,14.60858646],[121.0120536,14.60857379]]]]}},{"type":"Feature","properties":{"psgc_code":"1303901585","adm4_en":"Barangay 585","district":"Sampaloc"},"geometry":{"type":"MultiPolygon","coordinates":[[[[121.01194856,14.60595218],[121.01303392,14.60604191],[121.01408389,14.60615072],[121.01410618,14.60581518],[121.01410962,14.60577346],[121.01414392,14.60536191],[121.01418712,14.60468805],[121.01420395,14.60441878],[121.0142143,14.6041739],[121.014205,14.60399732],[121.01413995,14.60386721],[121.01394876,14.6035139],[121.01362823,14.60283317],[121.01359377,14.60275277],[121.01341765,14.60242979],[121.01133307,14.60626563],[121.01175599,14.60604361],[121.01194856,14.60595218]]]]}},{"type":"Feature","properties":{"psgc_code":"1303901586","adm4_en":"Barangay 586","district":"Sampaloc"},"geometry":{"type":"MultiPolygon","coordinates":[[[[121.01509905,14.60623738],[121.01515713,14.60619278],[121.01519136,14.60616581],[121.01630016,14.60531736],[121.01635617,14.60527587],[121.01639351,14.60524683],[121.0173807,14.60449271],[121.01749311,14.60442607],[121.01685593,14.6037577],[121.01601852,14.60299229],[121.01585375,14.60286048],[121.01552421,14.6027122],[121.01519468,14.60259687],[121.01483218,14.60253096],[121.01448617,14.60249801],[121.01341765,14.60242979],[121.01359377,14.60275277],[121.01362823,14.60283317],[121.01394876,14.6035139],[121.01413995,14.60386721],[121.014205,14.60399732],[121.0142143,14.6041739],[121.01420395,14.60441878],[121.01418712,14.60468805],[121.01414392,14.60536191],[121.01410962,14.60577346],[121.01410618,14.60581518],[121.01408389,14.60615072],[121.01404102,14.60666515],[121.01401031,14.60707411],[121.0140388,14.60704799],[121.01509905,14.60623738]]]]}},{"type":"Feature","properties":{"psgc_code":"1303901587","adm4_en":"Barangay 587","district":"Sampaloc"},"geometry":{"type":"MultiPolygon","coordinates":[[[[121.01455181,14.60219863],[121.01459089,14.60213611],[121.01468468,14.60207359],[121.01480973,14.60195636],[121.0148488,14.60190166],[121.01495041,14.60165157],[121.0150442,14.60133897],[121.01510495,14.60117929],[121.01516143,14.60101855],[121.0151927,14.60093259],[121.01527085,14.60082318],[121.01538027,14.60071377],[121.01545061,14.60065125],[121.01557566,14.60055747],[121.01571634,14.60051058],[121.01579978,14.60048824],[121.01582101,14.6004265],[121.01601237,14.59982012],[121.01579713,14.59975961],[121.0155688,14.59968825],[121.01519716,14.59958036],[121.01499336,14.59955638],[121.01487347,14.59959235],[121.01472961,14.59965228],[121.01343632,14.60061549],[121.01331658,14.60071568],[121.01231875,14.60163862],[121.01192819,14.60204062],[121.01171089,14.60227776],[121.01341765,14.60242979],[121.01448617,14.60249801],[121.01452055,14.60230804],[121.01455181,14.60219863]]]]}},{"type":"Feature","properties":{"psgc_code":"1303901588","adm4_en":"Barangay 588","district":"Santa Mesa"},"geometry":{"type":"MultiPolygon","coordinates":[[[[121.01651588,14.60107883],[121.01663834,14.60066828],[121.01682759,14.60008385],[121.01641998,14.59995199],[121.01601237,14.59982012],[121.01582101,14.6004265],[121.01579978,14.60048824],[121.01571634,14.60051058],[121.01557566,14.60055747],[121.01545061,14.60065125],[121.01538027,14.60071377],[121.01527085,14.60082318],[121.0151927,14.60093259],[121.01516143,14.60101855],[121.01510495,14.60117929],[121.01634621,14.60157601],[121.01639629,14.60142495],[121.01651588,14.60107883]]]]}},{"type":"Feature","properties":{"psgc_code":"1303901589","adm4_en":"Barangay 589","district":"Santa Mesa"},"geometry":{"type":"MultiPolygon","coordinates":[[[[121.01732019,14.59855703],[121.01732749,14.59853367],[121.01734388,14.5984812],[121.01760767,14.59763627],[121.01674119,14.59744625],[121.01652786,14.59740791],[121.01579713,14.59975961],[121.01601237,14.59982012],[121.01641998,14.59995199],[121.01682759,14.60008385],[121.01708921,14.59929653],[121.01732019,14.59855703]]]]}},{"type":"Feature","properties":{"psgc_code":"1303901590","adm4_en":"Barangay 590","district":"Santa Mesa"},"geometry":{"type":"MultiPolygon","coordinates":[[[[121.01562697,14.5974807],[121.01581572,14.5971289],[121.01537478,14.59679148],[121.01521768,14.59687437],[121.01496354,14.59706652],[121.0138881,14.5979684],[121.0137661,14.59806647],[121.01365256,14.59819155],[121.01359463,14.59814005],[121.01355413,14.59809556],[121.01327629,14.59831465],[121.01313734,14.59842884],[121.01300304,14.59853513],[121.01313752,14.59868293],[121.01362777,14.59912792],[121.01379856,14.59924481],[121.01420204,14.59946974],[121.01468504,14.5987901],[121.01562697,14.5974807]]]]}},{"type":"Feature","properties":{"psgc_code":"1303901591","adm4_en":"Barangay 591","district":"Santa Mesa"},"geometry":{"type":"MultiPolygon","coordinates":[[[[121.01472961,14.59965228],[121.01487347,14.59959235],[121.01499336,14.59955638],[121.01519716,14.59958036],[121.0155688,14.59968825],[121.01579713,14.59975961],[121.01652786,14.59740791],[121.01630469,14.59736584],[121.01600603,14.59734287],[121.01582224,14.59738881],[121.01562697,14.5974807],[121.01468504,14.5987901],[121.01420204,14.59946974],[121.01379856,14.59924481],[121.01362777,14.59912792],[121.01313752,14.59868293],[121.01300304,14.59853513],[121.01294497,14.59849637],[121.01292337,14.59852254],[121.01274468,14.59872108],[121.01258088,14.59886999],[121.01242205,14.599004],[121.01225329,14.59914298],[121.01202022,14.59933793],[121.01222687,14.59957113],[121.01262556,14.59999239],[121.01283566,14.60021435],[121.01331658,14.60071568],[121.01343632,14.60061549],[121.01472961,14.59965228]]]]}},{"type":"Feature","properties":{"psgc_code":"1303901592","adm4_en":"Barangay 592","district":"Santa Mesa"},"geometry":{"type":"MultiPolygon","coordinates":[[[[121.01283566,14.60021435],[121.01262556,14.59999239],[121.01222687,14.59957113],[121.01202022,14.59933793],[121.01164618,14.59964886],[121.01119956,14.60002018],[121.01089074,14.6002739],[121.01110172,14.60046002],[121.01168077,14.60102828],[121.01184569,14.60119025],[121.01193608,14.60127761],[121.01231875,14.60163862],[121.01331658,14.60071568],[121.01283566,14.60021435]]]]}},{"type":"Feature","properties":{"psgc_code":"1303901593","adm4_en":"Barangay 593","district":"Santa Mesa"},"geometry":{"type":"MultiPolygon","coordinates":[[[[121.01231875,14.60163862],[121.01193608,14.60127761],[121.01184569,14.60119025],[121.01168077,14.60102828],[121.01110172,14.60046002],[121.01089074,14.6002739],[121.01061067,14.60052419],[121.01026412,14.60080721],[121.01003887,14.60100936],[121.0098444,14.60119777],[121.00957968,14.60139845],[121.00936193,14.60158205],[121.00917833,14.60172295],[121.00893496,14.60192362],[121.00882395,14.60203891],[121.00906335,14.60206137],[121.01038837,14.60217902],[121.01055464,14.60219073],[121.01171089,14.60227776],[121.01192819,14.60204062],[121.01231875,14.60163862]]]]}},{"type":"Feature","properties":{"psgc_code":"1303901594","adm4_en":"Barangay 594","district":"Santa Mesa"},"geometry":{"type":"MultiPolygon","coordinates":[[[[121.01831836,14.60373038],[121.01700037,14.60230517],[121.01677144,14.60233931],[121.01627905,14.60240964],[121.01622435,14.60240964],[121.01608367,14.60236275],[121.01585375,14.60286048],[121.01601852,14.60299229],[121.01685593,14.6037577],[121.01749311,14.60442607],[121.01749937,14.60442236],[121.01750924,14.604432],[121.01818173,14.60385625],[121.01831836,14.60373038]]]]}},{"type":"Feature","properties":{"psgc_code":"1303901595","adm4_en":"Barangay 595","district":"Santa Mesa"},"geometry":{"type":"MultiPolygon","coordinates":[[[[121.01897947,14.60330393],[121.01915249,14.60318034],[121.01931108,14.60313709],[121.01939553,14.60313503],[121.01962266,14.60305779],[121.01959226,14.60297482],[121.01957461,14.60288654],[121.01956578,14.60279826],[121.01956283,14.60268643],[121.01956578,14.6025952],[121.01958932,14.60246572],[121.01961875,14.60237155],[121.01966583,14.60224207],[121.01970409,14.60216555],[121.01974823,14.60208904],[121.0198012,14.60200959],[121.01985321,14.60194197],[121.01986006,14.60193307],[121.0198569,14.60193242],[121.01975491,14.60191147],[121.01960052,14.6018189],[121.01954931,14.60151164],[121.01939725,14.60152151],[121.01688013,14.60199696],[121.01614749,14.60216627],[121.01608367,14.60236275],[121.01622435,14.60240964],[121.01627905,14.60240964],[121.01677144,14.60233931],[121.01700037,14.60230517],[121.01831836,14.60373038],[121.01884148,14.60342957],[121.01897947,14.60330393]]]]}},{"type":"Feature","properties":{"psgc_code":"1303901596","adm4_en":"Barangay 596","district":"Santa Mesa"},"geometry":{"type":"MultiPolygon","coordinates":[[[[121.01939725,14.60152151],[121.01954931,14.60151164],[121.01931845,14.60147774],[121.01907855,14.60143221],[121.01899889,14.60143277],[121.01885092,14.60148299],[121.0186548,14.60152501],[121.01846043,14.60156179],[121.01812073,14.60161257],[121.01779503,14.6016651],[121.01797153,14.60107614],[121.01764717,14.60097856],[121.01733787,14.60087799],[121.0170493,14.6007956],[121.01663834,14.60066828],[121.01651588,14.60107883],[121.01639629,14.60142495],[121.01634621,14.60157601],[121.0162881,14.60173815],[121.01621653,14.60197981],[121.01619219,14.60204982],[121.01614749,14.60216627],[121.01688013,14.60199696],[121.01939725,14.60152151]]]]}},{"type":"Feature","properties":{"psgc_code":"1303901597","adm4_en":"Barangay 597","district":"Santa Mesa"},"geometry":{"type":"MultiPolygon","coordinates":[[[[121.01999248,14.60181242],[121.02008665,14.60173591],[121.0201972,14.60166027],[121.02029283,14.60160199],[121.0201765,14.60140814],[121.02008844,14.60125866],[121.01999389,14.60113816],[121.01993053,14.60111076],[121.0197124,14.60101523],[121.01949224,14.60094717],[121.01937888,14.60091267],[121.0191974,14.60085637],[121.01901556,14.60080194],[121.01879281,14.60073522],[121.01864685,14.60069031],[121.01847962,14.60063805],[121.01840649,14.60061352],[121.0183236,14.60058564],[121.01801301,14.60048122],[121.01763601,14.60035335],[121.01682759,14.60008385],[121.01663834,14.60066828],[121.0170493,14.6007956],[121.01733787,14.60087799],[121.01764717,14.60097856],[121.01797153,14.60107614],[121.01779503,14.6016651],[121.01812073,14.60161257],[121.01846043,14.60156179],[121.0186548,14.60152501],[121.01885092,14.60148299],[121.01899889,14.60143277],[121.01907855,14.60143221],[121.01931845,14.60147774],[121.01954931,14.60151164],[121.01960052,14.6018189],[121.01975491,14.60191147],[121.0198569,14.60193242],[121.01986006,14.60193307],[121.01990714,14.60188599],[121.01999248,14.60181242]]]]}},{"type":"Feature","properties":{"psgc_code":"1303901598","adm4_en":"Barangay 598","district":"Santa Mesa"},"geometry":{"type":"MultiPolygon","coordinates":[[[[121.02234005,14.60030157],[121.02219062,14.60009219],[121.02216855,14.60005878],[121.02194659,14.59966098],[121.02186378,14.59951221],[121.02178906,14.59937743],[121.02178784,14.59937486],[121.02171262,14.5992175],[121.02125732,14.59936472],[121.02123604,14.59930848],[121.02105666,14.59865178],[121.02086762,14.59860906],[121.02033584,14.59875321],[121.02039215,14.59888506],[121.01999914,14.59898985],[121.01976794,14.59887488],[121.01973821,14.59893317],[121.01968542,14.59891981],[121.01947974,14.59915851],[121.01924866,14.5991839],[121.01888554,14.59935911],[121.01892109,14.59944291],[121.01895082,14.59955957],[121.0189541,14.59957241],[121.01898743,14.59976595],[121.01908912,14.5998795],[121.019135,14.5999381],[121.01859374,14.60033594],[121.01850585,14.60043078],[121.01840649,14.60061352],[121.01847962,14.60063805],[121.01864685,14.60069031],[121.01879281,14.60073522],[121.01901556,14.60080194],[121.0191974,14.60085637],[121.01937888,14.60091267],[121.01949224,14.60094717],[121.0197124,14.60101523],[121.01993053,14.60111076],[121.01999389,14.60113816],[121.02008844,14.60125866],[121.0201765,14.60140814],[121.02029283,14.60160199],[121.02038353,14.60154381],[121.02234005,14.60030157]]]]}},{"type":"Feature","properties":{"psgc_code":"1303901599","adm4_en":"Barangay 599","district":"Santa Mesa"},"geometry":{"type":"MultiPolygon","coordinates":[[[[121.01859374,14.60033594],[121.019135,14.5999381],[121.01908912,14.5998795],[121.01898743,14.59976595],[121.0189541,14.59957241],[121.01895082,14.59955957],[121.01892109,14.59944291],[121.01888554,14.59935911],[121.01885156,14.59929286],[121.01876626,14.59933742],[121.01865047,14.59910581],[121.01855154,14.5989107],[121.01840924,14.59871267],[121.01838954,14.5987023],[121.01835707,14.59872215],[121.01832861,14.59875298],[121.0183044,14.59880915],[121.01809147,14.59874002],[121.01807434,14.59873486],[121.01809019,14.59864698],[121.01804697,14.59860664],[121.01801383,14.59857206],[121.01797349,14.59859079],[121.01792163,14.59857927],[121.01787121,14.59860664],[121.01783375,14.59862537],[121.01777036,14.59860664],[121.01774399,14.59858547],[121.01772254,14.59865822],[121.01732019,14.59855703],[121.01708921,14.59929653],[121.01682759,14.60008385],[121.01763601,14.60035335],[121.01801301,14.60048122],[121.0183236,14.60058564],[121.01840649,14.60061352],[121.01850585,14.60043078],[121.01859374,14.60033594]]]]}},{"type":"Feature","properties":{"psgc_code":"1303901600","adm4_en":"Barangay 600","district":"Santa Mesa"},"geometry":{"type":"MultiPolygon","coordinates":[[[[121.01947974,14.59915851],[121.01968542,14.59891981],[121.01973821,14.59893317],[121.01976794,14.59887488],[121.01999914,14.59898985],[121.02039215,14.59888506],[121.02033584,14.59875321],[121.02086762,14.59860906],[121.02105666,14.59865178],[121.02117817,14.59867547],[121.02132635,14.59870414],[121.02144138,14.59872782],[121.02150566,14.59869399],[121.02156995,14.59860603],[121.0216822,14.59822386],[121.02169512,14.59817974],[121.02132158,14.59806935],[121.0210433,14.59798877],[121.02096802,14.59796905],[121.02078528,14.59791353],[121.01934636,14.59747639],[121.0193677,14.59738739],[121.01835822,14.59702554],[121.01762567,14.59758408],[121.01761518,14.5976145],[121.01760767,14.59763627],[121.01734388,14.5984812],[121.01732749,14.59853367],[121.01732019,14.59855703],[121.01772254,14.59865822],[121.01774399,14.59858547],[121.01777036,14.59860664],[121.01783375,14.59862537],[121.01787121,14.59860664],[121.01792163,14.59857927],[121.01797349,14.59859079],[121.01801383,14.59857206],[121.01804697,14.59860664],[121.01809019,14.59864698],[121.01807434,14.59873486],[121.01809147,14.59874002],[121.0183044,14.59880915],[121.01832861,14.59875298],[121.01835707,14.59872215],[121.01838954,14.5987023],[121.01840924,14.59871267],[121.01855154,14.5989107],[121.01865047,14.59910581],[121.01876626,14.59933742],[121.01885156,14.59929286],[121.01888554,14.59935911],[121.01924866,14.5991839],[121.01947974,14.59915851]]]]}},{"type":"Feature","properties":{"psgc_code":"1303901601","adm4_en":"Barangay 601","district":"Santa Mesa"},"geometry":{"type":"MultiPolygon","coordinates":[[[[121.02358858,14.59948172],[121.02365921,14.59939638],[121.02373757,14.59929226],[121.02379968,14.5991758],[121.02393943,14.59888853],[121.02424999,14.59832176],[121.02404726,14.59820803],[121.0239967,14.59817785],[121.02349319,14.59789015],[121.02305786,14.59762935],[121.02251918,14.59730409],[121.02237513,14.59721711],[121.02208783,14.5970435],[121.02128558,14.59661609],[121.02127654,14.59661082],[121.02044813,14.59612794],[121.02032824,14.59607999],[121.02002853,14.59592415],[121.0199566,14.59590018],[121.01986069,14.59593614],[121.01917474,14.5964254],[121.01847214,14.59694337],[121.01835822,14.59702554],[121.0193677,14.59738739],[121.01934636,14.59747639],[121.02078528,14.59791353],[121.02096802,14.59796905],[121.0210433,14.59798877],[121.02132158,14.59806935],[121.02169512,14.59817974],[121.0216822,14.59822386],[121.02156995,14.59860603],[121.02150566,14.59869399],[121.02144138,14.59872782],[121.02132635,14.59870414],[121.02117817,14.59867547],[121.02105666,14.59865178],[121.02123604,14.59930848],[121.02125732,14.59936472],[121.02171262,14.5992175],[121.02178784,14.59937486],[121.02178906,14.59937743],[121.02186378,14.59951221],[121.02194659,14.59966098],[121.02216855,14.60005878],[121.02219062,14.60009219],[121.02234005,14.60030157],[121.02346204,14.59958472],[121.02358858,14.59948172]]]]}},{"type":"Feature","properties":{"psgc_code":"1303901602","adm4_en":"Barangay 602","district":"Santa Mesa"},"geometry":{"type":"MultiPolygon","coordinates":[[[[121.02583208,14.59411431],[121.02492972,14.59442799],[121.02450397,14.59459828],[121.02440666,14.59463477],[121.02431994,14.59466844],[121.02397199,14.59477684],[121.02372546,14.59485371],[121.02171064,14.59562691],[121.02158704,14.59567242],[121.02066133,14.59606556],[121.02061108,14.59608843],[121.0205485,14.59610923],[121.02044813,14.59612794],[121.02127654,14.59661082],[121.02128558,14.59661609],[121.02208783,14.5970435],[121.02237513,14.59721711],[121.02251918,14.59730409],[121.02305786,14.59762935],[121.02349319,14.59789015],[121.0239967,14.59817785],[121.02404726,14.59820803],[121.02424999,14.59832176],[121.02473912,14.59766182],[121.0250031,14.59721927],[121.02507297,14.59709505],[121.02516614,14.59686989],[121.02526707,14.59657486],[121.02536024,14.59627983],[121.02545341,14.59612455],[121.0255854,14.59591493],[121.02574571,14.59559431],[121.02574581,14.5955941],[121.02574844,14.59558884],[121.02583208,14.59539541],[121.02583208,14.59411431]]]]}},{"type":"Feature","properties":{"psgc_code":"1303901603","adm4_en":"Barangay 603","district":"Santa Mesa"},"geometry":{"type":"MultiPolygon","coordinates":[[[[121.01762567,14.59758408],[121.01835822,14.59702554],[121.01847214,14.59694337],[121.01917474,14.5964254],[121.01860887,14.59567385],[121.01850027,14.59547331],[121.01577244,14.59659544],[121.01588409,14.59675781],[121.01591339,14.59689453],[121.01608771,14.5970947],[121.01630469,14.59736584],[121.01652786,14.59740791],[121.01674119,14.59744625],[121.01760767,14.59763627],[121.01761518,14.5976145],[121.01762567,14.59758408]]]]}},{"type":"Feature","properties":{"psgc_code":"1303901604","adm4_en":"Barangay 604","district":"Santa Mesa"},"geometry":{"type":"MultiPolygon","coordinates":[[[[121.02319025,14.59380765],[121.02327539,14.59379549],[121.02332405,14.59381982],[121.02342136,14.59409957],[121.02369244,14.59398346],[121.02353397,14.59349362],[121.02377168,14.59338196],[121.02366656,14.59306691],[121.02256276,14.5935267],[121.02136972,14.59400045],[121.02147199,14.594245],[121.01997487,14.5948699],[121.01984932,14.59491533],[121.01986887,14.59495675],[121.02001655,14.59494116],[121.02011724,14.59496603],[121.02019021,14.59497372],[121.02027083,14.59499965],[121.02166905,14.59442839],[121.02319025,14.59380765]]]]}},{"type":"Feature","properties":{"psgc_code":"1303901605","adm4_en":"Barangay 605","district":"Santa Mesa"},"geometry":{"type":"MultiPolygon","coordinates":[[[[121.0199566,14.59590018],[121.02002853,14.59592415],[121.02032824,14.59607999],[121.02044813,14.59612794],[121.0205485,14.59610923],[121.02061108,14.59608843],[121.02066133,14.59606556],[121.02158704,14.59567242],[121.02171064,14.59562691],[121.02138619,14.59492208],[121.02180191,14.59475541],[121.02166905,14.59442839],[121.02027083,14.59499965],[121.02019021,14.59497372],[121.02011724,14.59496603],[121.02001655,14.59494116],[121.01986887,14.59495675],[121.01984932,14.59491533],[121.01850027,14.59547331],[121.01860887,14.59567385],[121.01917474,14.5964254],[121.01986069,14.59593614],[121.0199566,14.59590018]]]]}},{"type":"Feature","properties":{"psgc_code":"1303901606","adm4_en":"Barangay 606","district":"Santa Mesa"},"geometry":{"type":"MultiPolygon","coordinates":[[[[121.02397199,14.59477684],[121.02369244,14.59398346],[121.02342136,14.59409957],[121.02332405,14.59381982],[121.02327539,14.59379549],[121.02319025,14.59380765],[121.02166905,14.59442839],[121.02180191,14.59475541],[121.02138619,14.59492208],[121.02171064,14.59562691],[121.02372546,14.59485371],[121.02397199,14.59477684]]]]}},{"type":"Feature","properties":{"psgc_code":"1303901607","adm4_en":"Barangay 607","district":"Santa Mesa"},"geometry":{"type":"MultiPolygon","coordinates":[[[[121.02583208,14.59312672],[121.02576363,14.59299688],[121.0256868,14.59283514],[121.02556145,14.59265723],[121.0254424,14.59252215],[121.02535119,14.59241866],[121.02499821,14.59250635],[121.0241546,14.59286899],[121.02389212,14.59297213],[121.02382279,14.59278593],[121.02372383,14.59282648],[121.02358413,14.59288554],[121.02366656,14.59306691],[121.02377168,14.59338196],[121.02353397,14.59349362],[121.02369244,14.59398346],[121.02397199,14.59477684],[121.02431994,14.59466844],[121.02440666,14.59463477],[121.02450397,14.59459828],[121.02492972,14.59442799],[121.02583208,14.59411431],[121.02583208,14.59312672]]]]}},{"type":"Feature","properties":{"psgc_code":"1303901608","adm4_en":"Barangay 608","district":"Santa Mesa"},"geometry":{"type":"MultiPolygon","coordinates":[[[[121.02405377,14.59266826],[121.02385334,14.59229127],[121.02380085,14.5922006],[121.02370541,14.5921147],[121.02286945,14.59147314],[121.02104458,14.59022097],[121.02084257,14.59043838],[121.02069546,14.59059027],[121.02107879,14.59089346],[121.02168696,14.59134588],[121.02188889,14.59149215],[121.02203554,14.59159434],[121.02295151,14.59224331],[121.02339045,14.59255781],[121.02352698,14.59270269],[121.02358413,14.59288554],[121.02372383,14.59282648],[121.02382279,14.59278593],[121.02389212,14.59297213],[121.0241546,14.59286899],[121.02405377,14.59266826]]]]}},{"type":"Feature","properties":{"psgc_code":"1303901609","adm4_en":"Barangay 609","district":"Santa Mesa"},"geometry":{"type":"MultiPolygon","coordinates":[[[[121.02168696,14.59134588],[121.02107879,14.59089346],[121.02069546,14.59059027],[121.02036779,14.59093589],[121.01945585,14.59178851],[121.01985726,14.59206827],[121.02005629,14.59219667],[121.02028734,14.59199199],[121.02058463,14.59218417],[121.02075728,14.59229723],[121.02116988,14.59255963],[121.02188889,14.59149215],[121.02168696,14.59134588]]]]}},{"type":"Feature","properties":{"psgc_code":"1303901610","adm4_en":"Barangay 610","district":"Santa Mesa"},"geometry":{"type":"MultiPolygon","coordinates":[[[[121.01853271,14.59363149],[121.01859998,14.59357064],[121.01860351,14.59356744],[121.01832106,14.59328163],[121.01864229,14.59299677],[121.01889902,14.59328493],[121.01941356,14.59280206],[121.02005629,14.59219667],[121.01985726,14.59206827],[121.01945585,14.59178851],[121.01928824,14.59194237],[121.0187776,14.59238082],[121.01825923,14.5928715],[121.0180588,14.59305119],[121.01677326,14.59421223],[121.017105,14.59457161],[121.01718689,14.5946721],[121.01776168,14.5942156],[121.01853271,14.59363149]]]]}},{"type":"Feature","properties":{"psgc_code":"1303901611","adm4_en":"Barangay 611","district":"Santa Mesa"},"geometry":{"type":"MultiPolygon","coordinates":[[[[121.0162642,14.59606172],[121.01656128,14.59594128],[121.01676602,14.59586501],[121.01697076,14.59579676],[121.01719557,14.59572048],[121.01751545,14.59559697],[121.01747131,14.59545622],[121.01742293,14.59522124],[121.01737455,14.59500009],[121.0173208,14.59488289],[121.01729852,14.59483423],[121.01725706,14.5947582],[121.01718689,14.5946721],[121.017105,14.59457161],[121.01677326,14.59421223],[121.01514186,14.59566406],[121.01509303,14.59572265],[121.01509303,14.59576172],[121.01510076,14.59579265],[121.0151028,14.59580078],[121.01536648,14.59611328],[121.01557257,14.5963479],[121.01595107,14.59617412],[121.0162642,14.59606172]]]]}},{"type":"Feature","properties":{"psgc_code":"1303901612","adm4_en":"Barangay 612","district":"Santa Mesa"},"geometry":{"type":"MultiPolygon","coordinates":[[[[121.02175109,14.59342213],[121.01976425,14.59425372],[121.0198738,14.59447282],[121.01994083,14.59459224],[121.02136972,14.59400045],[121.02256276,14.5935267],[121.02214946,14.59324287],[121.02175109,14.59342213]]],[[[121.01742293,14.59522124],[121.01747131,14.59545622],[121.01751545,14.59559697],[121.01944374,14.59479692],[121.01940572,14.59466702],[121.01930889,14.59445383],[121.01742293,14.59522124]]]]}},{"type":"Feature","properties":{"psgc_code":"1303901613","adm4_en":"Barangay 613","district":"Santa Mesa"},"geometry":{"type":"MultiPolygon","coordinates":[[[[121.01994083,14.59459224],[121.0198738,14.59447282],[121.01976425,14.59425372],[121.01966723,14.59405027],[121.01955758,14.59387666],[121.02078571,14.59335736],[121.02099462,14.59351255],[121.02117099,14.59344274],[121.02137216,14.59335586],[121.02025754,14.59264953],[121.02004406,14.59250677],[121.01991808,14.59263995],[121.01981425,14.59273359],[121.02003063,14.5929067],[121.0198829,14.59304398],[121.01967547,14.59286491],[121.01956978,14.59296347],[121.01946059,14.59305741],[121.01966204,14.59322902],[121.01950897,14.59335029],[121.01921773,14.59359435],[121.01905378,14.59343868],[121.01889902,14.59328493],[121.01864229,14.59299677],[121.01832106,14.59328163],[121.01860351,14.59356744],[121.01875709,14.59372351],[121.01890989,14.59387873],[121.01930732,14.5944504],[121.01930889,14.59445383],[121.01940572,14.59466702],[121.01944374,14.59479692],[121.01971862,14.59468442],[121.01994083,14.59459224]]]]}},{"type":"Feature","properties":{"psgc_code":"1303901614","adm4_en":"Barangay 614","district":"Santa Mesa"},"geometry":{"type":"MultiPolygon","coordinates":[[[[121.0198829,14.59304398],[121.02003063,14.5929067],[121.01981425,14.59273359],[121.01991808,14.59263995],[121.02004406,14.59250677],[121.02025754,14.59264953],[121.02058463,14.59218417],[121.02028734,14.59199199],[121.02005629,14.59219667],[121.01941356,14.59280206],[121.01889902,14.59328493],[121.01905378,14.59343868],[121.01921773,14.59359435],[121.01950897,14.59335029],[121.01966204,14.59322902],[121.01946059,14.59305741],[121.01956978,14.59296347],[121.01967547,14.59286491],[121.0198829,14.59304398]]],[[[121.01859998,14.59357064],[121.01853271,14.59363149],[121.01776168,14.5942156],[121.01718689,14.5946721],[121.01725706,14.5947582],[121.01729852,14.59483423],[121.0173208,14.59488289],[121.01782774,14.59461094],[121.01890989,14.59387873],[121.01875709,14.59372351],[121.01860351,14.59356744],[121.01859998,14.59357064]]]]}},{"type":"Feature","properties":{"psgc_code":"1303901615","adm4_en":"Barangay 615","district":"Santa Mesa"},"geometry":{"type":"MultiPolygon","coordinates":[[[[121.01984932,14.59491533],[121.01997487,14.5948699],[121.02147199,14.594245],[121.02136972,14.59400045],[121.01994083,14.59459224],[121.01971862,14.59468442],[121.01944374,14.59479692],[121.01751545,14.59559697],[121.01719557,14.59572048],[121.01697076,14.59579676],[121.01676602,14.59586501],[121.01656128,14.59594128],[121.0162642,14.59606172],[121.01595107,14.59617412],[121.01557257,14.5963479],[121.01564112,14.59642595],[121.01571275,14.59650748],[121.0157349,14.59653297],[121.01577244,14.59659544],[121.01850027,14.59547331],[121.01984932,14.59491533]]]]}},{"type":"Feature","properties":{"psgc_code":"1303901616","adm4_en":"Barangay 616","district":"Santa Mesa"},"geometry":{"type":"MultiPolygon","coordinates":[[[[121.02214946,14.59324287],[121.02116988,14.59255963],[121.02075728,14.59229723],[121.02058463,14.59218417],[121.02025754,14.59264953],[121.02137216,14.59335586],[121.02117099,14.59344274],[121.02099462,14.59351255],[121.02078571,14.59335736],[121.01955758,14.59387666],[121.01966723,14.59405027],[121.01976425,14.59425372],[121.02175109,14.59342213],[121.02214946,14.59324287]]],[[[121.01782774,14.59461094],[121.0173208,14.59488289],[121.01737455,14.59500009],[121.01742293,14.59522124],[121.01930889,14.59445383],[121.01930732,14.5944504],[121.01890989,14.59387873],[121.01782774,14.59461094]]]]}},{"type":"Feature","properties":{"psgc_code":"1303901617","adm4_en":"Barangay 617","district":"Santa Mesa"},"geometry":{"type":"MultiPolygon","coordinates":[[[[121.02358413,14.59288554],[121.02352698,14.59270269],[121.02339045,14.59255781],[121.02295151,14.59224331],[121.02203554,14.59159434],[121.02188889,14.59149215],[121.02116988,14.59255963],[121.02214946,14.59324287],[121.02256276,14.5935267],[121.02366656,14.59306691],[121.02358413,14.59288554]]]]}},{"type":"Feature","properties":{"psgc_code":"1303901618","adm4_en":"Barangay 618","district":"Santa Mesa"},"geometry":{"type":"MultiPolygon","coordinates":[[[[121.02535119,14.59241866],[121.02518944,14.59230948],[121.02497918,14.59219626],[121.02461526,14.59198195],[121.02426751,14.5917636],[121.02400873,14.59155334],[121.02294527,14.59055458],[121.02261188,14.59032483],[121.02164636,14.58968221],[121.02158457,14.5897031],[121.02153798,14.58972503],[121.02148864,14.58975517],[121.02143333,14.58979636],[121.0213762,14.58985937],[121.02119245,14.5900581],[121.02104458,14.59022097],[121.02286945,14.59147314],[121.02370541,14.5921147],[121.02380085,14.5922006],[121.02385334,14.59229127],[121.02405377,14.59266826],[121.0241546,14.59286899],[121.02499821,14.59250635],[121.02535119,14.59241866]]]]}},{"type":"Feature","properties":{"psgc_code":"1303901619","adm4_en":"Barangay 619","district":"Santa Mesa"},"geometry":{"type":"MultiPolygon","coordinates":[[[[121.01509303,14.59576172],[121.01509303,14.59572265],[121.01514186,14.59566406],[121.01677326,14.59421223],[121.0180588,14.59305119],[121.01825923,14.5928715],[121.0187776,14.59238082],[121.01928824,14.59194237],[121.0188211,14.59160263],[121.01748101,14.59072025],[121.01688646,14.59030973],[121.01686313,14.5899896],[121.01684931,14.58987211],[121.01683623,14.58978398],[121.01680784,14.58951965],[121.01678711,14.58945054],[121.01661432,14.58901515],[121.01642505,14.58863847],[121.01629491,14.58837468],[121.01622046,14.58838046],[121.01601915,14.58840234],[121.01583972,14.58845048],[121.01568218,14.58849862],[121.01554651,14.58855551],[121.01536271,14.58863428],[121.0151614,14.58875244],[121.01501261,14.58886622],[121.0149032,14.58896688],[121.01478504,14.58912005],[121.01462312,14.58936949],[121.014203,14.59002156],[121.01543706,14.59100949],[121.01555496,14.59112721],[121.01567307,14.59124742],[121.01577498,14.5913777],[121.01586377,14.59150538],[121.01592625,14.59160738],[121.01596666,14.59170292],[121.01599522,14.59181452],[121.01600828,14.59192287],[121.01601468,14.59201567],[121.01601115,14.59215198],[121.01599478,14.59226642],[121.01596198,14.59240965],[121.01591266,14.5925212],[121.0158533,14.5926265],[121.01576081,14.59273473],[121.01562253,14.59287706],[121.0154586,14.59301272],[121.0153247,14.59310015],[121.01515762,14.59318281],[121.01502735,14.59324025],[121.01489588,14.59330103],[121.01475034,14.59336174],[121.01451077,14.59345792],[121.01431845,14.59353509],[121.01409074,14.59362689],[121.01387493,14.59370419],[121.01406403,14.59430285],[121.01410121,14.59434415],[121.01414012,14.59439105],[121.01448103,14.59501947],[121.01469871,14.59538501],[121.01489586,14.59559859],[121.0151028,14.59580078],[121.01510076,14.59579265],[121.01509303,14.59576172]]]]}},{"type":"Feature","properties":{"psgc_code":"1303901620","adm4_en":"Barangay 620","district":"Santa Mesa"},"geometry":{"type":"MultiPolygon","coordinates":[[[[121.02084257,14.59043838],[121.02104458,14.59022097],[121.02119245,14.5900581],[121.0213762,14.58985937],[121.02143333,14.58979636],[121.02148864,14.58975517],[121.02153798,14.58972503],[121.02158457,14.5897031],[121.02164636,14.58968221],[121.02120455,14.58941933],[121.02100437,14.58929703],[121.02064853,14.58913933],[121.02051355,14.58908038],[121.02020779,14.58895738],[121.0201986,14.58920769],[121.0201862,14.58924333],[121.02013646,14.58936195],[121.02009292,14.58950836],[121.01990593,14.58990318],[121.01967616,14.59029749],[121.0198269,14.59040389],[121.01992444,14.59049255],[121.02005744,14.59060782],[121.02036779,14.59093589],[121.02069546,14.59059027],[121.02084257,14.59043838]]]]}},{"type":"Feature","properties":{"psgc_code":"1303901621","adm4_en":"Barangay 621","district":"Santa Mesa"},"geometry":{"type":"MultiPolygon","coordinates":[[[[121.0138881,14.5979684],[121.01496354,14.59706652],[121.01521768,14.59687437],[121.01537478,14.59679148],[121.01581572,14.5971289],[121.01562697,14.5974807],[121.01582224,14.59738881],[121.01600603,14.59734287],[121.01630469,14.59736584],[121.01608771,14.5970947],[121.01591339,14.59689453],[121.01588409,14.59675781],[121.01577244,14.59659544],[121.0157349,14.59653297],[121.01571275,14.59650748],[121.01564112,14.59642595],[121.01557257,14.5963479],[121.01536648,14.59611328],[121.0151028,14.59580078],[121.01489586,14.59559859],[121.01469871,14.59538501],[121.01448103,14.59501947],[121.01414012,14.59439105],[121.01410121,14.59434415],[121.01406403,14.59430285],[121.01387493,14.59370419],[121.01360289,14.59380364],[121.01339338,14.59386807],[121.01240838,14.59420944],[121.01267969,14.59479812],[121.01294717,14.59511101],[121.01303621,14.59523171],[121.01311451,14.59534386],[121.01317376,14.59543063],[121.01327322,14.59561896],[121.01332612,14.59573746],[121.01337902,14.59586654],[121.01342769,14.59599774],[121.01347213,14.59616491],[121.01350387,14.59631516],[121.01352927,14.59647387],[121.01354196,14.59664104],[121.01354408,14.59675531],[121.01354408,14.59688862],[121.01353633,14.59702475],[121.01351106,14.59721109],[121.01346369,14.59743849],[121.01341631,14.59761852],[121.01336262,14.59777959],[121.01332805,14.59786258],[121.01355413,14.59809556],[121.01359463,14.59814005],[121.01365256,14.59819155],[121.0137661,14.59806647],[121.0138881,14.5979684]]]]}},{"type":"Feature","properties":{"psgc_code":"1303901622","adm4_en":"Barangay 622","district":"Santa Mesa"},"geometry":{"type":"MultiPolygon","coordinates":[[[[121.02036779,14.59093589],[121.02005744,14.59060782],[121.01948107,14.59115755],[121.0193924,14.59119301],[121.01927713,14.59116641],[121.01910244,14.59103318],[121.01773398,14.59010709],[121.01749207,14.59043882],[121.01693916,14.59006562],[121.01686313,14.5899896],[121.01688646,14.59030973],[121.01748101,14.59072025],[121.0188211,14.59160263],[121.01928824,14.59194237],[121.01945585,14.59178851],[121.02036779,14.59093589]]]]}},{"type":"Feature","properties":{"psgc_code":"1303901623","adm4_en":"Barangay 623","district":"Santa Mesa"},"geometry":{"type":"MultiPolygon","coordinates":[[[[121.02009292,14.58950836],[121.02013646,14.58936195],[121.0201862,14.58924333],[121.0201986,14.58920769],[121.02020779,14.58895738],[121.01966595,14.5887835],[121.01915806,14.58865153],[121.01870358,14.58852876],[121.01862255,14.58877871],[121.01858409,14.58904971],[121.01854262,14.58952657],[121.01852017,14.5897553],[121.01848733,14.58998961],[121.01877761,14.59003108],[121.01898495,14.59007255],[121.01919733,14.59012902],[121.01939241,14.59018222],[121.01967616,14.59029749],[121.01990593,14.58990318],[121.02009292,14.58950836]]]]}},{"type":"Feature","properties":{"psgc_code":"1303901624","adm4_en":"Barangay 624","district":"Santa Mesa"},"geometry":{"type":"MultiPolygon","coordinates":[[[[121.02005744,14.59060782],[121.01992444,14.59049255],[121.0198269,14.59040389],[121.01967616,14.59029749],[121.01939241,14.59018222],[121.01919733,14.59012902],[121.01898495,14.59007255],[121.01877761,14.59003108],[121.01848733,14.58998961],[121.01852017,14.5897553],[121.0177458,14.58973891],[121.01683623,14.58978398],[121.01684931,14.58987211],[121.01686313,14.5899896],[121.01693916,14.59006562],[121.01749207,14.59043882],[121.01773398,14.59010709],[121.01910244,14.59103318],[121.01927713,14.59116641],[121.0193924,14.59119301],[121.01948107,14.59115755],[121.02005744,14.59060782]]]]}},{"type":"Feature","properties":{"psgc_code":"1303901625","adm4_en":"Barangay 625","district":"Santa Mesa"},"geometry":{"type":"MultiPolygon","coordinates":[[[[121.01852017,14.5897553],[121.01854262,14.58952657],[121.01858409,14.58904971],[121.01862255,14.58877871],[121.01870358,14.58852876],[121.01833966,14.58844384],[121.01810918,14.5884115],[121.01783422,14.58839128],[121.01719534,14.58836702],[121.01674561,14.58836295],[121.01641739,14.58836733],[121.01629491,14.58837468],[121.01642505,14.58863847],[121.01661432,14.58901515],[121.01678711,14.58945054],[121.01680784,14.58951965],[121.01683623,14.58978398],[121.0177458,14.58973891],[121.01852017,14.5897553]]]]}},{"type":"Feature","properties":{"psgc_code":"1303901626","adm4_en":"Barangay 626","district":"Santa Mesa"},"geometry":{"type":"MultiPolygon","coordinates":[[[[121.00604343,14.60111713],[121.00611082,14.60065195],[121.006167,14.60021187],[121.00619008,14.60000746],[121.00590628,14.59997905],[121.00494037,14.5998824],[121.00467298,14.59985566],[121.0046594,14.60006204],[121.00462194,14.60051149],[121.00455639,14.60096093],[121.00451893,14.60137292],[121.0044591,14.60160415],[121.00469944,14.60163385],[121.00500294,14.60167036],[121.00548861,14.60170804],[121.00614072,14.60177668],[121.00619102,14.60113846],[121.00604343,14.60111713]]]]}},{"type":"Feature","properties":{"psgc_code":"1303901627","adm4_en":"Barangay 627","district":"Santa Mesa"},"geometry":{"type":"MultiPolygon","coordinates":[[[[121.00862503,14.60047979],[121.00831909,14.60020815],[121.00786559,14.60017118],[121.00718245,14.60010431],[121.00619008,14.60000746],[121.006167,14.60021187],[121.00611082,14.60065195],[121.00604343,14.60111713],[121.00619102,14.60113846],[121.00614072,14.60177668],[121.00680131,14.60184511],[121.00731829,14.60189462],[121.00836828,14.60075408],[121.00862503,14.60047979]]]]}},{"type":"Feature","properties":{"psgc_code":"1303901628","adm4_en":"Barangay 628","district":"Santa Mesa"},"geometry":{"type":"MultiPolygon","coordinates":[[[[121.00903239,14.60022125],[121.01026844,14.60037107],[121.01044458,14.60024849],[121.01068046,14.60005272],[121.01088647,14.59996845],[121.01104065,14.59984082],[121.01002406,14.59885755],[121.00965089,14.59935104],[121.00941836,14.59936924],[121.00916401,14.59938914],[121.00837654,14.5992706],[121.00815366,14.59863428],[121.00808986,14.59845238],[121.00796491,14.59809575],[121.0075835,14.59820233],[121.00734813,14.59740847],[121.00733078,14.59680112],[121.00695911,14.59692427],[121.00660686,14.59702061],[121.00636735,14.59707677],[121.00611323,14.5971222],[121.00589691,14.59714886],[121.00564709,14.59717014],[121.00538313,14.59717262],[121.00513714,14.59716706],[121.00487926,14.59715613],[121.00470317,14.59714257],[121.00454513,14.5971183],[121.00437601,14.5970806],[121.00424815,14.59704356],[121.00413171,14.59701126],[121.0040236,14.59697361],[121.00390717,14.5969279],[121.00344311,14.59667829],[121.00282849,14.59766537],[121.00282622,14.59767091],[121.00272908,14.59793592],[121.00266528,14.59816842],[121.00297795,14.59828618],[121.00338693,14.59845151],[121.00334284,14.59858145],[121.00342364,14.59860858],[121.00395079,14.59878565],[121.00394847,14.59904089],[121.00394151,14.5990989],[121.00473432,14.59914443],[121.00467298,14.59985566],[121.00494037,14.5998824],[121.00590628,14.59997905],[121.00619008,14.60000746],[121.00718245,14.60010431],[121.00786559,14.60017118],[121.00831909,14.60020815],[121.00862503,14.60047979],[121.00887988,14.60020502],[121.00903239,14.60022125]]]]}},{"type":"Feature","properties":{"psgc_code":"1303901629","adm4_en":"Barangay 629","district":"Santa Mesa"},"geometry":{"type":"MultiPolygon","coordinates":[[[[121.00917833,14.60172295],[121.00936193,14.60158205],[121.00957968,14.60139845],[121.0098444,14.60119777],[121.01003887,14.60100936],[121.01026412,14.60080721],[121.01061067,14.60052419],[121.01089074,14.6002739],[121.01119956,14.60002018],[121.01104065,14.59984082],[121.01088647,14.59996845],[121.01068046,14.60005272],[121.01044458,14.60024849],[121.01026844,14.60037107],[121.00903239,14.60022125],[121.00887988,14.60020502],[121.00862503,14.60047979],[121.00836828,14.60075408],[121.00731829,14.60189462],[121.00755121,14.60191729],[121.00788348,14.60194878],[121.00882395,14.60203891],[121.00893496,14.60192362],[121.00917833,14.60172295]]]]}},{"type":"Feature","properties":{"psgc_code":"1303901630","adm4_en":"Barangay 630","district":"Santa Mesa"},"geometry":{"type":"MultiPolygon","coordinates":[[[[121.01202022,14.59933793],[121.01225329,14.59914298],[121.01242205,14.599004],[121.01258088,14.59886999],[121.01274468,14.59872108],[121.01292337,14.59852254],[121.01294497,14.59849637],[121.01300304,14.59853513],[121.01313734,14.59842884],[121.01327629,14.59831465],[121.01355413,14.59809556],[121.01332805,14.59786258],[121.01336262,14.59777959],[121.01341631,14.59761852],[121.01346369,14.59743849],[121.01351106,14.59721109],[121.01353633,14.59702475],[121.01354408,14.59688862],[121.01354408,14.59675531],[121.01354196,14.59664104],[121.01352927,14.59647387],[121.01350387,14.59631516],[121.01347213,14.59616491],[121.01342769,14.59599774],[121.01337902,14.59586654],[121.01332612,14.59573746],[121.01327322,14.59561896],[121.01317376,14.59543063],[121.01311451,14.59534386],[121.01303621,14.59523171],[121.01294717,14.59511101],[121.01267969,14.59479812],[121.01240838,14.59420944],[121.01073343,14.59537121],[121.01056763,14.59547082],[121.01041608,14.59555633],[121.01025861,14.59562278],[121.00870571,14.59624367],[121.00801927,14.59652818],[121.00777202,14.59663279],[121.00754959,14.59672138],[121.00733078,14.59680112],[121.00734813,14.59740847],[121.0075835,14.59820233],[121.00796491,14.59809575],[121.00808986,14.59845238],[121.00815366,14.59863428],[121.00837654,14.5992706],[121.00916401,14.59938914],[121.00941836,14.59936924],[121.00965089,14.59935104],[121.01002406,14.59885755],[121.01104065,14.59984082],[121.01119956,14.60002018],[121.01164618,14.59964886],[121.01202022,14.59933793]]]]}},{"type":"Feature","properties":{"psgc_code":"1303901631","adm4_en":"Barangay 631","district":"Santa Mesa"},"geometry":{"type":"MultiPolygon","coordinates":[[[[121.00455639,14.60096093],[121.00462194,14.60051149],[121.0046594,14.60006204],[121.00467298,14.59985566],[121.00473432,14.59914443],[121.00394151,14.5990989],[121.00394847,14.59904089],[121.00395079,14.59878565],[121.00342364,14.59860858],[121.00334284,14.59858145],[121.00308454,14.59984409],[121.0029857,14.600763],[121.00288781,14.60143986],[121.00296216,14.60144735],[121.00312642,14.60146352],[121.00335039,14.60148332],[121.0044591,14.60160415],[121.00451893,14.60137292],[121.00455639,14.60096093]]]]}},{"type":"Feature","properties":{"psgc_code":"1303901632","adm4_en":"Barangay 632","district":"Santa Mesa"},"geometry":{"type":"MultiPolygon","coordinates":[[[[121.00308454,14.59984409],[121.00334284,14.59858145],[121.00338693,14.59845151],[121.00297795,14.59828618],[121.00261858,14.59981243],[121.00253301,14.6007377],[121.00275993,14.60076286],[121.00274914,14.60088601],[121.00268965,14.60141997],[121.00288781,14.60143986],[121.0029857,14.600763],[121.00308454,14.59984409]]]]}},{"type":"Feature","properties":{"psgc_code":"1303901633","adm4_en":"Barangay 633","district":"Santa Mesa"},"geometry":{"type":"MultiPolygon","coordinates":[[[[121.00275993,14.60076286],[121.00253301,14.6007377],[121.00261858,14.59981243],[121.00297795,14.59828618],[121.00266528,14.59816842],[121.00259599,14.59842167],[121.00257585,14.59860194],[121.00250026,14.5988622],[121.00240968,14.59917359],[121.00230195,14.59950295],[121.00229086,14.59958192],[121.00228403,14.59963063],[121.00223583,14.59975296],[121.00217096,14.59986603],[121.00214315,14.60004026],[121.00207643,14.60018855],[121.00206716,14.60032756],[121.00202453,14.60035166],[121.00201711,14.60043878],[121.00205663,14.60066866],[121.00218382,14.60084009],[121.00225018,14.60095069],[121.00227783,14.60102258],[121.00232483,14.60108065],[121.00236631,14.6011636],[121.0023829,14.60125208],[121.00245058,14.6013958],[121.00254427,14.60140478],[121.00268965,14.60141997],[121.00274914,14.60088601],[121.00275993,14.60076286]]]]}},{"type":"Feature","properties":{"psgc_code":"1303901634","adm4_en":"Barangay 634","district":"Santa Mesa"},"geometry":{"type":"MultiPolygon","coordinates":[[[[121.00236631,14.6011636],[121.00232483,14.60108065],[121.00227783,14.60102258],[121.00225018,14.60095069],[121.00218382,14.60084009],[121.00205663,14.60066866],[121.00201711,14.60043878],[121.00202453,14.60035166],[121.00206716,14.60032756],[121.00207643,14.60018855],[121.00214315,14.60004026],[121.00217096,14.59986603],[121.00223583,14.59975296],[121.00228403,14.59963063],[121.00229086,14.59958192],[121.00191633,14.59954446],[121.00187727,14.59954054],[121.00122581,14.599475],[121.00043313,14.59941371],[121.00024574,14.59940526],[120.99953261,14.59937345],[120.99951841,14.5994189],[120.9994339,14.59964222],[120.99932526,14.59978708],[120.99921662,14.59993194],[120.99910797,14.6000949],[120.99894697,14.60025629],[120.9989919,14.60030022],[120.99917691,14.60048702],[120.99932262,14.60062993],[120.99952491,14.60078995],[120.99972967,14.60095126],[120.99995461,14.60105837],[121.00025454,14.60115477],[121.00035195,14.6011669],[121.00068002,14.60119507],[121.00087582,14.60120833],[121.00100597,14.60122046],[121.00141008,14.6012699],[121.00163377,14.6013005],[121.00201664,14.60134011],[121.00238976,14.60138637],[121.00245058,14.6013958],[121.0023829,14.60125208],[121.00236631,14.6011636]]]]}},{"type":"Feature","properties":{"psgc_code":"1303901635","adm4_en":"Barangay 635","district":"Santa Mesa"},"geometry":{"type":"MultiPolygon","coordinates":[[[[121.00240968,14.59917359],[121.00250026,14.5988622],[121.00257585,14.59860194],[121.00228659,14.59849173],[121.00098851,14.59792897],[121.00087048,14.59817345],[121.00068241,14.59853368],[120.99949961,14.59708069],[120.99933958,14.59653144],[120.99910473,14.59657077],[120.99912004,14.59715548],[120.99925887,14.59738484],[120.99927094,14.59765041],[120.99925887,14.59784356],[120.99925887,14.59806688],[120.99929508,14.59830228],[120.99945805,14.59838678],[120.99962705,14.59851956],[120.99968741,14.59868857],[120.99972362,14.59886964],[120.9996693,14.59905071],[120.99957876,14.59922575],[120.99953261,14.59937345],[121.00024574,14.59940526],[121.00043313,14.59941371],[121.00122581,14.599475],[121.00187727,14.59954054],[121.00191633,14.59954446],[121.00229086,14.59958192],[121.00230195,14.59950295],[121.00240968,14.59917359]]]]}},{"type":"Feature","properties":{"psgc_code":"1303901636","adm4_en":"Barangay 636","district":"Santa Mesa"},"geometry":{"type":"MultiPolygon","coordinates":[[[[121.00266528,14.59816842],[121.00272908,14.59793592],[121.00282622,14.59767091],[121.00282849,14.59766537],[121.00344311,14.59667829],[121.00290756,14.59639053],[121.0020261,14.59590466],[121.00199173,14.59589075],[121.00191953,14.59585888],[121.00184826,14.59584805],[121.00172734,14.59584484],[121.00142221,14.59586839],[121.00116425,14.59590532],[121.00097101,14.59593917],[121.00080467,14.59598117],[121.00063495,14.59603143],[121.00044296,14.59610373],[121.00021057,14.59619478],[120.99978147,14.5963796],[120.99953182,14.59648137],[120.99933958,14.59653144],[120.99949961,14.59708069],[121.00068241,14.59853368],[121.00087048,14.59817345],[121.00098851,14.59792897],[121.00228659,14.59849173],[121.00257585,14.59860194],[121.00259599,14.59842167],[121.00266528,14.59816842]]]]}},{"type":"Feature","properties":{"psgc_code":"1303901637","adm4_en":"Barangay 637","district":"San Miguel"},"geometry":{"type":"MultiPolygon","coordinates":[[[[120.99894697,14.60025629],[120.99889613,14.60020667],[120.99858352,14.59990157],[120.99803722,14.59939815],[120.99726943,14.59867562],[120.9972068,14.59861299],[120.99708153,14.5986952],[120.99692494,14.5986952],[120.99684664,14.59865996],[120.99671355,14.59865213],[120.99657653,14.59864039],[120.9964082,14.59868345],[120.99622421,14.59873826],[120.99627975,14.59895019],[120.9962285,14.59915518],[120.99616327,14.59927631],[120.99607941,14.59936017],[120.99600021,14.59947665],[120.99598158,14.59956517],[120.99590238,14.59965834],[120.99583249,14.5997655],[120.99699036,14.59986651],[120.99701605,14.59986866],[120.99703021,14.59992058],[120.99710337,14.59997958],[120.99718361,14.60002206],[120.99725205,14.60003858],[120.99736297,14.60003858],[120.99746445,14.60001262],[120.99753053,14.59998194],[120.99757537,14.59995362],[120.99764617,14.59996306],[120.99764853,14.59996306],[120.99804501,14.60001498],[120.99808513,14.60006454],[120.99811581,14.6001849],[120.99811581,14.60026278],[120.99811345,14.60032886],[120.99814413,14.60035954],[120.99872513,14.6005118],[120.99883635,14.60037873],[120.99894697,14.60025629]]]]}},{"type":"Feature","properties":{"psgc_code":"1303901638","adm4_en":"Barangay 638","district":"San Miguel"},"geometry":{"type":"MultiPolygon","coordinates":[[[[120.99370219,14.60059854],[120.99385879,14.60033567],[120.99393709,14.60023499],[120.99403344,14.60014597],[120.99413287,14.60006913],[120.99424586,14.59998325],[120.99437242,14.59996066],[120.99452609,14.59996518],[120.99466168,14.60001037],[120.99475207,14.60005105],[120.99486055,14.60008721],[120.99500066,14.60013241],[120.99512721,14.60017308],[120.99524021,14.60018212],[120.99539388,14.60019568],[120.99551591,14.60015952],[120.99561986,14.60008269],[120.99571478,14.59999229],[120.99577353,14.59988834],[120.99583249,14.5997655],[120.99590238,14.59965834],[120.99598158,14.59956517],[120.99600021,14.59947665],[120.99607941,14.59936017],[120.99616327,14.59927631],[120.9962285,14.59915518],[120.99627975,14.59895019],[120.99622421,14.59873826],[120.99612243,14.59871868],[120.99604805,14.59866388],[120.99598541,14.59860516],[120.99591103,14.59852686],[120.99579359,14.59844465],[120.99567762,14.59836373],[120.99551061,14.59821449],[120.99543954,14.59813631],[120.99539688,14.59803134],[120.99541112,14.59793021],[120.99542533,14.59782716],[120.99545376,14.59774188],[120.99554615,14.59769569],[120.99568473,14.59771701],[120.99579489,14.59775254],[120.99588372,14.5978627],[120.99599743,14.59794443],[120.99609709,14.59801713],[120.99618221,14.59808301],[120.99625328,14.59809367],[120.99629947,14.59801549],[120.99631013,14.597916],[120.99634892,14.59785232],[120.9962945,14.59781049],[120.99606306,14.59764692],[120.99589423,14.59759065],[120.99575577,14.59757243],[120.99572539,14.59756814],[120.99555656,14.59753437],[120.99532019,14.59741056],[120.99516261,14.59729801],[120.99501477,14.59707685],[120.99476867,14.59666774],[120.99306906,14.59828843],[120.99195474,14.5993689],[120.99152606,14.59977426],[120.99138916,14.59990843],[120.99148175,14.60025177],[120.99154327,14.60040279],[120.99162157,14.6005482],[120.99177818,14.60067125],[120.99191241,14.600716],[120.99206902,14.60070481],[120.99223122,14.60062651],[120.99239341,14.6005538],[120.99255561,14.60050905],[120.99271781,14.60051465],[120.99285204,14.60054261],[120.99300306,14.60057617],[120.99318763,14.60064888],[120.99332186,14.60072159],[120.99348965,14.60074396],[120.99359592,14.60068803],[120.99370219,14.60059854]]]]}},{"type":"Feature","properties":{"psgc_code":"1303901639","adm4_en":"Barangay 639","district":"San Miguel"},"geometry":{"type":"MultiPolygon","coordinates":[[[[120.99640353,14.5976409],[120.99634614,14.59755988],[120.99630225,14.59749574],[120.99622461,14.59744172],[120.99613346,14.59737758],[120.9960423,14.59733707],[120.99599842,14.59727292],[120.99596466,14.59719528],[120.99600855,14.59712438],[120.99607944,14.59707712],[120.99616046,14.59706699],[120.99624824,14.59707712],[120.99633601,14.59710413],[120.99645079,14.59715814],[120.99655545,14.59721216],[120.99665335,14.5972628],[120.99676476,14.59728305],[120.99686266,14.59724929],[120.99690992,14.59717502],[120.9969268,14.59709062],[120.99688291,14.59700622],[120.99682552,14.59695221],[120.99677151,14.59690157],[120.99677488,14.59679354],[120.99682215,14.59665175],[120.99691667,14.59656735],[120.99697069,14.59652009],[120.99696394,14.59644582],[120.99728281,14.59612873],[120.99639512,14.5954079],[120.99616956,14.59570413],[120.99605219,14.59584482],[120.99579434,14.59617845],[120.99564698,14.59634958],[120.9954616,14.59655397],[120.99533325,14.59670608],[120.9951954,14.59685819],[120.99501477,14.59707685],[120.99516261,14.59729801],[120.99532019,14.59741056],[120.99555656,14.59753437],[120.99572539,14.59756814],[120.99575577,14.59757243],[120.99589423,14.59759065],[120.99606306,14.59764692],[120.9962945,14.59781049],[120.99634892,14.59785232],[120.99641028,14.59773543],[120.99640353,14.5976409]]]]}},{"type":"Feature","properties":{"psgc_code":"1303901640","adm4_en":"Barangay 640","district":"San Miguel"},"geometry":{"type":"MultiPolygon","coordinates":[[[[120.99921662,14.59993194],[120.99932526,14.59978708],[120.9994339,14.59964222],[120.99951841,14.5994189],[120.99953261,14.59937345],[120.99957876,14.59922575],[120.9996693,14.59905071],[120.99972362,14.59886964],[120.99968741,14.59868857],[120.99962705,14.59851956],[120.99945805,14.59838678],[120.99929508,14.59830228],[120.99925887,14.59806688],[120.99925887,14.59784356],[120.99927094,14.59765041],[120.99925887,14.59738484],[120.99912004,14.59715548],[120.99910473,14.59657077],[120.9988903,14.5965953],[120.99866058,14.59660005],[120.99843599,14.59658011],[120.99823691,14.59656019],[120.99802663,14.59652544],[120.99783778,14.59648083],[120.99766429,14.59640165],[120.99751141,14.59631264],[120.99728281,14.59612873],[120.99696394,14.59644582],[120.99697069,14.59652009],[120.99691667,14.59656735],[120.99682215,14.59665175],[120.99677488,14.59679354],[120.99677151,14.59690157],[120.99682552,14.59695221],[120.99688291,14.59700622],[120.9969268,14.59709062],[120.99690992,14.59717502],[120.99686266,14.59724929],[120.99676476,14.59728305],[120.99665335,14.5972628],[120.99655545,14.59721216],[120.99645079,14.59715814],[120.99633601,14.59710413],[120.99624824,14.59707712],[120.99616046,14.59706699],[120.99607944,14.59707712],[120.99600855,14.59712438],[120.99596466,14.59719528],[120.99599842,14.59727292],[120.9960423,14.59733707],[120.99613346,14.59737758],[120.99622461,14.59744172],[120.99630225,14.59749574],[120.99634614,14.59755988],[120.99640353,14.5976409],[120.99641028,14.59773543],[120.99634892,14.59785232],[120.99631013,14.597916],[120.99629947,14.59801549],[120.99625328,14.59809367],[120.99618221,14.59808301],[120.99609709,14.59801713],[120.99599743,14.59794443],[120.99588372,14.5978627],[120.99579489,14.59775254],[120.99568473,14.59771701],[120.99554615,14.59769569],[120.99545376,14.59774188],[120.99542533,14.59782716],[120.99541112,14.59793021],[120.99539688,14.59803134],[120.99543954,14.59813631],[120.99551061,14.59821449],[120.99567762,14.59836373],[120.99579359,14.59844465],[120.99591103,14.59852686],[120.99598541,14.59860516],[120.99604805,14.59866388],[120.99612243,14.59871868],[120.99622421,14.59873826],[120.9964082,14.59868345],[120.99657653,14.59864039],[120.99671355,14.59865213],[120.99684664,14.59865996],[120.99692494,14.5986952],[120.99708153,14.5986952],[120.9972068,14.59861299],[120.99726943,14.59867562],[120.99803722,14.59939815],[120.99858352,14.59990157],[120.99889613,14.60020667],[120.99894697,14.60025629],[120.99910797,14.6000949],[120.99921662,14.59993194]]]]}},{"type":"Feature","properties":{"psgc_code":"1303901641","adm4_en":"Barangay 641","district":"San Miguel"},"geometry":{"type":"MultiPolygon","coordinates":[[[[120.99195474,14.5993689],[120.99306906,14.59828843],[120.99476867,14.59666774],[120.99343422,14.59658784],[120.9922474,14.59654392],[120.99127942,14.59651015],[120.99097661,14.5964927],[120.99081232,14.596488],[120.99068548,14.59671068],[120.99063676,14.59696399],[120.99059292,14.59716372],[120.99059779,14.59730987],[120.99061241,14.5977142],[120.99065625,14.59784086],[120.99068061,14.59794803],[120.99073419,14.59803085],[120.99082069,14.59817663],[120.99095828,14.59839134],[120.99101674,14.5984839],[120.99109955,14.59865927],[120.99113853,14.59880054],[120.99116776,14.59901976],[120.99120186,14.59919026],[120.99125057,14.59937051],[120.99128954,14.59955562],[120.99138916,14.59990843],[120.99152606,14.59977426],[120.99195474,14.5993689]]]]}},{"type":"Feature","properties":{"psgc_code":"1303901642","adm4_en":"Barangay 642","district":"San Miguel"},"geometry":{"type":"MultiPolygon","coordinates":[[[[120.99391686,14.59505169],[120.99200617,14.59523528],[120.99099543,14.59533108],[120.99099196,14.59547005],[120.99098849,14.5956403],[120.99098501,14.59578274],[120.99096764,14.59590435],[120.99097459,14.59610238],[120.99095027,14.59619966],[120.99089815,14.59630042],[120.99081232,14.596488],[120.99097661,14.5964927],[120.99127942,14.59651015],[120.9922474,14.59654392],[120.99343422,14.59658784],[120.99476867,14.59666774],[120.9942837,14.59572603],[120.99391686,14.59505169]]]]}},{"type":"Feature","properties":{"psgc_code":"1303901643","adm4_en":"Barangay 643","district":"San Miguel"},"geometry":{"type":"MultiPolygon","coordinates":[[[[120.99533325,14.59670608],[120.9954616,14.59655397],[120.99564698,14.59634958],[120.99579434,14.59617845],[120.99605219,14.59584482],[120.99616956,14.59570413],[120.99639512,14.5954079],[120.99621256,14.59526302],[120.99602905,14.59510024],[120.9958835,14.59491594],[120.99569432,14.59464885],[120.99546418,14.59425856],[120.99512969,14.59365534],[120.99486463,14.59321745],[120.99464541,14.5929023],[120.99444653,14.59266911],[120.99415102,14.59234098],[120.9938188,14.59202398],[120.99354439,14.59228426],[120.99285362,14.59297501],[120.99094679,14.59516779],[120.99099543,14.59533108],[120.99200617,14.59523528],[120.99391686,14.59505169],[120.9942837,14.59572603],[120.99476867,14.59666774],[120.99501477,14.59707685],[120.9951954,14.59685819],[120.99533325,14.59670608]]]]}},{"type":"Feature","properties":{"psgc_code":"1303901644","adm4_en":"Barangay 644","district":"San Miguel"},"geometry":{"type":"MultiPolygon","coordinates":[[[[120.99354439,14.59228426],[120.9938188,14.59202398],[120.99356421,14.59185144],[120.99323466,14.59166023],[120.99302067,14.5919865],[120.99265262,14.59262248],[120.99244023,14.59271806],[120.99193304,14.59323698],[120.99178867,14.59339449],[120.99163888,14.59357424],[120.99151531,14.59370905],[120.99141536,14.59382586],[120.99128788,14.59396122],[120.99079045,14.5945841],[120.99094679,14.59516779],[120.99285362,14.59297501],[120.99354439,14.59228426]]]]}},{"type":"Feature","properties":{"psgc_code":"1303901645","adm4_en":"Barangay 645","district":"San Miguel"},"geometry":{"type":"MultiPolygon","coordinates":[[[[120.99141536,14.59382586],[120.99151531,14.59370905],[120.99163888,14.59357424],[120.99178867,14.59339449],[120.99193304,14.59323698],[120.99244023,14.59271806],[120.99265262,14.59262248],[120.99302067,14.5919865],[120.99323466,14.59166023],[120.99290473,14.59150681],[120.99249684,14.59137326],[120.99210853,14.59130379],[120.99166514,14.59124443],[120.99083041,14.59119041],[120.99041796,14.59122837],[120.98997581,14.59126625],[120.9896274,14.59129326],[120.98963527,14.59150924],[120.9896359,14.5915785],[120.98965824,14.5921371],[120.98969175,14.59256163],[120.98974762,14.592975],[120.98976552,14.5932847],[120.99000525,14.59329165],[120.99012338,14.59330554],[120.99022761,14.59334724],[120.99032141,14.59340283],[120.9904187,14.59349663],[120.99048471,14.59360781],[120.9905264,14.59374331],[120.99057157,14.59385796],[120.99060631,14.59396914],[120.99067232,14.59415328],[120.99079045,14.5945841],[120.99128788,14.59396122],[120.99141536,14.59382586]]]]}},{"type":"Feature","properties":{"psgc_code":"1303901646","adm4_en":"Barangay 646","district":"San Miguel"},"geometry":{"type":"MultiPolygon","coordinates":[[[[120.98840358,14.59405947],[120.98850781,14.59397262],[120.98860162,14.59390313],[120.98873364,14.59377805],[120.98883787,14.59368077],[120.98894558,14.59357307],[120.9890776,14.59346536],[120.98919573,14.59338545],[120.98931038,14.59332639],[120.98944588,14.59328817],[120.98958833,14.59327775],[120.98976552,14.5932847],[120.98974762,14.592975],[120.98969175,14.59256163],[120.98965824,14.5921371],[120.9896359,14.5915785],[120.98963527,14.59150924],[120.9896274,14.59129326],[120.98962728,14.59128979],[120.98937711,14.59131266],[120.98887484,14.59133399],[120.98801337,14.59132669],[120.98742347,14.59135217],[120.98693542,14.59136588],[120.98674436,14.59137902],[120.98657998,14.59138999],[120.98675999,14.59170806],[120.98707943,14.59228975],[120.98715202,14.59244218],[120.98731171,14.59271073],[120.9881124,14.5940733],[120.98816128,14.59416086],[120.98822033,14.59426167],[120.98830978,14.59416718],[120.98840358,14.59405947]]]]}},{"type":"Feature","properties":{"psgc_code":"1303901647","adm4_en":"Barangay 647","district":"San Miguel"},"geometry":{"type":"MultiPolygon","coordinates":[[[[120.98483835,14.59539296],[120.98500307,14.59533227],[120.98518079,14.59529326],[120.98538452,14.59524558],[120.98552756,14.59522391],[120.98569228,14.59523258],[120.98578354,14.59527063],[120.98588599,14.59530322],[120.98601039,14.59532273],[120.98614943,14.59531054],[120.9862909,14.59527883],[120.98642262,14.5952398],[120.9865397,14.59519833],[120.98666898,14.59516662],[120.98681046,14.59513004],[120.98670188,14.59494213],[120.98666542,14.59487899],[120.98605143,14.59381619],[120.98575961,14.59331762],[120.98653178,14.59283964],[120.98715202,14.59244218],[120.98707943,14.59228975],[120.98675999,14.59170806],[120.98657998,14.59138999],[120.98630405,14.591419],[120.98616663,14.59144519],[120.98602728,14.59147914],[120.98590033,14.59151614],[120.98577165,14.5915598],[120.9856639,14.59161116],[120.98544645,14.59174109],[120.98510411,14.59196761],[120.98488762,14.59212767],[120.98473869,14.5922479],[120.98457961,14.59239041],[120.98430276,14.59267355],[120.98394917,14.59304775],[120.98366686,14.593375],[120.98346025,14.59361931],[120.98325838,14.59393157],[120.9831237,14.59414562],[120.9829129,14.59445671],[120.98342699,14.59497084],[120.98354983,14.59499062],[120.98375035,14.59506352],[120.98416648,14.59535395],[120.9843572,14.59546665],[120.98450025,14.59550133],[120.98465196,14.59546665],[120.98483835,14.59539296]]]]}},{"type":"Feature","properties":{"psgc_code":"1303901648","adm4_en":"Barangay 648","district":"San Miguel"},"geometry":{"type":"MultiPolygon","coordinates":[[[[120.98707877,14.59504222],[120.98721537,14.59498124],[120.9873105,14.59491538],[120.98744222,14.59483489],[120.98754711,14.59476903],[120.98766663,14.5946861],[120.98779103,14.5945617],[120.9878886,14.5944934],[120.98822033,14.59426167],[120.98816128,14.59416086],[120.9881124,14.5940733],[120.98731171,14.59271073],[120.98715202,14.59244218],[120.98653178,14.59283964],[120.98575961,14.59331762],[120.98605143,14.59381619],[120.98666542,14.59487899],[120.98670188,14.59494213],[120.98681046,14.59513004],[120.98695681,14.59508857],[120.98707877,14.59504222]]]]}},{"type":"Feature","properties":{"psgc_code":"1303901649","adm4_en":"Barangay 649","district":"Port Area"},"geometry":{"type":"MultiPolygon","coordinates":[[[[120.96778619,14.59520618],[120.96817542,14.59465994],[120.96840076,14.59435951],[120.96873536,14.59390886],[120.96920074,14.59320394],[120.96975113,14.59236301],[120.97001655,14.59195095],[120.97011257,14.59180188],[120.96951811,14.5912027],[120.96945926,14.59114701],[120.96938645,14.59107812],[120.96927226,14.59097008],[120.96863356,14.59036574],[120.96776295,14.58955197],[120.96764241,14.58943275],[120.96601734,14.5878245],[120.96634223,14.58751167],[120.96671073,14.58716453],[120.96635771,14.58678539],[120.96636137,14.5867817],[120.96593042,14.58637734],[120.96515228,14.5856353],[120.96395013,14.5844763],[120.96228154,14.58288244],[120.96201749,14.58317097],[120.96194519,14.58323245],[120.96242081,14.5836729],[120.96314219,14.58437216],[120.96364045,14.58486119],[120.96331954,14.58518807],[120.96410528,14.58594456],[120.96555458,14.58733127],[120.96573571,14.58751307],[120.96567479,14.58756833],[120.96547115,14.58778758],[120.9654472,14.58785017],[120.96539691,14.58789654],[120.96536338,14.58790349],[120.96535619,14.58791045],[120.96534662,14.58792899],[120.96534422,14.58793827],[120.96533704,14.58794986],[120.96533225,14.58795449],[120.96532267,14.58798927],[120.96531788,14.58799854],[120.9653083,14.58800549],[120.96530351,14.58801477],[120.96528436,14.58804258],[120.96527717,14.58804954],[120.96526759,14.58805418],[120.96524604,14.58807504],[120.96523646,14.588082],[120.96523406,14.58809127],[120.96523407,14.58815154],[120.96517884,14.58824308],[120.96515253,14.58826555],[120.96514171,14.58827154],[120.9651015,14.5883],[120.96508912,14.58831198],[120.96505202,14.58833892],[120.96503655,14.58835688],[120.96497475,14.58840624],[120.96493604,14.58845115],[120.96492824,14.58845571],[120.96489092,14.58848881],[120.96487544,14.58849932],[120.96485535,14.58850983],[120.96482292,14.58853674],[120.96481521,14.58854569],[120.96478594,14.58856511],[120.96478286,14.58856512],[120.9647767,14.5885696],[120.96476286,14.58857558],[120.96471831,14.58857572],[120.96471064,14.58857426],[120.96465245,14.58852303],[120.96465057,14.58852303],[120.9638715,14.58779239],[120.96262135,14.58658311],[120.96225162,14.58622761],[120.9619548,14.58656067],[120.96218883,14.58702225],[120.96230587,14.58725942],[120.96263236,14.58789586],[120.96356125,14.58880385],[120.96403257,14.58925373],[120.96399954,14.58928143],[120.96399362,14.58929403],[120.96396261,14.58933032],[120.96394784,14.58934145],[120.96392419,14.58935531],[120.96390791,14.58936786],[120.96389753,14.58938188],[120.96388566,14.58939448],[120.96386333,14.58943529],[120.963841,14.58946765],[120.96382763,14.58947463],[120.96382465,14.58947886],[120.96382019,14.58948166],[120.96381422,14.58949011],[120.96380973,14.58950142],[120.9638097,14.58950992],[120.96382446,14.58953412],[120.96383185,14.58954126],[120.96384366,14.58955834],[120.96386725,14.58959817],[120.96386872,14.58960384],[120.96389967,14.58965361],[120.96390113,14.5896607],[120.96390997,14.58967491],[120.96391143,14.58968201],[120.96392028,14.58969338],[120.96392176,14.58969339],[120.96392909,14.58971751],[120.96393499,14.58972462],[120.96395409,14.58977005],[120.96396733,14.58979702],[120.96397464,14.5898254],[120.96397759,14.58983108],[120.96398945,14.58987364],[120.96399242,14.58987932],[120.96399693,14.58990909],[120.96401325,14.58994449],[120.96402223,14.59000252],[120.96405926,14.59010556],[120.96406517,14.59011823],[120.96408285,14.59014353],[120.96408875,14.59015478],[120.96409316,14.59015899],[120.96410494,14.59018146],[120.96410936,14.59019411],[120.96413692,14.59022398],[120.9641465,14.59022861],[120.96417524,14.59025642],[120.96421836,14.59030741],[120.96423513,14.59033522],[120.96424471,14.59035608],[120.96424471,14.59036535],[120.96424711,14.59037462],[120.9642519,14.59038389],[120.96425908,14.59040475],[120.96426388,14.59043951],[120.96426867,14.5904511],[120.96426867,14.59047196],[120.96427826,14.59049282],[120.96428305,14.59049977],[120.96429263,14.59050904],[120.96430221,14.59051368],[120.96431179,14.59051599],[120.96432616,14.59051599],[120.96433574,14.59052294],[120.96434772,14.59053916],[120.96435251,14.59054843],[120.96438604,14.59057624],[120.96440041,14.59058551],[120.96442676,14.59060869],[120.96445311,14.59062723],[120.9644603,14.5906365],[120.96449383,14.59066894],[120.96449862,14.59067589],[120.9645082,14.59068516],[120.96452736,14.59069675],[120.96453455,14.59070602],[120.96454413,14.59071297],[120.96455371,14.59071529],[120.96457048,14.59072456],[120.96461769,14.59072147],[120.96463652,14.59072693],[120.9646497,14.59073605],[120.96467982,14.59076702],[120.96468547,14.5907816],[120.96471908,14.59081818],[120.96472496,14.59083227],[120.96473229,14.59084072],[120.96474845,14.59086609],[120.96475436,14.59088443],[120.96476762,14.59091547],[120.96478676,14.59095218],[120.96480005,14.59098609],[120.96480299,14.59099033],[120.96480301,14.5909974],[120.96481343,14.5910469],[120.96482229,14.5910653],[120.96483268,14.59110353],[120.96483574,14.59114178],[120.96484021,14.59116162],[120.96484026,14.59117438],[120.96484773,14.59121267],[120.96484922,14.59124242],[120.96485216,14.59126083],[120.96485216,14.59132031],[120.96485951,14.59137131],[120.96485952,14.59141096],[120.96486246,14.59143788],[120.96486539,14.59144355],[120.9648654,14.5915002],[120.96485366,14.59154232],[120.96489774,14.59174626],[120.96491538,14.59178451],[120.96494702,14.59201228],[120.9641483,14.59239732],[120.96412038,14.5924157],[120.96403981,14.59244687],[120.96387873,14.592522],[120.96371767,14.59261125],[120.96366352,14.59263245],[120.96363426,14.5926395],[120.96357447,14.59268023],[120.96335285,14.59273261],[120.96333263,14.59274526],[120.96332353,14.59274767],[120.96331276,14.59274366],[120.96329124,14.59274046],[120.96328048,14.59274046],[120.96325067,14.59275087],[120.96324405,14.59275007],[120.96323577,14.59274606],[120.96321598,14.59274606],[120.96320522,14.59274046],[120.96319445,14.59273805],[120.96318949,14.59273164],[120.96319032,14.59272283],[120.96318866,14.59271642],[120.96318369,14.59271642],[120.96316548,14.59272283],[120.96315803,14.59273244],[120.96315803,14.59273885],[120.96316051,14.59274686],[120.96315389,14.59276048],[120.96314892,14.59276129],[120.96314313,14.59274526],[120.96313568,14.59273405],[120.96313071,14.59273084],[120.96312491,14.59273004],[120.96310753,14.59273084],[120.96306199,14.59274927],[120.96304875,14.59275087],[120.96304295,14.59274927],[120.96303633,14.59275007],[120.96302888,14.59275407],[120.96299825,14.5927725],[120.96298914,14.59279814],[120.9629792,14.59280054],[120.96297507,14.59280695],[120.96297755,14.59282137],[120.96298831,14.59282538],[120.96299162,14.59283179],[120.96299359,14.59284188],[120.96299276,14.59284589],[120.96298283,14.59285229],[120.96298614,14.59286511],[120.96299442,14.59287393],[120.96300518,14.59290838],[120.96300683,14.59291639],[120.96300683,14.59293081],[120.9630176,14.59295084],[120.96302422,14.59297487],[120.96303415,14.59299811],[120.96304078,14.59300211],[120.96305816,14.59299731],[120.963083,14.59298529],[120.96308631,14.59298769],[120.96308714,14.59300532],[120.96307969,14.59301268],[120.96307555,14.59302469],[120.9630772,14.59304552],[120.96308051,14.59305834],[120.96308051,14.59308799],[120.96308465,14.59315048],[120.96308796,14.59318172],[120.96309045,14.59319214],[120.96309376,14.59319775],[120.96309376,14.59320255],[120.96309045,14.59321217],[120.96309127,14.59325062],[120.96310286,14.59335638],[120.96312274,14.59338582],[120.9631271,14.59339708],[120.96313001,14.59342947],[120.96313292,14.59344355],[120.96313293,14.59349566],[120.96313584,14.59350692],[120.96313584,14.59351819],[120.96313875,14.59352804],[120.96314456,14.59354071],[120.96315328,14.59355055],[120.96316055,14.59355335],[120.96317217,14.59356177],[120.96317798,14.5935702],[120.96318525,14.59359131],[120.9631867,14.59360256],[120.9631867,14.59361101],[120.96318235,14.59362088],[120.96316492,14.59364768],[120.96316346,14.59365332],[120.96315329,14.59366461],[120.96313876,14.5936886],[120.96313586,14.59369705],[120.9631315,14.59371538],[120.9631315,14.59374073],[120.96313441,14.59376185],[120.9631286,14.59377595],[120.96311552,14.59379572],[120.96310825,14.59380138],[120.96309952,14.59380423],[120.96308062,14.59380713],[120.96306752,14.59381422],[120.96305734,14.59382272],[120.96303696,14.59381857],[120.96301367,14.59380598],[120.96301513,14.59379188],[120.96302531,14.59377211],[120.96302677,14.59374955],[120.96303113,14.59372135],[120.96302676,14.59371572],[120.96302094,14.59371292],[120.96300638,14.59371015],[120.9629991,14.59371018],[120.9629853,14.59372113],[120.96296851,14.59370182],[120.96289985,14.59301607],[120.96280941,14.59302229],[120.96277589,14.59302218],[120.96274676,14.5930263],[120.96273803,14.59302908],[120.96271036,14.59302899],[120.96269581,14.59303175],[120.96265069,14.59303446],[120.96264631,14.59303587],[120.96258801,14.59303587],[120.96256177,14.59303305],[120.96252679,14.59303306],[120.96250638,14.59303024],[120.96250055,14.59302742],[120.96249035,14.59302742],[120.9624714,14.59302178],[120.96246557,14.5930119],[120.96246119,14.59299639],[120.96245099,14.59297805],[120.96244953,14.59297241],[120.96244516,14.59296818],[120.96243203,14.59293009],[120.96243201,14.59279892],[120.96242906,14.59278905],[120.96243027,14.59272285],[120.96242867,14.59268055],[120.96243728,14.59264953],[120.96244018,14.59264812],[120.9624445,14.59263683],[120.96245318,14.59262273],[120.96246183,14.59260155],[120.96246764,14.59258178],[120.96247659,14.59251255],[120.96247517,14.59250266],[120.9624753,14.59246172],[120.96247974,14.59243491],[120.96248709,14.59241092],[120.96250611,14.5923686],[120.96251197,14.59235309],[120.96251345,14.59234463],[120.96252076,14.59233053],[120.96254128,14.59227133],[120.96254566,14.59226428],[120.96259831,14.59213326],[120.96259837,14.59210496],[120.96260422,14.59208942],[120.96261009,14.59206256],[120.96261593,14.59204985],[120.9626218,14.59202442],[120.96263347,14.59200043],[120.96265094,14.59197929],[120.96266553,14.59195107],[120.96266993,14.59192848],[120.96266267,14.59192281],[120.96265396,14.59191997],[120.96263657,14.5919044],[120.96261203,14.59187465],[120.96260484,14.5918605],[120.96259619,14.59184918],[120.96259189,14.59183928],[120.96258612,14.59183363],[120.96256591,14.59181948],[120.96255579,14.59181523],[120.96255291,14.59181099],[120.96252549,14.59179543],[120.96250965,14.59178131],[120.96249675,14.59176158],[120.96248964,14.59174327],[120.96248538,14.5917306],[120.96248261,14.5917109],[120.96248269,14.59169825],[120.96248427,14.59167718],[120.96248866,14.59166875],[120.96249312,14.5916477],[120.96249513,14.59155657],[120.96248951,14.59153278],[120.96247959,14.59150621],[120.96247964,14.59149782],[120.96246971,14.59147407],[120.96246543,14.59146849],[120.96247128,14.59145452],[120.96248578,14.59143776],[120.96249591,14.59142938],[120.96251611,14.59142239],[120.96252475,14.59142238],[120.9625505,14.59145447],[120.96255334,14.59146285],[120.96255469,14.59147961],[120.96255444,14.59152577],[120.96255867,14.59154397],[120.96255832,14.59161124],[120.96256111,14.59162949],[120.9625682,14.59165617],[120.96257678,14.59167304],[120.96260699,14.59170963],[120.96261419,14.59171667],[120.96263873,14.591735],[120.9626662,14.59175053],[120.96267487,14.59175759],[120.96271242,14.59180562],[120.96271964,14.59181692],[120.96273557,14.59183108],[120.96274137,14.5918325],[120.96276462,14.59183255],[120.96277189,14.59182832],[120.96278792,14.59180998],[120.96279668,14.59178881],[120.96279961,14.59177328],[120.96279674,14.59175635],[120.96278807,14.59173941],[120.96277215,14.59171825],[120.96276346,14.5917126],[120.96274753,14.59170555],[120.96273449,14.59170131],[120.96268529,14.59168015],[120.96266651,14.59166889],[120.96265352,14.59165763],[120.96264632,14.59164919],[120.9626406,14.59163374],[120.96264067,14.59161689],[120.96266393,14.59158742],[120.96267553,14.59157901],[120.96269581,14.59156779],[120.96270886,14.59155797],[120.96271322,14.59155236],[120.96272631,14.59152853],[120.96273653,14.59149351],[120.96273803,14.59147531],[120.96274096,14.59146272],[120.96274108,14.59141938],[120.96273679,14.59140262],[120.9627253,14.59138309],[120.96271523,14.59137473],[120.96270661,14.59136096],[120.9626836,14.59134396],[120.96267356,14.59132984],[120.96266642,14.59131433],[120.96266653,14.5912862],[120.96267666,14.59127077],[120.96269399,14.59125677],[120.96274306,14.59122461],[120.9627546,14.59121902],[120.96278627,14.59118986],[120.96281797,14.59117462],[120.96283094,14.59116351],[120.96284966,14.59112731],[120.96285398,14.59111058],[120.96285829,14.59107851],[120.96286115,14.59103943],[120.9628669,14.59100173],[120.96286683,14.59090668],[120.96286971,14.59089129],[120.96287114,14.5908661],[120.96287109,14.59078208],[120.96285802,14.59072742],[120.96284207,14.59069096],[120.96284206,14.59067693],[120.96283771,14.59066431],[120.96283625,14.59065449],[120.96283045,14.59064467],[120.96282321,14.59063906],[120.96281017,14.59063346],[120.96279859,14.59063207],[120.96277544,14.5906307],[120.96275231,14.59063914],[120.96273063,14.59064337],[120.96271617,14.59064339],[120.96269738,14.5906392],[120.9626887,14.5906336],[120.96268724,14.59062659],[120.96267999,14.59061538],[120.96267128,14.59059716],[120.96266982,14.59059014],[120.96266979,14.5905705],[120.96267699,14.59055786],[120.96271309,14.59053392],[120.96271886,14.59052829],[120.96272316,14.59051982],[120.96273754,14.59050004],[120.96274187,14.59049721],[120.96275051,14.59048589],[120.96275774,14.59048305],[120.96278514,14.5904434],[120.96280301,14.5904054],[120.96282279,14.59037897],[120.96282295,14.59036633],[120.96282751,14.59035368],[120.96282797,14.59031708],[120.96282098,14.59029028],[120.96281827,14.59027193],[120.96281841,14.59026063],[120.96281133,14.59023942],[120.96279833,14.59022103],[120.9627852,14.59021255],[120.96276907,14.59020973],[120.96274704,14.59020975],[120.96273826,14.59020693],[120.9627236,14.59020553],[120.96270166,14.59019847],[120.96267975,14.59018859],[120.96265926,14.59018437],[120.96264461,14.59018439],[120.96262994,14.59018724],[120.96261823,14.59018725],[120.96261236,14.59018868],[120.96260354,14.59019435],[120.96257426,14.59020145],[120.96255964,14.59020852],[120.96254066,14.59021276],[120.96252315,14.59021418],[120.96250855,14.59022125],[120.96250417,14.59022689],[120.9624954,14.59023395],[120.96247937,14.59023959],[120.96245942,14.59025773],[120.96223974,14.59035338],[120.96189486,14.59051876],[120.96195041,14.59117989],[120.96194374,14.59119468],[120.9619467,14.59123468],[120.96194374,14.59129124],[120.96194728,14.59130152],[120.96195142,14.59130552],[120.96195201,14.59131116],[120.96194965,14.59132201],[120.96194846,14.59136086],[120.9619526,14.59136943],[120.96195732,14.59137286],[120.96195909,14.59138029],[120.96196794,14.59148449],[120.96197385,14.59150734],[120.96197621,14.59153476],[120.96202185,14.59173429],[120.96206121,14.59221598],[120.96203809,14.5922738],[120.96202794,14.59228367],[120.96201922,14.5922865],[120.96199743,14.59230061],[120.96198726,14.59230485],[120.96197272,14.59231049],[120.96196545,14.59231049],[120.96195381,14.59231332],[120.96187516,14.59231315],[120.96185187,14.59231169],[120.96184023,14.59230885],[120.96182131,14.5923088],[120.96178785,14.59230309],[120.96177331,14.59229743],[120.96176749,14.5922932],[120.96176458,14.59228757],[120.96176313,14.59227913],[120.9617544,14.59226786],[120.96173841,14.59225798],[120.96172388,14.59225233],[120.96163385,14.59224512],[120.96160773,14.59223102],[120.96158595,14.59202873],[120.96154452,14.59156326],[120.96147309,14.59091493],[120.96141928,14.59033163],[120.96141333,14.59029544],[120.96135892,14.58976202],[120.96135017,14.58962563],[120.96134443,14.58958494],[120.96133452,14.58941569],[120.96131567,14.58928401],[120.96129228,14.58898285],[120.96128198,14.58890606],[120.96124237,14.5888193],[120.96115025,14.58865629],[120.96106145,14.58845727],[120.96105243,14.58838907],[120.96095291,14.58823613],[120.96075608,14.58792722],[120.96063376,14.5876869],[120.96051164,14.58744141],[120.96032672,14.58704718],[120.96018946,14.58678582],[120.96016887,14.5867561],[120.96014673,14.5867328],[120.96014062,14.58671623],[120.9601137,14.58667835],[120.96010392,14.58664993],[120.9600819,14.58661205],[120.96007089,14.58658482],[120.96006111,14.58656707],[120.9600501,14.58653629],[120.96003787,14.58651616],[120.96003297,14.58651379],[120.96002319,14.5864913],[120.96002441,14.58649012],[120.96001373,14.58647902],[120.96000517,14.58645416],[120.95999171,14.58642812],[120.95999049,14.58641746],[120.95997704,14.58639852],[120.95997581,14.58638905],[120.95996848,14.58636656],[120.95996481,14.58635946],[120.95995869,14.58635354],[120.95995135,14.58635235],[120.95994768,14.5863488],[120.95993667,14.58632394],[120.95993178,14.58630737],[120.95991588,14.5862754],[120.95989019,14.58623278],[120.95985839,14.58617122],[120.95983637,14.58613452],[120.95983882,14.5861215],[120.95983148,14.5861144],[120.9598168,14.58611558],[120.95981558,14.58611085],[120.95982292,14.58610138],[120.95979845,14.58606231],[120.95979111,14.58605757],[120.95978377,14.58605521],[120.95978255,14.58605047],[120.95979968,14.58602916],[120.95979845,14.58602088],[120.95979112,14.58600785],[120.95977644,14.58599128],[120.9597691,14.58598891],[120.9597642,14.58598418],[120.95975442,14.58596879],[120.95974744,14.58594927],[120.95974133,14.58594572],[120.95974133,14.58594098],[120.95975111,14.58593388],[120.95975111,14.58592796],[120.9597401,14.58590547],[120.95973399,14.58589837],[120.95972787,14.58587824],[120.95971686,14.58586522],[120.95970952,14.58586285],[120.95970585,14.58586522],[120.95970096,14.58585812],[120.95969362,14.58583917],[120.95967405,14.58580721],[120.95964837,14.58575867],[120.95962757,14.58571369],[120.95959944,14.5856687],[120.95951825,14.58546016],[120.95938409,14.58519112],[120.95936251,14.58514246],[120.95934526,14.58511744],[120.95933233,14.58508687],[120.95932802,14.58506464],[120.95931796,14.58504796],[120.9592964,14.58502018],[120.95929065,14.58500908],[120.95927197,14.58498132],[120.95926335,14.58495774],[120.95926191,14.58494942],[120.95924612,14.58491476],[120.95924037,14.58488151],[120.9592375,14.58487597],[120.95921314,14.58485384],[120.95920884,14.58484831],[120.95920741,14.58484139],[120.95918306,14.58481928],[120.9591802,14.58481375],[120.9591802,14.58480683],[120.95918593,14.58478996],[120.9591845,14.5847733],[120.95916876,14.58474275],[120.95916161,14.58473441],[120.95914731,14.58471221],[120.9591416,14.58470666],[120.95912446,14.58467752],[120.95912593,14.58463871],[120.95911597,14.58460686],[120.95910884,14.58459718],[120.95909029,14.58458611],[120.95907744,14.58458058],[120.95905179,14.58455569],[120.95904468,14.58454602],[120.95903899,14.58453497],[120.95903332,14.58451839],[120.95903334,14.58451149],[120.95902911,14.58449079],[120.95902627,14.58448389],[120.95901633,14.58446872],[120.95900784,14.58444391],[120.95900501,14.5844384],[120.95899649,14.58442876],[120.95898231,14.58440536],[120.95896812,14.58438884],[120.95896671,14.58438334],[120.95896387,14.58438197],[120.95894816,14.58435655],[120.95894095,14.5843146],[120.95894127,14.58428596],[120.95893865,14.58426548],[120.9589373,14.58425865],[120.95893311,14.58425045],[120.9589218,14.58424089],[120.95890337,14.58422995],[120.95889489,14.58422174],[120.95888788,14.58420942],[120.95887403,14.58416558],[120.9588571,14.58414225],[120.95883019,14.58411341],[120.95882173,14.58409966],[120.95881474,14.5840804],[120.9588006,14.58405837],[120.95879929,14.58404321],[120.95879646,14.58403908],[120.95879511,14.58402942],[120.95877405,14.58399641],[120.95874753,14.58394542],[120.95874617,14.58393711],[120.9587392,14.58391912],[120.95873923,14.58391357],[120.95872953,14.58387748],[120.95871974,14.58385107],[120.95870568,14.58382182],[120.95868157,14.58379251],[120.9586716,14.58378413],[120.95865171,14.58375189],[120.95863601,14.58373222],[120.95862454,14.58372377],[120.95861567,14.58372068],[120.95861078,14.58370293],[120.95858999,14.58366149],[120.95858718,14.583618],[120.95858427,14.58361097],[120.9585828,14.58359823],[120.95857988,14.58358694],[120.95856972,14.58356733],[120.95856389,14.5835476],[120.95855664,14.583535],[120.95855662,14.58352506],[120.95855223,14.58350246],[120.95852758,14.58347465],[120.9585145,14.58345081],[120.95850577,14.58342972],[120.95849414,14.58341293],[120.95847816,14.58340047],[120.95846361,14.58338655],[120.95844323,14.58337273],[120.95766238,14.58184606],[120.95755615,14.58163063],[120.95747791,14.5814807],[120.95743143,14.58138516],[120.95734968,14.58124123],[120.95692322,14.58040705],[120.95691528,14.58040135],[120.95672974,14.58004454],[120.95620299,14.57900745],[120.95601347,14.57865199],[120.9559915,14.57860236],[120.95596831,14.57856219],[120.95595122,14.57854093],[120.95594633,14.57852793],[120.95594267,14.57850903],[120.95592925,14.57849131],[120.95592803,14.57847949],[120.95591826,14.57845941],[120.95590727,14.57844405],[120.95589385,14.57841451],[120.95587066,14.57837788],[120.95583892,14.57829991],[120.95583282,14.57828927],[120.95582427,14.578281],[120.95582427,14.57827628],[120.95582061,14.57826553],[120.95578643,14.57820055],[120.95578521,14.57818873],[120.95579133,14.57815137],[120.95579428,14.57789242],[120.95578534,14.57749136],[120.95578383,14.57727717],[120.95577787,14.57708167],[120.95577935,14.57692991],[120.95577191,14.57682498],[120.95576294,14.57646922],[120.95575699,14.57634702],[120.95575877,14.5759947],[120.9557558,14.57564275],[120.95575597,14.57526916],[120.95574824,14.57486697],[120.95573827,14.57448598],[120.95573432,14.57419486],[120.95573114,14.57417064],[120.95572855,14.57386374],[120.9557211,14.57359368],[120.95571207,14.57302865],[120.95570747,14.57252669],[120.95570301,14.57251518],[120.95567922,14.57248784],[120.9556703,14.57249072],[120.95566435,14.57249503],[120.95565543,14.5725051],[120.95565247,14.57254826],[120.95566586,14.57255546],[120.95567795,14.57321845],[120.95568099,14.57373899],[120.95569081,14.57414007],[120.95571798,14.57576006],[120.95571629,14.57579881],[120.95571325,14.57582609],[120.95574818,14.5773323],[120.95575716,14.57813589],[120.95575448,14.57822662],[120.95578414,14.57825655],[120.95581545,14.57831557],[120.95585421,14.57839898],[120.95590778,14.57849953],[120.95597132,14.57864976],[120.95602038,14.57874869],[120.9560755,14.57884596],[120.95612123,14.5789505],[120.95619074,14.5790758],[120.95698002,14.58062059],[120.95704377,14.58073701],[120.9576907,14.58196898],[120.95806391,14.58268997],[120.95813425,14.5828337],[120.95833346,14.58322063],[120.95834375,14.58324613],[120.9583541,14.58326459],[120.95835403,14.58327162],[120.95836723,14.58330701],[120.95837012,14.58331973],[120.95839822,14.58336515],[120.95841145,14.58339488],[120.9584218,14.58341048],[120.95842767,14.58342463],[120.95843338,14.58345851],[120.95843921,14.58347829],[120.95844217,14.58348254],[120.95844213,14.58348819],[120.95844506,14.58349526],[120.95844791,14.58351362],[120.95845085,14.58352069],[120.9584507,14.58354046],[120.95845489,14.58358003],[120.95847113,14.58360693],[120.95848001,14.58361825],[120.95849484,14.58363099],[120.95850221,14.5836423],[120.95850661,14.5836536],[120.95850656,14.58366067],[120.95853223,14.58370251],[120.95853536,14.58371826],[120.95854744,14.58373986],[120.95855643,14.58374999],[120.95856835,14.58375732],[120.95857428,14.58375885],[120.95858323,14.58376753],[120.95859221,14.58378046],[120.95859671,14.58378905],[120.95859978,14.58380327],[120.95861923,14.58383894],[120.95863121,14.58386595],[120.95863865,14.58387874],[120.95864911,14.58390423],[120.95865064,14.58391269],[120.9586486,14.58393995],[120.95866262,14.58394937],[120.95867017,14.58398312],[120.95867761,14.58400279],[120.95868795,14.58402247],[120.95872604,14.58406322],[120.95872749,14.58406323],[120.9587392,14.5840814],[120.95874214,14.58408976],[120.95875378,14.58409817],[120.95876392,14.58410099],[120.95877552,14.58410799],[120.95879429,14.58412468],[120.95879861,14.58413161],[120.95880582,14.58414824],[120.95880449,14.58417178],[120.95880026,14.58418423],[120.95879741,14.584187],[120.95879029,14.58418976],[120.95878746,14.58419668],[120.95879035,14.58420359],[120.95879037,14.58420911],[120.95880335,14.58423949],[120.95881767,14.58425329],[120.95883052,14.5842588],[120.95883913,14.58427396],[120.95884058,14.58428085],[120.95887213,14.58434826],[120.95888208,14.58436205],[120.95889488,14.58437171],[120.95892477,14.58438552],[120.95892761,14.58438829],[120.95894183,14.58441731],[120.95894183,14.58442423],[120.95894894,14.58443667],[120.95895036,14.58444498],[120.95895036,14.58444913],[120.9589418,14.58445882],[120.95893324,14.58447405],[120.95893323,14.58447959],[120.9589375,14.58449067],[120.95896031,14.58451285],[120.95897172,14.58451839],[120.95898028,14.58453642],[120.95899598,14.58455168],[120.95900455,14.58456279],[120.95900274,14.58459563],[120.95900706,14.58460938],[120.95901281,14.58462176],[120.95901711,14.58462726],[120.95904004,14.58463958],[120.95904292,14.58464508],[120.95904293,14.58465198],[120.95904152,14.58466025],[120.95903866,14.58466578],[120.95901581,14.5846948],[120.95899866,14.5847114],[120.9589944,14.58472521],[120.95897443,14.58476803],[120.95897158,14.5847777],[120.95896301,14.58479014],[120.95894874,14.58482055],[120.95893305,14.58486201],[120.95892876,14.58486893],[120.95891596,14.58492976],[120.95891598,14.58494912],[120.95889884,14.58498649],[120.95887453,14.58502387],[120.95886309,14.58505157],[120.95884447,14.58508342],[120.95882732,14.58511943],[120.95881302,14.58514021],[120.95880015,14.58515545],[120.95878155,14.58517347],[120.95877154,14.58518736],[120.95876295,14.5851957],[120.95873285,14.58524856],[120.95870844,14.58527925],[120.95870269,14.58528346],[120.95868686,14.5853072],[120.95866236,14.58533521],[120.95863349,14.58535911],[120.95862337,14.58537594],[120.95860456,14.58539564],[120.95859586,14.58541248],[120.95858136,14.58542519],[120.95856104,14.58545197],[120.95854942,14.58546188],[120.95850486,14.5855086],[120.95850199,14.58550997],[120.95846746,14.58555307],[120.9584545,14.58557397],[120.95843721,14.58559346],[120.95841558,14.58561293],[120.95840548,14.58561847],[120.95839104,14.58562959],[120.95838093,14.58563935],[120.95835925,14.58565465],[120.95834044,14.58567139],[120.95833031,14.58568537],[120.95831583,14.58570075],[120.95831148,14.58570775],[120.95831003,14.58570774],[120.95827959,14.58575113],[120.95827669,14.58575253],[120.95825055,14.58578194],[120.95822874,14.58579874],[120.95821856,14.58580856],[120.95820254,14.58581837],[120.95818361,14.58584088],[120.95817341,14.58585778],[120.95816175,14.58587045],[120.95815008,14.5858789],[120.95812236,14.58589439],[120.95810923,14.58590426],[120.95810923,14.58590567],[120.958058,14.58595365],[120.95798069,14.58600877],[120.95793729,14.58605788],[120.95792425,14.58606909],[120.95790975,14.58608738],[120.95784143,14.58614074],[120.9578225,14.58616192],[120.95781666,14.58616472],[120.9577641,14.58620706],[120.95773922,14.58622401],[120.95770845,14.58625806],[120.95770258,14.58626659],[120.95769231,14.58627653],[120.95766734,14.58629213],[120.95764822,14.58630777],[120.95764086,14.58631203],[120.95657524,14.58727457],[120.95655148,14.58728463],[120.95654851,14.58728463],[120.95653366,14.58729326],[120.95651436,14.58730763],[120.95648615,14.58731481],[120.95647576,14.58733493],[120.95647427,14.58734212],[120.95646833,14.58735505],[120.95646536,14.58736799],[120.95646537,14.58744128],[120.95646834,14.58745565],[120.95648319,14.58749301],[120.95648616,14.5875045],[120.95648765,14.58752175],[120.95649062,14.5875275],[120.95649656,14.58756486],[120.95649805,14.5875821],[120.95649805,14.58763959],[120.95649509,14.58765108],[120.95649212,14.58768414],[120.95648915,14.58769994],[120.95647876,14.58772725],[120.95647133,14.58774162],[120.95646094,14.58775455],[120.95644758,14.58778042],[120.95644016,14.58780198],[120.9564357,14.58782066],[120.95643125,14.58782785],[120.95641492,14.58788102],[120.95640156,14.58791407],[120.95638522,14.58794569],[120.95638226,14.58795431],[120.95636147,14.5879888],[120.95634811,14.58801754],[120.95634365,14.58802185],[120.95633326,14.58804054],[120.95631396,14.5880664],[120.95629994,14.58809885],[120.95629251,14.58810748],[120.95628064,14.58813047],[120.95624797,14.58817502],[120.95624055,14.58818077],[120.95621531,14.58821382],[120.95618858,14.58825838],[120.95618264,14.58826125],[120.95616334,14.58829143],[120.95615591,14.58829574],[120.95613513,14.58832592],[120.95612622,14.58835466],[120.95612177,14.58837478],[120.95610098,14.58842077],[120.95609801,14.58843226],[120.95609059,14.58844951],[120.95608317,14.58846388],[120.9560698,14.588484],[120.95604456,14.58850412],[120.95602526,14.58853574],[120.95599408,14.58856017],[120.95597329,14.58857454],[120.95596587,14.58857742],[120.95594805,14.58859179],[120.9559332,14.58861334],[120.95592726,14.58862772],[120.95589163,14.58868376],[120.95586787,14.58870819],[120.95585005,14.58872975],[120.95583966,14.58873837],[120.95583224,14.58873838],[120.95581293,14.58874987],[120.9557966,14.58877143],[120.95578918,14.58879442],[120.95578918,14.58882891],[120.95578621,14.58885191],[120.95578176,14.5888634],[120.95577433,14.58887059],[120.95576839,14.58887059],[120.955758,14.58886628],[120.95574315,14.5888634],[120.95572385,14.58886341],[120.955709,14.5888749],[120.95570454,14.58888353],[120.9556986,14.58888927],[120.95567039,14.58893957],[120.95565555,14.58896113],[120.95563327,14.58897981],[120.95562139,14.58898556],[120.95556942,14.58903155],[120.95551497,14.58912362],[120.95550458,14.58914374],[120.9554927,14.58917535],[120.95548676,14.58918254],[120.95547934,14.58918829],[120.9554437,14.58920697],[120.95542588,14.5892199],[120.95542143,14.58922565],[120.95541549,14.58922996],[120.95540361,14.58924577],[120.95539916,14.58925439],[120.95539619,14.58926589],[120.95538282,14.58929032],[120.95536055,14.58931619],[120.9553561,14.58932625],[120.95534273,14.5893435],[120.9553264,14.58935212],[120.95532195,14.58935212],[120.95530561,14.58935787],[120.95529076,14.58936074],[120.95527888,14.58937224],[120.95527443,14.58937943],[120.95526849,14.58940242],[120.95525662,14.58942829],[120.95524325,14.58944122],[120.9552284,14.58945128],[120.95519722,14.58948146],[120.95518237,14.58948865],[120.95517495,14.5894944],[120.95515119,14.58950159],[120.95512149,14.58951596],[120.9551111,14.58952314],[120.95510516,14.58953033],[120.9550918,14.58954039],[120.95508437,14.58955476],[120.95507546,14.58956051],[120.95506358,14.58957775],[120.95505765,14.5895835],[120.95504577,14.58961081],[120.95503241,14.58963524],[120.95501756,14.58964817],[120.95499974,14.58966829],[120.9549938,14.58967117],[120.95495668,14.58969991],[120.95494628,14.58970997],[120.95492253,14.58974159],[120.95488838,14.58977037],[120.95487702,14.58979358],[120.95487197,14.58979969],[120.95485682,14.58982657],[120.95484672,14.58983634],[120.95478866,14.58988155],[120.95473438,14.58991576],[120.95472428,14.58992431],[120.95470156,14.5899353],[120.95467253,14.58995852],[120.95466621,14.58996707],[120.95465233,14.58999272],[120.95464728,14.58999883],[120.95463213,14.59000983],[120.95462456,14.59001105],[120.95459805,14.59002694],[120.95457028,14.59005381],[120.9545564,14.59007336],[120.95448823,14.5901149],[120.95446677,14.59013323],[120.95443522,14.590154],[120.95443017,14.59015522],[120.95439608,14.59017843],[120.95434938,14.59021875],[120.95432413,14.59024807],[120.95432161,14.59025296],[120.95431404,14.59026029],[120.9542951,14.59027251],[120.95428248,14.5902835],[120.95425218,14.59030427],[120.95424587,14.59030672],[120.95423199,14.59031649],[120.95418149,14.59032993],[120.95414867,14.59032994],[120.95413605,14.59032749],[120.95410575,14.59032627],[120.95408176,14.59031528],[120.95406283,14.5903104],[120.9540502,14.59030551],[120.9540401,14.5902994],[120.95402369,14.59029452],[120.95401107,14.59029207],[120.95397446,14.59029208],[120.953953,14.59028597],[120.95391765,14.59028597],[120.95391134,14.59028841],[120.95390629,14.59028841],[120.95388609,14.59029697],[120.95388105,14.59030063],[120.95386514,14.59033107],[120.95386052,14.59036179],[120.95386052,14.59036961],[120.95387264,14.59039307],[120.95387669,14.59040871],[120.95387669,14.59045172],[120.95386539,14.59051608],[120.95386655,14.5905564],[120.95386799,14.59056751],[120.95387086,14.59057585],[120.95387086,14.59058974],[120.95387804,14.5906078],[120.95388235,14.59061475],[120.95388379,14.59062725],[120.95388953,14.59063698],[120.9538924,14.59064671],[120.95391394,14.59068283],[120.95392399,14.59070367],[120.95392399,14.59070784],[120.95393261,14.59073146],[120.9539441,14.59075785],[120.95394984,14.5907648],[120.95395702,14.59078008],[120.95396994,14.59079814],[120.95397281,14.59080648],[120.95399435,14.59083983],[120.9540044,14.59084955],[120.95402307,14.59087873],[120.95402307,14.59090235],[120.95402163,14.59090929],[120.95401733,14.59091485],[120.95398287,14.5909482],[120.95394842,14.59099127],[120.95393837,14.59099822],[120.9539355,14.59100378],[120.95392258,14.59101767],[120.95389674,14.59103712],[120.95387951,14.59105936],[120.95385941,14.59109409],[120.95386803,14.5911191],[120.9539584,14.59122329],[120.9541769,14.59143659],[120.95433436,14.59159537],[120.95436366,14.59162798],[120.95439694,14.59167073],[120.95440353,14.5916764],[120.95441086,14.59167924],[120.95442404,14.59169342],[120.95443063,14.59169838],[120.95444162,14.59171823],[120.95444894,14.59172602],[120.95445773,14.59173098],[120.95446505,14.59173098],[120.95446945,14.59173453],[120.95447677,14.59174233],[120.9544797,14.59174871],[120.95447677,14.59176076],[120.95448629,14.59177706],[120.95449288,14.59178486],[120.95451852,14.59180825],[120.95455368,14.59182739],[120.95456539,14.59183731],[120.95459322,14.59188055],[120.95459762,14.5918848],[120.95460861,14.59189048],[120.95461959,14.59191032],[120.95462545,14.59191528],[120.9546401,14.59192308],[120.95464449,14.59192734],[120.95465109,14.59193655],[120.95465694,14.59195214],[120.95468236,14.59198306],[120.9547036,14.59201354],[120.95471166,14.59201708],[120.95473143,14.59202984],[120.95474169,14.59203977],[120.95475267,14.59205465],[120.95476146,14.59206174],[120.95476659,14.59207663],[120.95477098,14.59208442],[120.95478783,14.59210569],[120.95480687,14.59211561],[120.95482152,14.59212837],[120.95485887,14.59217303],[120.95490209,14.59221202],[120.9549353,14.59225137],[120.95494628,14.59225987],[120.95499243,14.59230595],[120.95500488,14.59231446],[120.95502319,14.59232296],[120.95503051,14.59232863],[120.9550415,14.59233856],[120.95507079,14.59237116],[120.95507812,14.59237471],[120.9550957,14.59237613],[120.95510009,14.59237825],[120.95512792,14.59240661],[120.95513525,14.59240873],[120.9553162,14.59253473],[120.9556429,14.59276753],[120.95584186,14.59292362],[120.95603884,14.59300558],[120.9563547,14.59314449],[120.95651689,14.59320561],[120.95676384,14.59331953],[120.95692321,14.5933737],[120.95711847,14.59345983],[120.95771109,14.59368921],[120.957783,14.593715],[120.9578284,14.59374018],[120.95787973,14.59376076],[120.95790108,14.59376761],[120.9579352,14.59378679],[120.95794656,14.59379638],[120.95796076,14.59380459],[120.95798771,14.59381689],[120.9580118,14.59382505],[120.95802454,14.59383325],[120.95803445,14.59383733],[120.9580401,14.5938428],[120.95805707,14.59385371],[120.9580825,14.59386184],[120.95810085,14.59386452],[120.9581419,14.59387958],[120.95816171,14.59389054],[120.9581702,14.59390286],[120.95817445,14.59392204],[120.95817737,14.59395317],[120.95818444,14.59397096],[120.95820281,14.59398327],[120.95822828,14.59399148],[120.9582396,14.59399832],[120.95824526,14.59400379],[120.9582495,14.59401612],[120.95824807,14.5940257],[120.95824804,14.5940531],[120.95824945,14.59405996],[120.9582537,14.59406407],[120.95826079,14.59406407],[120.95827496,14.59405859],[120.95828914,14.59403392],[120.9582934,14.59403118],[120.95831464,14.59403118],[120.95833164,14.59402706],[120.95833872,14.59402022],[120.95834721,14.59399968],[120.95835287,14.59399421],[120.95836137,14.59399694],[120.95836845,14.59400242],[120.95840248,14.5940435],[120.9584493,14.59407777],[120.95847485,14.59409149],[120.95848623,14.59410933],[120.9584891,14.59412306],[120.95848912,14.59413405],[120.95849341,14.59414641],[120.95850053,14.59415466],[120.95852328,14.59417391],[120.95852472,14.59417803],[120.95853469,14.59418904],[120.95854183,14.5942028],[120.95854325,14.5942028],[120.95854895,14.59421106],[120.95855892,14.59421932],[120.95857315,14.5942262],[120.95858882,14.59423722],[120.95859737,14.59424549],[120.95861023,14.59426203],[120.95863016,14.59427168],[120.95867153,14.59431307],[120.95867575,14.59431998],[120.9586757,14.59432965],[120.95866848,14.59434899],[120.95866845,14.59435452],[120.95867407,14.59436696],[120.95867972,14.59437388],[120.95868533,14.59438909],[120.95868671,14.59439878],[120.95868642,14.59445141],[120.95869065,14.59445973],[120.95870204,14.59446111],[120.95870918,14.59445973],[120.95871347,14.59445695],[120.95871778,14.59445002],[120.95872358,14.59442785],[120.95872362,14.59441954],[120.95873229,14.59439462],[120.9587394,14.59439601],[120.95875784,14.59441262],[120.95876207,14.59442231],[120.95876061,14.59442924],[120.958762,14.59443755],[120.95876483,14.59444309],[120.95877335,14.59444863],[120.95879469,14.59445695],[120.95882317,14.59446526],[120.95884167,14.59447358],[120.95888154,14.59448606],[120.95892431,14.59448606],[120.9589457,14.5944819],[120.95896567,14.59447219],[120.95898563,14.59446802],[120.95900701,14.59446663],[120.95911248,14.59446663],[120.95911818,14.59446524],[120.95912531,14.59446108],[120.95914096,14.5944389],[120.95914238,14.59443059],[120.95914092,14.59439736],[120.95914801,14.59436969],[120.95914941,14.59434895],[120.95915367,14.59434342],[120.95917359,14.59432964],[120.95918355,14.59432],[120.95922198,14.59430351],[120.95923195,14.59430491],[120.9593346,14.59430506],[120.95938313,14.59431065],[120.95940028,14.59431896],[120.95943091,14.5943296],[120.9594655,14.59433183],[120.95949317,14.59434076],[120.9595439,14.594372],[120.95959694,14.5944211],[120.95960962,14.5944356],[120.95961769,14.59445234],[120.95964285,14.59447481],[120.95967514,14.59452948],[120.95969023,14.59457501],[120.95968878,14.59458054],[120.95968014,14.59459437],[120.95967436,14.59460821],[120.95967433,14.59461374],[120.95965849,14.59463865],[120.95965988,14.59464696],[120.95966987,14.59466494],[120.95966987,14.594676],[120.95965415,14.59469121],[120.95964272,14.59470781],[120.95961986,14.59474929],[120.95961129,14.59477418],[120.95961111,14.59482266],[120.95961246,14.5948393],[120.95961388,14.59484207],[120.95963251,14.59485173],[120.95964681,14.59486555],[120.95965683,14.59487246],[120.9596754,14.59489321],[120.95969975,14.59490701],[120.95971409,14.59491113],[120.95976277,14.59491107],[120.9597742,14.59490692],[120.95977991,14.59490277],[120.95978277,14.59489862],[120.95979134,14.59487235],[120.95979991,14.59485299],[120.9598042,14.59483777],[120.95980563,14.59482948],[120.95980562,14.59479629],[120.95980276,14.59478661],[120.95980276,14.59476725],[120.95980419,14.59475896],[120.95980848,14.59475342],[120.95981562,14.59475481],[120.95982277,14.59476172],[120.95983134,14.59478246],[120.95983706,14.5948032],[120.95984849,14.59482118],[120.95986135,14.59482532],[120.95986992,14.59482532],[120.95987421,14.59482394],[120.95987564,14.59481841],[120.95987278,14.59478937],[120.9598642,14.59477416],[120.95985563,14.5947631],[120.9598542,14.59475757],[120.95986277,14.5947548],[120.95986849,14.5947548],[120.95988992,14.59475757],[120.95990421,14.5947631],[120.95992422,14.59476586],[120.95993279,14.59476862],[120.9599528,14.59477001],[120.95996994,14.59477553],[120.96000138,14.59479074],[120.96002853,14.59479074],[120.96003424,14.59479351],[120.96004282,14.5947935],[120.96007854,14.59480042],[120.96008568,14.59480041],[120.96010855,14.59480871],[120.96011998,14.59483083],[120.96012999,14.59486955],[120.96013285,14.59487508],[120.96015142,14.59487923],[120.96020286,14.5948806],[120.9602343,14.59488752],[120.96024144,14.59488752],[120.96026002,14.59490549],[120.96028288,14.59491378],[120.96034004,14.59491378],[120.96034575,14.59490963],[120.96034575,14.59490133],[120.96034289,14.59488612],[120.96033003,14.59488336],[120.96033146,14.5948723],[120.9603486,14.59483773],[120.9603486,14.59482113],[120.96034146,14.59480316],[120.96034288,14.59479763],[120.96034717,14.59479209],[120.96036146,14.59478241],[120.96038289,14.59477965],[120.96039718,14.5947755],[120.96040718,14.5947755],[120.96042147,14.59477964],[120.96045005,14.59478102],[120.96047148,14.59478517],[120.96048577,14.59479346],[120.96049435,14.59480038],[120.9604972,14.59480453],[120.96050578,14.59483218],[120.96050864,14.59485154],[120.96050864,14.59487919],[120.9605115,14.59489855],[120.96053595,14.59491958],[120.96053881,14.59491405],[120.9605431,14.59491128],[120.96056167,14.59491128],[120.96057311,14.59491681],[120.96059597,14.59494032],[120.96061026,14.59496521],[120.96060883,14.59497903],[120.96060026,14.59499286],[120.96059883,14.59500946],[120.96060312,14.59501637],[120.96061455,14.59502881],[120.96062884,14.59503434],[120.96065313,14.59503434],[120.96067457,14.59503434],[120.96069314,14.59502881],[120.96071886,14.5950288],[120.96073887,14.59503572],[120.96074887,14.59504263],[120.96076745,14.59505092],[120.96080603,14.59506198],[120.96082746,14.59507443],[120.96084604,14.59507995],[120.96085601,14.59508689],[120.96086456,14.5950883],[120.96088592,14.59508835],[120.96091015,14.59507734],[120.96092583,14.59506769],[120.96095007,14.59506359],[120.9609843,14.59506367],[120.96099572,14.59506646],[120.96103997,14.59506656],[120.96107425,14.59505971],[120.96114571,14.59505987],[120.96117861,14.59503915],[120.96191768,14.59505789],[120.96266701,14.595074],[120.96279674,14.59494069],[120.96274244,14.59440254],[120.96274244,14.59439164],[120.96275089,14.59436165],[120.96275089,14.59435347],[120.96275933,14.59434393],[120.96277483,14.59433303],[120.96280299,14.59430577],[120.96283961,14.59428395],[120.96286636,14.59427305],[120.96288749,14.59427168],[120.96290017,14.59427441],[120.96291146,14.59428668],[120.96292984,14.5942976],[120.96294964,14.59429761],[120.96296801,14.59429354],[120.96297649,14.59429354],[120.96299203,14.59428947],[120.96299203,14.59428811],[120.96300333,14.59428131],[120.9630104,14.59427995],[120.96301463,14.59427996],[120.96302876,14.59429359],[120.96303582,14.59429632],[120.96305981,14.59429089],[120.96306828,14.59428545],[120.96307534,14.59427457],[120.96307251,14.59425823],[120.96307674,14.5942487],[120.96309226,14.59424464],[120.96313457,14.59424469],[120.96318531,14.59424066],[120.96323651,14.59489163],[120.96324513,14.59497671],[120.96327673,14.59500947],[120.96339276,14.59510938],[120.9651592,14.59518989],[120.96597909,14.59521424],[120.96731099,14.59529137],[120.96752886,14.59531897],[120.9673584,14.59556309],[120.96712217,14.59591664],[120.96730944,14.59591879],[120.96772945,14.59529426],[120.96778619,14.59520618]]]]}},{"type":"Feature","properties":{"psgc_code":"1303901650","adm4_en":"Barangay 650","district":"Port Area"},"geometry":{"type":"MultiPolygon","coordinates":[[[[120.97058306,14.59105353],[120.97054256,14.59100844],[120.97051226,14.59095775],[120.97048493,14.59089588],[120.9704765,14.59082988],[120.97047524,14.59078219],[120.97048414,14.59073034],[120.97050173,14.59067575],[120.97052364,14.59062121],[120.97055983,14.59056242],[120.97061051,14.59050644],[120.97065106,14.5904813],[120.97069303,14.59046172],[120.97075381,14.59043932],[120.9708088,14.59042666],[120.97086237,14.59041679],[120.97092902,14.59041803],[120.97040228,14.58981321],[120.9702097,14.58962056],[120.96976542,14.58917691],[120.96895431,14.58837837],[120.96812416,14.5876008],[120.96718565,14.58669954],[120.96676618,14.58710439],[120.96671073,14.58716453],[120.96634223,14.58751167],[120.96601734,14.5878245],[120.96764241,14.58943275],[120.96776295,14.58955197],[120.96863356,14.59036574],[120.96927226,14.59097008],[120.96938645,14.59107812],[120.96945926,14.59114701],[120.96951811,14.5912027],[120.97011257,14.59180188],[120.97064539,14.59110092],[120.97058306,14.59105353]]]]}},{"type":"Feature","properties":{"psgc_code":"1303901651","adm4_en":"Barangay 651","district":"Port Area"},"geometry":{"type":"MultiPolygon","coordinates":[[[[120.97166295,14.58943371],[120.97251559,14.58811263],[120.97264939,14.58788925],[120.97201257,14.58731099],[120.97102226,14.58636789],[120.97016401,14.58563895],[120.96919213,14.58466707],[120.9689207,14.58492711],[120.96882911,14.58502019],[120.96835092,14.58550642],[120.96798394,14.58588217],[120.96718565,14.58669954],[120.96812416,14.5876008],[120.96895431,14.58837837],[120.96976542,14.58917691],[120.9702097,14.58962056],[120.97040228,14.58981321],[120.97092902,14.59041803],[120.97098421,14.59043496],[120.97104991,14.59046326],[120.97128249,14.59004239],[120.97166295,14.58943371]]]]}},{"type":"Feature","properties":{"psgc_code":"1303901652","adm4_en":"Barangay 652","district":"Port Area"},"geometry":{"type":"MultiPolygon","coordinates":[[[[120.9736538,14.58620493],[120.97296,14.58583569],[120.97227061,14.58515387],[120.97136909,14.58440386],[120.97041406,14.58338821],[120.97006671,14.58373574],[120.97003212,14.58376432],[120.96962346,14.58421438],[120.9693571,14.58450908],[120.96919213,14.58466707],[120.97016401,14.58563895],[120.97102226,14.58636789],[120.97201257,14.58731099],[120.97264939,14.58788925],[120.97369112,14.58621598],[120.9736538,14.58620493]]]]}},{"type":"Feature","properties":{"psgc_code":"1303901653","adm4_en":"Barangay 653","district":"Port Area"},"geometry":{"type":"MultiPolygon","coordinates":[[[[120.96718565,14.58669954],[120.96798394,14.58588217],[120.96835092,14.58550642],[120.96882911,14.58502019],[120.9689207,14.58492711],[120.96919213,14.58466707],[120.9693571,14.58450908],[120.96962346,14.58421438],[120.97003212,14.58376432],[120.97006671,14.58373574],[120.97041406,14.58338821],[120.97136909,14.58440386],[120.97227061,14.58515387],[120.97296,14.58583569],[120.9736538,14.58620493],[120.97369112,14.58621598],[120.97387437,14.58590696],[120.97439552,14.58498526],[120.97450023,14.5847621],[120.97509959,14.58361776],[120.97550495,14.58288093],[120.97369458,14.58191962],[120.97353739,14.58177815],[120.97351862,14.58170311],[120.97350595,14.5816524],[120.97350595,14.58157381],[120.97372787,14.58118475],[120.97252433,14.58084088],[120.97248906,14.58090364],[120.9724379,14.58087892],[120.97216481,14.58143567],[120.97232341,14.58161022],[120.97235645,14.5816342],[120.97237145,14.58163429],[120.97237457,14.58164246],[120.9723766,14.58166082],[120.97238602,14.58167309],[120.97239862,14.58168231],[120.9724028,14.58168947],[120.97241425,14.58172213],[120.97243519,14.58175178],[120.97247497,14.58177639],[120.9724948,14.58179717],[120.97252794,14.58183886],[120.97254131,14.58185025],[120.97254966,14.58185518],[120.97256467,14.58186977],[120.97261628,14.58189447],[120.97263122,14.58191059],[120.9726478,14.58192195],[120.97266105,14.5819269],[120.97266933,14.58192702],[120.97270238,14.58194175],[120.97271228,14.58194347],[120.97275672,14.58196463],[120.97280265,14.58197784],[120.97287773,14.58201023],[120.97289886,14.58201675],[120.97291348,14.58202476],[120.97294588,14.58203452],[120.97298149,14.58205203],[120.97299281,14.58205523],[120.97302353,14.58205692],[120.97306223,14.5820728],[120.97307835,14.582076],[120.97309123,14.58208076],[120.97310089,14.5820808],[120.97311698,14.58208399],[120.97314595,14.58208409],[120.9731685,14.58207631],[120.97320233,14.58205916],[120.97322005,14.58205919],[120.97323615,14.58206234],[120.97326021,14.58207806],[120.97327136,14.58209375],[120.97329057,14.58210787],[120.97332583,14.58212355],[120.97334341,14.58213608],[120.97336246,14.58216111],[120.97337522,14.58217049],[120.97337996,14.5821783],[120.97316772,14.58254044],[120.97203094,14.58146707],[120.97207897,14.5814336],[120.97195666,14.58130407],[120.97185371,14.58141245],[120.97306382,14.58259326],[120.97305284,14.58259956],[120.97304806,14.58260736],[120.97304304,14.58263225],[120.97304293,14.58264001],[120.97304593,14.58264774],[120.97305357,14.58265696],[120.97306742,14.5826661],[120.97307351,14.58267377],[120.9730765,14.58268147],[120.97307636,14.58269075],[120.97307317,14.58269698],[120.9730637,14.58270792],[120.97306049,14.5827157],[120.97305576,14.5827204],[120.97306022,14.58273425],[120.97305709,14.58273584],[120.97304753,14.58275297],[120.97303966,14.58276081],[120.97302539,14.58278112],[120.97300464,14.58282007],[120.97295849,14.5828935],[120.97295044,14.58291372],[120.97294568,14.58291999],[120.97293278,14.58295266],[120.97292327,14.58296367],[120.97291687,14.58297615],[120.97288885,14.58301751],[120.97287635,14.5830288],[120.97285911,14.58303711],[120.97285597,14.58303719],[120.97284656,14.58304372],[120.97282799,14.58306268],[120.97281711,14.58308204],[120.97279851,14.58310436],[120.97278766,14.58311626],[120.97277992,14.5831222],[120.97277371,14.58313262],[120.97275821,14.58314898],[120.97274583,14.58315938],[120.97272728,14.58316677],[120.97269025,14.58317109],[120.97262704,14.58316337],[120.9725978,14.58314833],[120.97257318,14.5831333],[120.97256086,14.58313027],[120.97254698,14.58313021],[120.97252844,14.58313611],[120.9725161,14.58313755],[120.97250685,14.58313602],[120.97247144,14.58311945],[120.97244838,14.58310294],[120.97242068,14.5830879],[120.97241453,14.5830819],[120.97238532,14.58306089],[120.97236381,14.58304139],[120.97234689,14.58302938],[120.97233596,14.58301331],[120.9723147,14.58301954],[120.9723098,14.58301481],[120.97229346,14.58300848],[120.97224935,14.58297691],[120.97222811,14.58296582],[120.9722036,14.58294999],[120.9721595,14.58291835],[120.97214479,14.58290097],[120.97213661,14.58287256],[120.97213007,14.58285834],[120.97211863,14.58284412],[120.97210882,14.58283463],[120.97204675,14.58279034],[120.97204185,14.58278402],[120.97203531,14.58277927],[120.97203529,14.58276191],[120.97203691,14.58275401],[120.97205155,14.58271611],[120.97205969,14.58270032],[120.97207111,14.58269084],[120.97207928,14.58268769],[120.97208417,14.58268137],[120.97208742,14.5826703],[120.97208742,14.58266239],[120.97207925,14.58266239],[120.97206782,14.58267029],[120.97204499,14.58269082],[120.9720401,14.58269872],[120.97202054,14.58271609],[120.97200913,14.58272871],[120.97200425,14.58273187],[120.97199608,14.58272712],[120.97199279,14.5827129],[120.97199278,14.582705],[120.97200416,14.58267973],[120.9720041,14.58264179],[120.97200736,14.58263547],[120.97201059,14.58261807],[120.97200894,14.582607],[120.97200076,14.58259276],[120.97197459,14.58256586],[120.97195988,14.58255479],[120.97195824,14.58255162],[120.97192719,14.58253106],[120.97191575,14.58252157],[120.97190428,14.58250099],[120.97187856,14.58247069],[120.97187857,14.5824677],[120.97186012,14.5824527],[120.97182934,14.58243765],[120.97181704,14.58242864],[120.97180321,14.58241664],[120.97179401,14.58240466],[120.9717725,14.58238368],[120.97172177,14.58234615],[120.97171718,14.58233718],[120.9717203,14.58232973],[120.97174661,14.58230894],[120.97176057,14.58229108],[120.97177746,14.58230906],[120.9718297,14.58235406],[120.97189572,14.58242448],[120.9719664,14.58248896],[120.97198942,14.58251443],[120.97200328,14.58251896],[120.972011,14.58251899],[120.97201409,14.58251602],[120.9720157,14.5825011],[120.97202036,14.58249365],[120.97205289,14.58246095],[120.97206213,14.5824646],[120.97207142,14.58245717],[120.971586,14.58199693],[120.97152249,14.58206086],[120.9716223,14.58216277],[120.97159441,14.58219251],[120.97164661,14.58224945],[120.97163576,14.58226135],[120.97162652,14.58225683],[120.97161428,14.58223439],[120.9716174,14.58222545],[120.97160972,14.58221795],[120.97158359,14.58219844],[120.97157588,14.58219692],[120.97156969,14.58220137],[120.97156508,14.58219687],[120.97156203,14.58219089],[120.97154973,14.58218039],[120.97154054,14.58216692],[120.97152824,14.58215642],[120.97152208,14.58215341],[120.97151441,14.58214591],[120.97150367,14.58213094],[120.9714791,14.58210696],[120.97139767,14.58203199],[120.97125076,14.58188856],[120.97071467,14.58137736],[120.96979808,14.58049496],[120.96931493,14.58003226],[120.96887359,14.57959458],[120.96847606,14.57997479],[120.96819348,14.58026226],[120.9685423,14.58059839],[120.9690114,14.58105694],[120.96934649,14.58137103],[120.96945857,14.58148942],[120.969471,14.58150712],[120.97050728,14.58249352],[120.97073,14.58270938],[120.97073339,14.5827812],[120.97023335,14.58326112],[120.97008651,14.58313171],[120.96998661,14.58303399],[120.9699459,14.5830734],[120.97017996,14.58330626],[120.970067,14.58342095],[120.96996091,14.58334248],[120.96992653,14.58337552],[120.97001149,14.58346639],[120.96995926,14.58351644],[120.96989426,14.58355863],[120.96986041,14.58354621],[120.96980415,14.58351012],[120.96977316,14.58354135],[120.96981922,14.58359079],[120.96979599,14.5836116],[120.96978514,14.58362499],[120.96978052,14.58362348],[120.96971905,14.58357098],[120.96968571,14.58359463],[120.96966558,14.58361246],[120.96964396,14.58361834],[120.96963625,14.58361682],[120.96963318,14.58361382],[120.96961931,14.58361078],[120.96960072,14.58363011],[120.96954235,14.58357315],[120.96946962,14.58362808],[120.96942049,14.58357414],[120.96941902,14.58355921],[120.96940675,14.58354274],[120.96815972,14.58234226],[120.96795545,14.58214289],[120.96720434,14.58142802],[120.96711522,14.58134707],[120.96680587,14.58105025],[120.96626685,14.58157876],[120.96672334,14.58200933],[120.9671905,14.5824667],[120.96719191,14.58246662],[120.9677041,14.58295863],[120.96770143,14.5829599],[120.96788588,14.58313342],[120.96823186,14.58346606],[120.96901625,14.58422548],[120.96904223,14.58426029],[120.96904379,14.58426651],[120.96904373,14.58428212],[120.96904053,14.58428998],[120.96903734,14.58429316],[120.96902619,14.58429803],[120.96900793,14.58430152],[120.96898668,14.58428725],[120.96895083,14.58425874],[120.96892558,14.58424188],[120.96890435,14.58422246],[120.96891474,14.58419468],[120.96891235,14.58418541],[120.96890276,14.58416686],[120.96889558,14.58415991],[120.96889079,14.58415064],[120.96886923,14.58412514],[120.96884767,14.58412515],[120.96882851,14.58413442],[120.96880935,14.58414833],[120.96879977,14.58415297],[120.9687854,14.5841692],[120.96877582,14.58417384],[120.96876864,14.58418079],[120.96876145,14.58419006],[120.96875906,14.58420165],[120.96874469,14.58421788],[120.96873511,14.58423875],[120.96873512,14.58425034],[120.9687471,14.5842712],[120.96874949,14.58428047],[120.96875668,14.58428974],[120.96876626,14.58429669],[120.96877584,14.58429901],[120.96878303,14.58429205],[120.96879261,14.58428973],[120.96880811,14.58429557],[120.96883332,14.58432017],[120.96888112,14.58435904],[120.96888775,14.5843668],[120.96888371,14.5843771],[120.9689016,14.58439553],[120.96889682,14.58440966],[120.96889682,14.58441751],[120.96889043,14.58443007],[120.96888245,14.58446464],[120.96888245,14.58447879],[120.96888725,14.58449607],[120.96888245,14.58450708],[120.96885048,14.58455271],[120.96884248,14.58457003],[120.96882326,14.58459368],[120.96880883,14.58460788],[120.96878316,14.58462529],[120.9687512,14.58466671],[120.96871288,14.58470149],[120.96870331,14.58472467],[120.96869373,14.58473858],[120.96869133,14.58475017],[120.96868654,14.58475944],[120.96867936,14.5847664],[120.96867218,14.58478031],[120.96866978,14.58478958],[120.96865781,14.58480349],[120.96865302,14.58481508],[120.96862907,14.58483826],[120.96860273,14.58485913],[120.96827224,14.58515356],[120.96828422,14.58516747],[120.96826746,14.58519529],[120.96822674,14.58521384],[120.96809741,14.58526717],[120.96807825,14.58525326],[120.96808782,14.58522545],[120.96808303,14.58521849],[120.96807345,14.58521618],[120.96806147,14.58521618],[120.96803992,14.58522082],[120.96803034,14.5852185],[120.96802555,14.58520923],[120.96801836,14.58520228],[120.9679968,14.58520228],[120.96794087,14.58516739],[120.96782118,14.58505603],[120.96717896,14.58443537],[120.96674722,14.58399512],[120.96656989,14.58383743],[120.96628711,14.58356555],[120.96594311,14.58323036],[120.96558333,14.58288716],[120.96490269,14.58353368],[120.96549445,14.58411053],[120.96601227,14.58460099],[120.96658494,14.58515006],[120.96731039,14.58584985],[120.96716861,14.58598526],[120.96637736,14.5867967],[120.96636137,14.5867817],[120.96635771,14.58678539],[120.96671073,14.58716453],[120.96676618,14.58710439],[120.96718565,14.58669954]]]]}},{"type":"Feature","properties":{"psgc_code":"1303901654","adm4_en":"Barangay 654","district":"Intramuros"},"geometry":{"type":"MultiPolygon","coordinates":[[[[120.97716095,14.59390579],[120.97718,14.59389765],[120.97719654,14.59388265],[120.97723968,14.59382711],[120.97735647,14.59367252],[120.9775176,14.59345056],[120.97757709,14.59348921],[120.97763797,14.59352149],[120.9777016,14.59354996],[120.97826179,14.59375492],[120.97857015,14.59386286],[120.97877812,14.59359319],[120.97915696,14.5931379],[120.97807895,14.59227963],[120.9777473,14.59200523],[120.9771984,14.59155585],[120.97717808,14.59153793],[120.97663572,14.59105486],[120.97582332,14.59188338],[120.97525022,14.59250931],[120.9747102,14.59307971],[120.97449327,14.59331029],[120.97417886,14.5936348],[120.97493816,14.59366621],[120.97546048,14.59370779],[120.97660022,14.59377337],[120.97668613,14.59382788],[120.97677315,14.5938779],[120.97679382,14.59388498],[120.97681352,14.59388805],[120.97683419,14.59389086],[120.97703403,14.59390529],[120.97710972,14.59391015],[120.97714195,14.59390937],[120.97716095,14.59390579]]]]}},{"type":"Feature","properties":{"psgc_code":"1303901655","adm4_en":"Barangay 655","district":"Intramuros"},"geometry":{"type":"MultiPolygon","coordinates":[[[[120.9747102,14.59307971],[120.97525022,14.59250931],[120.97582332,14.59188338],[120.97663572,14.59105486],[120.97607629,14.59054469],[120.97550562,14.59005461],[120.97493619,14.58953295],[120.97442282,14.58909727],[120.97383044,14.58853328],[120.97264939,14.58788925],[120.97251559,14.58811263],[120.97166295,14.58943371],[120.97128249,14.59004239],[120.97104991,14.59046326],[120.97109628,14.59049292],[120.97112655,14.59052782],[120.9711517,14.59056028],[120.97117333,14.59060042],[120.97119314,14.590644],[120.97120933,14.59069451],[120.97122083,14.59074222],[120.97122727,14.59079019],[120.97122723,14.59083539],[120.97121998,14.59088755],[120.97120551,14.59093449],[120.97116575,14.5910041],[120.97144425,14.59123783],[120.97157733,14.59134062],[120.97197161,14.59170748],[120.97249518,14.59216806],[120.97307778,14.59267101],[120.97363654,14.59315718],[120.97417886,14.5936348],[120.97449327,14.59331029],[120.9747102,14.59307971]]]]}},{"type":"Feature","properties":{"psgc_code":"1303901656","adm4_en":"Barangay 656","district":"Intramuros"},"geometry":{"type":"MultiPolygon","coordinates":[[[[120.9689375,14.59590856],[120.96967129,14.59584743],[120.97021121,14.59580245],[120.9707787,14.59575113],[120.97116534,14.59571476],[120.97192574,14.59560624],[120.97213979,14.59557784],[120.97353159,14.59535571],[120.97410891,14.59526664],[120.97452469,14.59525308],[120.9748988,14.59524975],[120.97523203,14.59527264],[120.97583783,14.59536159],[120.97655522,14.59552667],[120.97686625,14.59562048],[120.97686477,14.595623],[120.97731847,14.59576417],[120.97761662,14.59525816],[120.97779853,14.59495957],[120.97798924,14.59465049],[120.97810489,14.59447589],[120.97817662,14.59436463],[120.97832051,14.59417483],[120.97857015,14.59386286],[120.97826179,14.59375492],[120.9777016,14.59354996],[120.97763797,14.59352149],[120.97757709,14.59348921],[120.9775176,14.59345056],[120.97735647,14.59367252],[120.97723968,14.59382711],[120.97719654,14.59388265],[120.97718,14.59389765],[120.97716095,14.59390579],[120.97714195,14.59390937],[120.97710972,14.59391015],[120.97703403,14.59390529],[120.97683419,14.59389086],[120.97681352,14.59388805],[120.97679382,14.59388498],[120.97677315,14.5938779],[120.97668613,14.59382788],[120.97660022,14.59377337],[120.97546048,14.59370779],[120.97493816,14.59366621],[120.97417886,14.5936348],[120.97363654,14.59315718],[120.97307778,14.59267101],[120.97249518,14.59216806],[120.97197161,14.59170748],[120.97157733,14.59134062],[120.97144425,14.59123783],[120.97116575,14.5910041],[120.97120551,14.59093449],[120.97121998,14.59088755],[120.97122723,14.59083539],[120.97122727,14.59079019],[120.97122083,14.59074222],[120.97120933,14.59069451],[120.97119314,14.590644],[120.97117333,14.59060042],[120.9711517,14.59056028],[120.97112655,14.59052782],[120.97109628,14.59049292],[120.97104991,14.59046326],[120.97098421,14.59043496],[120.97092902,14.59041803],[120.97086237,14.59041679],[120.9708088,14.59042666],[120.97075381,14.59043932],[120.97069303,14.59046172],[120.97065106,14.5904813],[120.97061051,14.59050644],[120.97055983,14.59056242],[120.97052364,14.59062121],[120.97050173,14.59067575],[120.97048414,14.59073034],[120.97047524,14.59078219],[120.9704765,14.59082988],[120.97048493,14.59089588],[120.97051226,14.59095775],[120.97054256,14.59100844],[120.97058306,14.59105353],[120.97064539,14.59110092],[120.97011257,14.59180188],[120.97001655,14.59195095],[120.96975113,14.59236301],[120.96920074,14.59320394],[120.96873536,14.59390886],[120.96840076,14.59435951],[120.96817542,14.59465994],[120.96778619,14.59520618],[120.96772945,14.59529426],[120.96730944,14.59591879],[120.96789902,14.59592017],[120.96873426,14.59591032],[120.9689375,14.59590856]]]]}},{"type":"Feature","properties":{"psgc_code":"1303901657","adm4_en":"Barangay 657","district":"Intramuros"},"geometry":{"type":"MultiPolygon","coordinates":[[[[120.98096904,14.58957206],[120.9810643,14.5891082],[120.98110957,14.58882462],[120.98088737,14.58800188],[120.98040051,14.58626865],[120.98032148,14.58607397],[120.98020978,14.58586171],[120.98005936,14.58567483],[120.97995884,14.58556248],[120.97987638,14.58548085],[120.97979801,14.58542156],[120.97972148,14.58536604],[120.97963993,14.58531657],[120.97938425,14.58516905],[120.9783807,14.58456967],[120.97658855,14.58349363],[120.97550495,14.58288093],[120.97509959,14.58361776],[120.97450023,14.5847621],[120.97439552,14.58498526],[120.97387437,14.58590696],[120.97369112,14.58621598],[120.97467638,14.58663217],[120.97493887,14.58677316],[120.97525451,14.58699428],[120.97589582,14.58742482],[120.97650754,14.58785918],[120.97711443,14.58832188],[120.97765727,14.58876294],[120.9779556,14.58900983],[120.97825663,14.58925966],[120.97858323,14.58950738],[120.97861993,14.58952854],[120.97865323,14.58954123],[120.97869,14.58954969],[120.9787346,14.58955235],[120.97880441,14.58954996],[120.97890373,14.58954099],[120.97890185,14.58948228],[120.97897112,14.589482],[120.97931055,14.5894895],[120.97936114,14.58949808],[120.97939979,14.58950695],[120.97944393,14.58952019],[120.97948296,14.58954031],[120.97955472,14.58957769],[120.97985911,14.58978283],[120.98050885,14.59025919],[120.98073046,14.59036145],[120.98092579,14.58974531],[120.98096904,14.58957206]]]]}},{"type":"Feature","properties":{"psgc_code":"1303901658","adm4_en":"Barangay 658","district":"Intramuros"},"geometry":{"type":"MultiPolygon","coordinates":[[[[120.98019596,14.59190374],[120.98022266,14.59186179],[120.98025181,14.59180578],[120.98027222,14.5917392],[120.98034067,14.59151539],[120.98041545,14.59128868],[120.98073046,14.59036145],[120.98050885,14.59025919],[120.97985911,14.58978283],[120.97955472,14.58957769],[120.97948296,14.58954031],[120.97944393,14.58952019],[120.97939979,14.58950695],[120.97936114,14.58949808],[120.97931055,14.5894895],[120.97897112,14.589482],[120.97890185,14.58948228],[120.97890373,14.58954099],[120.97880441,14.58954996],[120.9787346,14.58955235],[120.97869,14.58954969],[120.97865323,14.58954123],[120.97861993,14.58952854],[120.97858323,14.58950738],[120.97825663,14.58925966],[120.9779556,14.58900983],[120.97765727,14.58876294],[120.97711443,14.58832188],[120.97650754,14.58785918],[120.97589582,14.58742482],[120.97525451,14.58699428],[120.97493887,14.58677316],[120.97467638,14.58663217],[120.97369112,14.58621598],[120.97264939,14.58788925],[120.97383044,14.58853328],[120.97442282,14.58909727],[120.97493619,14.58953295],[120.97550562,14.59005461],[120.97607629,14.59054469],[120.97663572,14.59105486],[120.97717808,14.59153793],[120.9771984,14.59155585],[120.9777473,14.59200523],[120.97807895,14.59227963],[120.97915696,14.5931379],[120.98015995,14.59194714],[120.98019596,14.59190374]]]]}},{"type":"Feature","properties":{"psgc_code":"1303901659","adm4_en":"Barangay 659","district":"Ermita"},"geometry":{"type":"MultiPolygon","coordinates":[[[[120.98310683,14.59034754],[120.98357604,14.59033544],[120.98447859,14.59035405],[120.98468152,14.59035848],[120.98483826,14.59035825],[120.98541851,14.59035848],[120.98548253,14.59034454],[120.98569303,14.59015582],[120.98551156,14.58994533],[120.9852067,14.58954613],[120.9851376,14.58944658],[120.98460423,14.5886824],[120.98420802,14.58810203],[120.98268052,14.58602869],[120.98264404,14.58609705],[120.9825837,14.58619984],[120.98249208,14.58632722],[120.98239599,14.586468],[120.98230437,14.58658867],[120.98227476,14.58664017],[120.98221945,14.58673616],[120.98216806,14.58683672],[120.98191324,14.58726761],[120.98165674,14.5876888],[120.98110957,14.58882462],[120.9810643,14.5891082],[120.98096904,14.58957206],[120.98092579,14.58974531],[120.98073046,14.59036145],[120.98116049,14.59037997],[120.98198737,14.59036621],[120.98310683,14.59034754]]]]}},{"type":"Feature","properties":{"psgc_code":"1303901660","adm4_en":"Barangay 660","district":"Ermita"},"geometry":{"type":"MultiPolygon","coordinates":[[[[120.98544048,14.58897717],[120.9854535,14.5889437],[120.98570756,14.58829046],[120.9849091,14.58800738],[120.98566838,14.5863078],[120.98545831,14.58628065],[120.98525506,14.5862553],[120.98508232,14.58623418],[120.98488173,14.5862092],[120.98468709,14.58618171],[120.98451369,14.58615466],[120.98430791,14.58612778],[120.9840739,14.58610299],[120.98381836,14.586067],[120.98355324,14.58603077],[120.98331193,14.58599816],[120.98315499,14.58598271],[120.98306531,14.58597882],[120.98293169,14.58598648],[120.98268052,14.58602869],[120.98420802,14.58810203],[120.98460423,14.5886824],[120.9851376,14.58944658],[120.9852067,14.58954613],[120.98530106,14.58932838],[120.98544048,14.58897717]]]]}},{"type":"Feature","properties":{"psgc_code":"1303901661","adm4_en":"Barangay 661","district":"Ermita"},"geometry":{"type":"MultiPolygon","coordinates":[[[[120.99066484,14.58889711],[120.99065896,14.58865954],[120.99064499,14.58842148],[120.9906017,14.58800751],[120.9905952,14.58776156],[120.99059113,14.58762697],[120.99030726,14.58752623],[120.9897864,14.58749344],[120.98954527,14.58748227],[120.98930483,14.58747645],[120.98910993,14.58747221],[120.98894629,14.58746121],[120.98872756,14.58744437],[120.98858975,14.58743109],[120.98849332,14.58741722],[120.98841699,14.58740354],[120.9883328,14.58738086],[120.98821401,14.58735083],[120.98811018,14.58733156],[120.98802753,14.58732951],[120.98795293,14.58734283],[120.98787431,14.58736377],[120.98781407,14.58738848],[120.98776328,14.58741525],[120.98768667,14.58745948],[120.98760139,14.58752713],[120.98750777,14.58760423],[120.98730665,14.58777427],[120.98684911,14.58768111],[120.98681227,14.58759368],[120.9865457,14.58702439],[120.98633781,14.58661085],[120.9862386,14.58652688],[120.98616916,14.58647888],[120.98607194,14.58643087],[120.98596868,14.58638669],[120.9858335,14.5863463],[120.98566838,14.5863078],[120.9849091,14.58800738],[120.98570756,14.58829046],[120.98611457,14.58839703],[120.98657135,14.58852273],[120.98674556,14.58855176],[120.98701635,14.58858439],[120.98725795,14.58856493],[120.9877078,14.58906185],[120.98790351,14.58930336],[120.98799279,14.58943105],[120.98805475,14.58952498],[120.98816262,14.5897446],[120.98834683,14.58971657],[120.98855107,14.58969254],[120.98881538,14.58967652],[120.98912774,14.58967252],[120.98950018,14.58969254],[120.98978851,14.58973659],[120.99005682,14.58980067],[120.99035717,14.58990078],[120.99077404,14.59006771],[120.99072904,14.58974755],[120.99066484,14.58889711]]]]}},{"type":"Feature","properties":{"psgc_code":"1303901662","adm4_en":"Barangay 662","district":"Paco"},"geometry":{"type":"MultiPolygon","coordinates":[[[[120.99328133,14.59039515],[120.99341918,14.59032635],[120.99353844,14.59027911],[120.99371819,14.59023361],[120.993791,14.59021313],[120.99392979,14.59021085],[120.99409134,14.59018127],[120.9942142,14.5901608],[120.99436258,14.59015032],[120.99395766,14.58960524],[120.99354345,14.58908438],[120.99349617,14.58898729],[120.99363747,14.5873942],[120.99365684,14.58739824],[120.99375784,14.58741928],[120.99385313,14.58746943],[120.99394843,14.58754466],[120.99401864,14.58759482],[120.99411394,14.58764999],[120.99418917,14.5877202],[120.99430452,14.58780547],[120.99439981,14.5878506],[120.99449511,14.58785562],[120.99454025,14.58777537],[120.99460545,14.587655],[120.99464557,14.58752962],[120.99466563,14.58741426],[120.99466062,14.58730894],[120.99470074,14.5871986],[120.99473083,14.58708826],[120.99477095,14.58698294],[120.99482111,14.58691272],[120.99488129,14.58680238],[120.99498161,14.5867718],[120.99389293,14.58552655],[120.99380691,14.58544053],[120.99369222,14.58539274],[120.99355841,14.58532584],[120.99295637,14.58514509],[120.99281734,14.58509992],[120.99248792,14.58500089],[120.9923564,14.58541995],[120.99233379,14.58560082],[120.99237901,14.58578169],[120.99245814,14.58599647],[120.99257118,14.58621125],[120.99270683,14.58638081],[120.99285378,14.58660689],[120.99295552,14.58675385],[120.99305726,14.5868895],[120.99312508,14.58707036],[120.99314769,14.58727384],[120.99302335,14.5874434],[120.99265031,14.58766948],[120.99244683,14.58782774],[120.99232249,14.58803122],[120.99217168,14.58831894],[120.99206832,14.58848339],[120.99200724,14.58864314],[120.99187568,14.58876531],[120.99176761,14.58888747],[120.99161256,14.58912709],[120.9914622,14.58934323],[120.99083041,14.59119041],[120.99166514,14.59124443],[120.99210853,14.59130379],[120.99312434,14.59043383],[120.99328133,14.59039515]]]]}},{"type":"Feature","properties":{"psgc_code":"1303901663","adm4_en":"Barangay 663","district":"Ermita"},"geometry":{"type":"MultiPolygon","coordinates":[[[[120.98691717,14.59038935],[120.98720551,14.5901731],[120.98738171,14.59005697],[120.98759396,14.58993683],[120.98785026,14.58983271],[120.98807452,14.58976062],[120.98816262,14.5897446],[120.98805475,14.58952498],[120.98799279,14.58943105],[120.98790351,14.58930336],[120.9877078,14.58906185],[120.98725795,14.58856493],[120.98701635,14.58858439],[120.98674556,14.58855176],[120.98657135,14.58852273],[120.98611457,14.58839703],[120.98570756,14.58829046],[120.9854535,14.5889437],[120.98544048,14.58897717],[120.98530106,14.58932838],[120.9852067,14.58954613],[120.98551156,14.58994533],[120.98569303,14.59015582],[120.98601967,14.59045341],[120.98615033,14.59059858],[120.98627642,14.59091797],[120.98665286,14.5906016],[120.98691717,14.59038935]]]]}},{"type":"Feature","properties":{"psgc_code":"1303901664","adm4_en":"Barangay 664","district":"Ermita"},"geometry":{"type":"MultiPolygon","coordinates":[[[[120.98760139,14.58752713],[120.98768667,14.58745948],[120.98776328,14.58741525],[120.98781407,14.58738848],[120.98787431,14.58736377],[120.98795293,14.58734283],[120.98802753,14.58732951],[120.98811018,14.58733156],[120.98821401,14.58735083],[120.9883328,14.58738086],[120.98841699,14.58740354],[120.98849332,14.58741722],[120.98858975,14.58743109],[120.98872756,14.58744437],[120.98881669,14.58728722],[120.98913507,14.58644289],[120.98945346,14.58557087],[120.98961957,14.58512794],[120.98982721,14.58453275],[120.9899518,14.58414518],[120.98914893,14.58388219],[120.98822148,14.58359151],[120.98705871,14.58321778],[120.9864081,14.5846573],[120.98566838,14.5863078],[120.9858335,14.5863463],[120.98596868,14.58638669],[120.98607194,14.58643087],[120.98616916,14.58647888],[120.9862386,14.58652688],[120.98633781,14.58661085],[120.9865457,14.58702439],[120.98681227,14.58759368],[120.98684911,14.58768111],[120.98730665,14.58777427],[120.98750777,14.58760423],[120.98760139,14.58752713]]]]}},{"type":"Feature","properties":{"psgc_code":"1303901666","adm4_en":"Barangay 666","district":"Ermita"},"geometry":{"type":"MultiPolygon","coordinates":[[[[120.98191324,14.58726761],[120.98216806,14.58683672],[120.98221945,14.58673616],[120.98227476,14.58664017],[120.98230437,14.58658867],[120.98239599,14.586468],[120.98249208,14.58632722],[120.9825837,14.58619984],[120.98264404,14.58609705],[120.98268052,14.58602869],[120.98294243,14.58551536],[120.98333185,14.58483393],[120.98405487,14.58354996],[120.98412262,14.58342399],[120.98461715,14.58255932],[120.98468778,14.58244631],[120.98180723,14.58090684],[120.98133326,14.58064909],[120.98107714,14.58052431],[120.98084479,14.58038801],[120.98020411,14.58001774],[120.97973565,14.57978252],[120.97922253,14.57953134],[120.97893385,14.57938968],[120.97843489,14.57913651],[120.97782607,14.57883059],[120.97593151,14.5778204],[120.97592674,14.57782425],[120.97591009,14.57782022],[120.97588622,14.57782121],[120.97587384,14.57785238],[120.97587269,14.57789458],[120.97586647,14.57790866],[120.97585708,14.57792431],[120.97584447,14.57793841],[120.97582865,14.57795253],[120.97579719,14.57800758],[120.97578586,14.57803433],[120.97578099,14.57803905],[120.97576307,14.57807052],[120.97575331,14.57808467],[120.97571104,14.57813187],[120.97570291,14.57813817],[120.97569641,14.57814604],[120.97565095,14.57821215],[120.97564608,14.57822317],[120.97564446,14.57824049],[120.9756542,14.57825463],[120.97565907,14.57826563],[120.97566069,14.57827192],[120.97566232,14.57830653],[120.97565745,14.57831284],[120.97565421,14.57832386],[120.97564772,14.57833489],[120.97563475,14.57834908],[120.97562339,14.57836957],[120.97561203,14.57838376],[120.97560716,14.57839794],[120.97558769,14.5784342],[120.97557633,14.57844525],[120.97557145,14.57844527],[120.97555034,14.57843903],[120.97550322,14.57841871],[120.97549672,14.57841873],[120.97547396,14.57842509],[120.97546583,14.57842512],[120.97544957,14.57842202],[120.97543167,14.57840001],[120.97541865,14.57837956],[120.97541052,14.57837171],[120.97537471,14.57834659],[120.97533074,14.57830255],[120.97527534,14.57826325],[120.97523952,14.57820949],[120.97521026,14.57817782],[120.97520209,14.578159],[120.97519553,14.57814804],[120.975189,14.57814176],[120.97516128,14.57812445],[120.97514984,14.57811346],[120.9751368,14.57810715],[120.97513189,14.57810243],[120.97511502,14.57809656],[120.97509778,14.57808464],[120.975067,14.5780546],[120.97505514,14.5780465],[120.97503383,14.5780257],[120.97502198,14.5780176],[120.97501486,14.57801412],[120.97500653,14.57801639],[120.97500057,14.57801866],[120.97498387,14.57803125],[120.97497673,14.57803237],[120.97496727,14.57802198],[120.97494591,14.57801154],[120.97489665,14.57799959],[120.97488853,14.57799488],[120.97487698,14.57799321],[120.97486732,14.5779854],[120.97485102,14.57797752],[120.97483456,14.57797425],[120.97475276,14.57794564],[120.97474615,14.57794557],[120.97473634,14.57794239],[120.97470209,14.57792816],[120.9746872,14.57792956],[120.97466426,14.57792471],[120.97463302,14.57792286],[120.97459384,14.57791169],[120.9745565,14.57790385],[120.97454352,14.57790385],[120.97450807,14.57788998],[120.97448395,14.57787608],[120.97447933,14.57786216],[120.97447947,14.57785442],[120.97448286,14.57784667],[120.97450454,14.57782028],[120.97451475,14.5777985],[120.9745166,14.57778759],[120.97451182,14.57778136],[120.97449884,14.57777668],[120.97447301,14.5777595],[120.97446982,14.57775481],[120.97446993,14.57774855],[120.97446025,14.57774072],[120.97446043,14.57772976],[120.97444952,14.57769678],[120.97444187,14.57766212],[120.97444203,14.57765265],[120.97443767,14.57761625],[120.97443136,14.5775988],[120.97442675,14.57757655],[120.97442688,14.57756859],[120.97441764,14.57752391],[120.9744096,14.5775079],[120.97440331,14.57746621],[120.97439668,14.57744215],[120.97438673,14.57742291],[120.97438508,14.57741489],[120.97437513,14.57738924],[120.97437016,14.57738443],[120.97432211,14.5774149],[120.97432709,14.57744041],[120.97432875,14.5774805],[120.97433657,14.57752686],[120.97433644,14.57753846],[120.97434765,14.57756985],[120.9743541,14.57758305],[120.97435724,14.57759622],[120.97435869,14.57761267],[120.97436186,14.57762252],[120.97434013,14.57765203],[120.97433667,14.57766839],[120.97433642,14.57769125],[120.97433301,14.57770266],[120.97432632,14.57771568],[120.9742931,14.577766],[120.9742881,14.57777733],[120.9742716,14.57779833],[120.97426824,14.57780962],[120.97425168,14.57784664],[120.97422866,14.57788512],[120.97422862,14.57789152],[120.97421384,14.57792346],[120.9742039,14.577968],[120.97419086,14.57799178],[120.97418108,14.57801551],[120.97416804,14.57805651],[120.97415511,14.5780738],[120.9741422,14.57809577],[120.97413252,14.57812238],[120.97411805,14.5781536],[120.97410523,14.57816918],[120.97409722,14.57817228],[120.9740844,14.57818623],[120.97407638,14.57820019],[120.97405553,14.57822656],[120.97403627,14.57826071],[120.97403144,14.57827779],[120.97402662,14.57828712],[120.97401218,14.57830265],[120.97399779,14.57832125],[120.97399299,14.57832435],[120.97398021,14.57834449],[120.97396583,14.57835686],[120.97392911,14.57837227],[120.97391954,14.57837844],[120.97390998,14.57838151],[120.9738682,14.57840952],[120.97385036,14.57841588],[120.97380812,14.57844731],[120.97380323,14.57844737],[120.97379018,14.57845372],[120.9737755,14.57846476],[120.97376408,14.578482],[120.97374937,14.57849463],[120.9737133,14.57852003],[120.97370347,14.5785342],[120.97369196,14.57854373],[120.97362763,14.57859164],[120.9735855,14.57861204],[120.97356534,14.57862706],[120.9735611,14.57863316],[120.97355582,14.5786362],[120.97354847,14.57863107],[120.97352961,14.57860959],[120.97348761,14.57857884],[120.97348343,14.57857169],[120.97348554,14.57856966],[120.97348558,14.57856252],[120.9734782,14.57856351],[120.97347189,14.57856145],[120.97347404,14.57855025],[120.9734551,14.57854609],[120.97344145,14.57853584],[120.97341732,14.57851536],[120.97341002,14.5785031],[120.97338799,14.57848364],[120.97338275,14.57847648],[120.97336912,14.5784642],[120.97330549,14.57835521],[120.97323748,14.57828226],[120.97321458,14.57827111],[120.97303154,14.57810129],[120.97284842,14.57831699],[120.97272696,14.57844636],[120.97271566,14.57847448],[120.97275116,14.57852299],[120.97246916,14.578903],[120.97239458,14.5788517],[120.9723283,14.57881803],[120.97214773,14.57907303],[120.97206823,14.57925906],[120.97217097,14.57931677],[120.97196098,14.57978102],[120.97188462,14.57998441],[120.97182478,14.58012556],[120.97180988,14.58016565],[120.97180161,14.5802346],[120.97186986,14.58025194],[120.97193311,14.58027076],[120.97216805,14.58032041],[120.97222009,14.58034619],[120.97252972,14.58043407],[120.97246427,14.5807354],[120.9724608,14.58077339],[120.97244631,14.58086176],[120.9724379,14.58087892],[120.97248906,14.58090364],[120.97252433,14.58084088],[120.97372787,14.58118475],[120.97350595,14.58157381],[120.97350595,14.5816524],[120.97351862,14.58170311],[120.97353739,14.58177815],[120.97369458,14.58191962],[120.97550495,14.58288093],[120.97658855,14.58349363],[120.9783807,14.58456967],[120.97938425,14.58516905],[120.97963993,14.58531657],[120.97972148,14.58536604],[120.97979801,14.58542156],[120.97987638,14.58548085],[120.97995884,14.58556248],[120.98005936,14.58567483],[120.98020978,14.58586171],[120.98032148,14.58607397],[120.98040051,14.58626865],[120.98088737,14.58800188],[120.98110957,14.58882462],[120.98165674,14.5876888],[120.98191324,14.58726761]]]]}},{"type":"Feature","properties":{"psgc_code":"1303901667","adm4_en":"Barangay 667","district":"Ermita"},"geometry":{"type":"MultiPolygon","coordinates":[[[[120.9817983,14.57923007],[120.9820577,14.57874836],[120.9824744,14.5780244],[120.98194407,14.57770974],[120.98135178,14.57733987],[120.98087891,14.57708482],[120.98049522,14.57688424],[120.98026638,14.5767662],[120.97934276,14.57628095],[120.97808739,14.57559108],[120.97806908,14.57559597],[120.97805512,14.57559748],[120.97804427,14.57560049],[120.97803652,14.57560049],[120.9779916,14.57561257],[120.97797458,14.5756156],[120.97793751,14.57562769],[120.97792825,14.5756322],[120.97790355,14.57563524],[120.97789894,14.57563825],[120.97786658,14.57564729],[120.97780964,14.57565935],[120.97776055,14.57568035],[120.97775441,14.57568036],[120.9777008,14.57569684],[120.97765181,14.57570433],[120.97764112,14.57570732],[120.97762588,14.57571478],[120.97760303,14.57571926],[120.97753173,14.57574458],[120.97751017,14.57574458],[120.97749785,14.57574755],[120.97744095,14.57576978],[120.97743174,14.57577126],[120.97740568,14.57578012],[120.97732158,14.57579484],[120.97729094,14.57579935],[120.97727865,14.57579939],[120.97724792,14.57580539],[120.97720942,14.57581735],[120.97716926,14.57582342],[120.97714915,14.57582943],[120.97713675,14.57583096],[120.97710885,14.57583999],[120.97707939,14.57585497],[120.97707633,14.57586093],[120.9770685,14.57586695],[120.97705757,14.5758879],[120.97704974,14.57589841],[120.97704346,14.57590294],[120.9770293,14.57590607],[120.977023,14.57590912],[120.97702937,14.57593421],[120.97654954,14.57678886],[120.97636006,14.57713282],[120.97596996,14.57780673],[120.9759361,14.57781418],[120.97593298,14.57781921],[120.97593151,14.5778204],[120.97782607,14.57883059],[120.97843489,14.57913651],[120.97893385,14.57938968],[120.97922253,14.57953134],[120.97973565,14.57978252],[120.98020411,14.58001774],[120.98084479,14.58038801],[120.98107714,14.58052431],[120.98153889,14.57969944],[120.9817983,14.57923007]]]]}},{"type":"Feature","properties":{"psgc_code":"1303901668","adm4_en":"Barangay 668","district":"Ermita"},"geometry":{"type":"MultiPolygon","coordinates":[[[[120.98308298,14.57548752],[120.98384289,14.57411994],[120.98305358,14.57381788],[120.98210769,14.57348308],[120.98102528,14.57307027],[120.98068344,14.57292348],[120.98076257,14.57276541],[120.98075895,14.57276351],[120.9805341,14.57321893],[120.98045167,14.57336896],[120.98018355,14.57392046],[120.97983998,14.57457681],[120.97942024,14.57528763],[120.97926476,14.57532879],[120.97923659,14.57533438],[120.97919343,14.57534715],[120.97918448,14.57534709],[120.97915608,14.57535273],[120.9791306,14.57536132],[120.97906737,14.57537411],[120.9790568,14.57537844],[120.97899766,14.57538989],[120.97893819,14.57540582],[120.97890907,14.57541014],[120.9789014,14.57541306],[120.97886449,14.57542033],[120.97885214,14.5754203],[120.97884134,14.57542323],[120.97879327,14.57542903],[120.97876677,14.57543786],[120.97872611,14.57544522],[120.9786795,14.57546007],[120.97866556,14.57546155],[120.9786578,14.57546453],[120.97861082,14.5754675],[120.97858339,14.57547183],[120.97857729,14.57547478],[120.97855135,14.57547912],[120.9785376,14.57548353],[120.97852997,14.57548349],[120.97849786,14.5754908],[120.97848561,14.57549075],[120.97845805,14.57549809],[120.97843965,14.57550547],[120.97841818,14.57550987],[120.97838439,14.57552169],[120.97835672,14.57552756],[120.97831207,14.57554237],[120.9782766,14.57554823],[120.97825345,14.57555565],[120.97819624,14.57556597],[120.9781885,14.57556594],[120.97815906,14.57557638],[120.97813113,14.5755794],[120.97808739,14.57559108],[120.97934276,14.57628095],[120.98026638,14.5767662],[120.98049522,14.57688424],[120.98087891,14.57708482],[120.98135178,14.57733987],[120.98194407,14.57770974],[120.98256508,14.5764435],[120.98308298,14.57548752]]]]}},{"type":"Feature","properties":{"psgc_code":"1303901669","adm4_en":"Barangay 669","district":"Ermita"},"geometry":{"type":"MultiPolygon","coordinates":[[[[120.98735332,14.57778249],[120.98765442,14.57723532],[120.98833771,14.5760355],[120.98757792,14.57571832],[120.98683247,14.57539818],[120.98606314,14.5750637],[120.98532761,14.57475349],[120.98453402,14.57440908],[120.98384289,14.57411994],[120.98308298,14.57548752],[120.98256508,14.5764435],[120.98194407,14.57770974],[120.9824744,14.5780244],[120.98302595,14.57828957],[120.98330937,14.57841938],[120.98480594,14.57923569],[120.98614056,14.57991343],[120.98685448,14.57865178],[120.98735332,14.57778249]]]]}},{"type":"Feature","properties":{"psgc_code":"1303901670","adm4_en":"Barangay 670","district":"Ermita"},"geometry":{"type":"MultiPolygon","coordinates":[[[[120.98545299,14.58112769],[120.98614056,14.57991343],[120.98480594,14.57923569],[120.98330937,14.57841938],[120.98302595,14.57828957],[120.9824744,14.5780244],[120.9820577,14.57874836],[120.9817983,14.57923007],[120.98153889,14.57969944],[120.98107714,14.58052431],[120.98133326,14.58064909],[120.98180723,14.58090684],[120.98468778,14.58244631],[120.98530438,14.58138562],[120.98545299,14.58112769]]]]}},{"type":"Feature","properties":{"psgc_code":"1303901671","adm4_en":"Barangay 671","district":"Paco"},"geometry":{"type":"MultiPolygon","coordinates":[[[[120.99394967,14.5824231],[120.99401461,14.58230622],[120.9941185,14.58219367],[120.99420941,14.58205947],[120.99425703,14.581869],[120.99424837,14.58169584],[120.99422539,14.58157245],[120.99420392,14.58147226],[120.99418231,14.5813488],[120.9941896,14.58125399],[120.99414223,14.58118509],[120.993487,14.58109294],[120.99328202,14.58106381],[120.99282536,14.58100684],[120.99258634,14.58096501],[120.99240409,14.58094111],[120.99222482,14.58090525],[120.9920114,14.58084198],[120.99190766,14.58106098],[120.99187235,14.5812455],[120.99184082,14.58132431],[120.99182505,14.58134796],[120.99167529,14.58156077],[120.99222706,14.58187605],[120.99255024,14.58205734],[120.99352766,14.58260908],[120.99363013,14.58264061],[120.99366954,14.58263273],[120.99372943,14.58266304],[120.99379816,14.58262656],[120.99394967,14.5824231]]]]}},{"type":"Feature","properties":{"psgc_code":"1303901672","adm4_en":"Barangay 672","district":"Paco"},"geometry":{"type":"MultiPolygon","coordinates":[[[[120.99261472,14.58465633],[120.99277174,14.58436115],[120.99295387,14.58403456],[120.99306375,14.58390129],[120.99312345,14.58376449],[120.99332012,14.58334135],[120.99333071,14.58331858],[120.99348772,14.58309876],[120.99355309,14.5829902],[120.99358193,14.58294174],[120.99363823,14.58282884],[120.99367981,14.58278762],[120.99369138,14.5827757],[120.99371699,14.58275009],[120.99373772,14.58270864],[120.99372943,14.58266304],[120.99366954,14.58263273],[120.99363013,14.58264061],[120.99352766,14.58260908],[120.99255024,14.58205734],[120.99222706,14.58187605],[120.99167529,14.58156077],[120.99115504,14.58229379],[120.99102394,14.58231161],[120.99085653,14.5822601],[120.99062691,14.5821992],[120.99049919,14.58222147],[120.9904363,14.5822212],[120.99036708,14.58267797],[120.99024249,14.58320395],[120.9899518,14.58414518],[120.99093955,14.58447523],[120.99157037,14.58468549],[120.99238379,14.58497323],[120.99248792,14.58500089],[120.9925582,14.58480078],[120.99261472,14.58465633]]]]}},{"type":"Feature","properties":{"psgc_code":"1303901673","adm4_en":"Barangay 673","district":"Paco"},"geometry":{"type":"MultiPolygon","coordinates":[[[[120.99403119,14.58092456],[120.99406862,14.58083473],[120.99398932,14.5807488],[120.99400873,14.58062886],[120.99393387,14.58052405],[120.99387023,14.58038556],[120.99376543,14.58021338],[120.99370928,14.58008986],[120.99359699,14.57995885],[120.99353335,14.57980913],[120.99346224,14.57970432],[120.99344726,14.57964443],[120.99343984,14.57954664],[120.99345992,14.57941413],[120.99347598,14.57929366],[120.99350409,14.57918925],[120.99354023,14.57905272],[120.99357637,14.57890415],[120.99361653,14.57877163],[120.99366472,14.57863912],[120.99370889,14.57854676],[120.99383748,14.57833675],[120.99370258,14.57829681],[120.99331399,14.57817938],[120.99314109,14.57809869],[120.99118145,14.57912453],[120.98980736,14.5798916],[120.98963586,14.57998225],[120.98983812,14.58004737],[120.9906973,14.58035786],[120.99134283,14.58061144],[120.99189613,14.5808074],[120.9920114,14.58084198],[120.99222482,14.58090525],[120.99240409,14.58094111],[120.99258634,14.58096501],[120.99282536,14.58100684],[120.99328202,14.58106381],[120.993487,14.58109294],[120.99414223,14.58118509],[120.99407985,14.58107055],[120.99403119,14.58092456]]]]}},{"type":"Feature","properties":{"psgc_code":"1303901674","adm4_en":"Barangay 674","district":"Paco"},"geometry":{"type":"MultiPolygon","coordinates":[[[[120.99036708,14.58267797],[120.9904363,14.5822212],[120.99049919,14.58222147],[120.99062691,14.5821992],[120.99085653,14.5822601],[120.99102394,14.58231161],[120.99115504,14.58229379],[120.99167529,14.58156077],[120.99182505,14.58134796],[120.99184082,14.58132431],[120.99187235,14.5812455],[120.99190766,14.58106098],[120.9920114,14.58084198],[120.99189613,14.5808074],[120.99134283,14.58061144],[120.9906973,14.58035786],[120.98983812,14.58004737],[120.98963586,14.57998225],[120.98953541,14.58003125],[120.9884428,14.58060163],[120.988309,14.58066852],[120.98807007,14.58080231],[120.98704488,14.58130764],[120.98492323,14.58242276],[120.98468778,14.58244631],[120.98548066,14.58271947],[120.98705871,14.58321778],[120.98822148,14.58359151],[120.98914893,14.58388219],[120.9899518,14.58414518],[120.99024249,14.58320395],[120.99036708,14.58267797]]]]}},{"type":"Feature","properties":{"psgc_code":"1303901675","adm4_en":"Barangay 675","district":"Paco"},"geometry":{"type":"MultiPolygon","coordinates":[[[[120.99211517,14.57767221],[120.99168866,14.57748778],[120.99118147,14.57726878],[120.99048324,14.57696544],[120.9898047,14.57667397],[120.98911659,14.57637772],[120.98833771,14.5760355],[120.98765442,14.57723532],[120.9884237,14.57765827],[120.98906402,14.57799274],[120.98972345,14.57834633],[120.99041023,14.57870072],[120.99118145,14.57912453],[120.99314109,14.57809869],[120.99211517,14.57767221]]]]}},{"type":"Feature","properties":{"psgc_code":"1303901676","adm4_en":"Barangay 676","district":"Paco"},"geometry":{"type":"MultiPolygon","coordinates":[[[[120.98704488,14.58130764],[120.98807007,14.58080231],[120.988309,14.58066852],[120.9884428,14.58060163],[120.98953541,14.58003125],[120.98963586,14.57998225],[120.98980736,14.5798916],[120.99118145,14.57912453],[120.99041023,14.57870072],[120.98972345,14.57834633],[120.98906402,14.57799274],[120.9884237,14.57765827],[120.98765442,14.57723532],[120.98735332,14.57778249],[120.98685448,14.57865178],[120.98614056,14.57991343],[120.98545299,14.58112769],[120.98530438,14.58138562],[120.98468778,14.58244631],[120.98492323,14.58242276],[120.98704488,14.58130764]]]]}},{"type":"Feature","properties":{"psgc_code":"1303901677","adm4_en":"Barangay 677","district":"Paco"},"geometry":{"type":"MultiPolygon","coordinates":[[[[120.99479159,14.5834605],[120.99486899,14.58277488],[120.99491268,14.5823213],[120.99501686,14.5813036],[120.99473182,14.58126847],[120.99429085,14.58120614],[120.99421274,14.58119435],[120.99414223,14.58118509],[120.9941896,14.58125399],[120.99418231,14.5813488],[120.99420392,14.58147226],[120.99422539,14.58157245],[120.99424837,14.58169584],[120.99425703,14.581869],[120.99420941,14.58205947],[120.9941185,14.58219367],[120.99401461,14.58230622],[120.99394967,14.5824231],[120.99379816,14.58262656],[120.99372943,14.58266304],[120.99373772,14.58270864],[120.99371699,14.58275009],[120.99369138,14.5827757],[120.99367981,14.58278762],[120.99363823,14.58282884],[120.99358193,14.58294174],[120.99355309,14.5829902],[120.99348772,14.58309876],[120.99333071,14.58331858],[120.99332012,14.58334135],[120.99312345,14.58376449],[120.99306375,14.58390129],[120.99295387,14.58403456],[120.99277174,14.58436115],[120.99261472,14.58465633],[120.9925582,14.58480078],[120.99248792,14.58500089],[120.99281734,14.58509992],[120.99295637,14.58514509],[120.99355841,14.58532584],[120.99369222,14.58539274],[120.99380691,14.58544053],[120.99466198,14.58473432],[120.99479159,14.5834605]]]]}},{"type":"Feature","properties":{"psgc_code":"1303901678","adm4_en":"Barangay 678","district":"Paco"},"geometry":{"type":"MultiPolygon","coordinates":[[[[120.99714596,14.58274729],[120.9972071,14.5820551],[120.99725636,14.58168478],[120.99644217,14.58153299],[120.99572458,14.58142259],[120.99501686,14.5813036],[120.99491268,14.5823213],[120.99486899,14.58277488],[120.99479159,14.5834605],[120.99466198,14.58473432],[120.99629036,14.58343723],[120.99714596,14.58274729]]]]}},{"type":"Feature","properties":{"psgc_code":"1303901679","adm4_en":"Barangay 679","district":"Paco"},"geometry":{"type":"MultiPolygon","coordinates":[[[[120.99504306,14.58068062],[120.99505616,14.5805125],[120.9951007,14.58000057],[120.99512059,14.57975656],[120.99515834,14.57936661],[120.99524443,14.57871638],[120.99511253,14.57869045],[120.99486409,14.57864092],[120.99470703,14.57860705],[120.99452608,14.57855576],[120.99436297,14.57850213],[120.99394651,14.57837113],[120.99383748,14.57833675],[120.99370889,14.57854676],[120.99366472,14.57863912],[120.99361653,14.57877163],[120.99357637,14.57890415],[120.99354023,14.57905272],[120.99350409,14.57918925],[120.99347598,14.57929366],[120.99345992,14.57941413],[120.99343984,14.57954664],[120.99344726,14.57964443],[120.99346224,14.57970432],[120.99353335,14.57980913],[120.99359699,14.57995885],[120.99370928,14.58008986],[120.99376543,14.58021338],[120.99387023,14.58038556],[120.99393387,14.58052405],[120.99400873,14.58062886],[120.99398932,14.5807488],[120.99406862,14.58083473],[120.99403119,14.58092456],[120.99407985,14.58107055],[120.99414223,14.58118509],[120.99421274,14.58119435],[120.99429085,14.58120614],[120.99473182,14.58126847],[120.99501686,14.5813036],[120.99504167,14.58071118],[120.99504306,14.58068062]]]]}},{"type":"Feature","properties":{"psgc_code":"1303901680","adm4_en":"Barangay 680","district":"Paco"},"geometry":{"type":"MultiPolygon","coordinates":[[[[120.99731898,14.58084015],[120.99735137,14.58035645],[120.99737156,14.58011584],[120.99651854,14.58010431],[120.99582691,14.58009278],[120.9951007,14.58000057],[120.99505616,14.5805125],[120.99504306,14.58068062],[120.99504167,14.58071118],[120.99501686,14.5813036],[120.99572458,14.58142259],[120.99644217,14.58153299],[120.99725636,14.58168478],[120.99729776,14.58113282],[120.99731898,14.58084015]]]]}},{"type":"Feature","properties":{"psgc_code":"1303901681","adm4_en":"Barangay 681","district":"Paco"},"geometry":{"type":"MultiPolygon","coordinates":[[[[120.99744374,14.57876136],[120.99662876,14.57880463],[120.9959388,14.57877338],[120.99524443,14.57871638],[120.99515834,14.57936661],[120.99512059,14.57975656],[120.9951007,14.58000057],[120.99582691,14.58009278],[120.99651854,14.58010431],[120.99737156,14.58011584],[120.99738161,14.57944509],[120.99744374,14.57876136]]]]}},{"type":"Feature","properties":{"psgc_code":"1303901682","adm4_en":"Barangay 682","district":"Paco"},"geometry":{"type":"MultiPolygon","coordinates":[[[[120.9976702,14.58226588],[120.99782297,14.58213605],[120.9980265,14.581965],[120.99817295,14.58185124],[120.99864067,14.58147263],[120.99929724,14.5809409],[120.99978164,14.58053267],[120.99930577,14.57992652],[120.99892215,14.57943211],[120.998351,14.57868198],[120.99825994,14.57869765],[120.99744374,14.57876136],[120.99738161,14.57944509],[120.99737156,14.58011584],[120.99735137,14.58035645],[120.99731898,14.58084015],[120.99729776,14.58113282],[120.99725636,14.58168478],[120.9972071,14.5820551],[120.99714596,14.58274729],[120.99759979,14.58232912],[120.9976702,14.58226588]]]]}},{"type":"Feature","properties":{"psgc_code":"1303901683","adm4_en":"Barangay 683","district":"Paco"},"geometry":{"type":"MultiPolygon","coordinates":[[[[120.99593067,14.5780065],[120.9959422,14.57751086],[120.99594917,14.5772347],[120.99595285,14.57687415],[120.99593068,14.57653112],[120.99592342,14.5762303],[120.99621886,14.5760009],[120.99617464,14.57594747],[120.99600769,14.5757447],[120.99545516,14.57621054],[120.99544409,14.57650279],[120.99544145,14.57657246],[120.99541937,14.57687782],[120.99540098,14.57722734],[120.99537737,14.57748781],[120.99530472,14.57800553],[120.99527212,14.57834599],[120.99524443,14.57871638],[120.9959388,14.57877338],[120.99593357,14.57836967],[120.99593067,14.5780065]]]]}},{"type":"Feature","properties":{"psgc_code":"1303901684","adm4_en":"Barangay 684","district":"Paco"},"geometry":{"type":"MultiPolygon","coordinates":[[[[120.99530472,14.57800553],[120.99537737,14.57748781],[120.99540098,14.57722734],[120.99541937,14.57687782],[120.99544145,14.57657246],[120.99544409,14.57650279],[120.99545516,14.57621054],[120.99472641,14.57682433],[120.99459264,14.57689324],[120.9944832,14.57694188],[120.99438186,14.577027],[120.99427242,14.57707565],[120.99410217,14.57720941],[120.9940211,14.57729453],[120.99398867,14.57740398],[120.9939603,14.57751342],[120.99392787,14.57763098],[120.99391976,14.5777769],[120.99389544,14.57790661],[120.99387112,14.5780647],[120.99385491,14.5781782],[120.99383748,14.57833675],[120.99394651,14.57837113],[120.99436297,14.57850213],[120.99452608,14.57855576],[120.99470703,14.57860705],[120.99486409,14.57864092],[120.99511253,14.57869045],[120.99524443,14.57871638],[120.99527212,14.57834599],[120.99530472,14.57800553]]]]}},{"type":"Feature","properties":{"psgc_code":"1303901685","adm4_en":"Barangay 685","district":"Paco"},"geometry":{"type":"MultiPolygon","coordinates":[[[[120.99825994,14.57869765],[120.998351,14.57868198],[120.99786724,14.57802956],[120.99731082,14.57734861],[120.99709492,14.57708439],[120.9969315,14.57689254],[120.99621886,14.5760009],[120.99592342,14.5762303],[120.99593068,14.57653112],[120.99595285,14.57687415],[120.99594917,14.5772347],[120.9959422,14.57751086],[120.99593067,14.5780065],[120.99593357,14.57836967],[120.9959388,14.57877338],[120.99662876,14.57880463],[120.99744374,14.57876136],[120.99825994,14.57869765]]]]}},{"type":"Feature","properties":{"psgc_code":"1303901686","adm4_en":"Barangay 686","district":"Paco"},"geometry":{"type":"MultiPolygon","coordinates":[[[[120.99387112,14.5780647],[120.99389544,14.57790661],[120.99391976,14.5777769],[120.99392787,14.57763098],[120.9939603,14.57751342],[120.99398867,14.57740398],[120.9940211,14.57729453],[120.99410217,14.57720941],[120.99427242,14.57707565],[120.99438186,14.577027],[120.9944832,14.57694188],[120.99459264,14.57689324],[120.99472641,14.57682433],[120.99545516,14.57621054],[120.99600769,14.5757447],[120.99597082,14.57570005],[120.9958377,14.57553672],[120.99566211,14.57532242],[120.99554127,14.5751742],[120.99533127,14.57491741],[120.99509883,14.57463237],[120.99497863,14.57447646],[120.9948259,14.57429492],[120.99415549,14.57578189],[120.99387347,14.57650108],[120.99373079,14.57689417],[120.9936944,14.57699216],[120.99363755,14.57715355],[120.99362523,14.57718811],[120.99331399,14.57817938],[120.99370258,14.57829681],[120.99383748,14.57833675],[120.99385491,14.5781782],[120.99387112,14.5780647]]]]}},{"type":"Feature","properties":{"psgc_code":"1303901687","adm4_en":"Barangay 687","district":"Paco"},"geometry":{"type":"MultiPolygon","coordinates":[[[[120.99363755,14.57715355],[120.9936944,14.57699216],[120.99373079,14.57689417],[120.99387347,14.57650108],[120.99415549,14.57578189],[120.99374051,14.57567815],[120.99348692,14.57564357],[120.99325637,14.57560899],[120.99315263,14.57557441],[120.99307194,14.5755283],[120.99281106,14.57609012],[120.99258779,14.5765772],[120.99211517,14.57767221],[120.99314109,14.57809869],[120.99331399,14.57817938],[120.99362523,14.57718811],[120.99363755,14.57715355]]]]}},{"type":"Feature","properties":{"psgc_code":"1303901688","adm4_en":"Barangay 688","district":"Malate"},"geometry":{"type":"MultiPolygon","coordinates":[[[[120.99469253,14.57412062],[120.9944664,14.57384212],[120.99406218,14.5733495],[120.99396084,14.57322405],[120.99367734,14.57288039],[120.99365796,14.57285689],[120.99309688,14.57386598],[120.99236878,14.57515945],[120.99307194,14.5755283],[120.99315263,14.57557441],[120.99325637,14.57560899],[120.99348692,14.57564357],[120.99374051,14.57567815],[120.99415549,14.57578189],[120.9948259,14.57429492],[120.99469253,14.57412062]]]]}},{"type":"Feature","properties":{"psgc_code":"1303901689","adm4_en":"Barangay 689","district":"Malate"},"geometry":{"type":"MultiPolygon","coordinates":[[[[120.99365796,14.57285689],[120.99343058,14.57256637],[120.99317794,14.57225059],[120.99244253,14.57352324],[120.99170021,14.5747906],[120.9920409,14.57498035],[120.99236878,14.57515945],[120.99309688,14.57386598],[120.99365796,14.57285689]]]]}},{"type":"Feature","properties":{"psgc_code":"1303901690","adm4_en":"Barangay 690","district":"Malate"},"geometry":{"type":"MultiPolygon","coordinates":[[[[120.99210119,14.5733355],[120.99178817,14.57315972],[120.99106621,14.57445633],[120.99137775,14.57461865],[120.99170021,14.5747906],[120.99244253,14.57352324],[120.99210119,14.5733355]]]]}},{"type":"Feature","properties":{"psgc_code":"1303901691","adm4_en":"Barangay 691","district":"Malate"},"geometry":{"type":"MultiPolygon","coordinates":[[[[120.99291268,14.57193481],[120.99266004,14.5716064],[120.99178817,14.57315972],[120.99210119,14.5733355],[120.99244253,14.57352324],[120.99317794,14.57225059],[120.99291268,14.57193481]]]]}},{"type":"Feature","properties":{"psgc_code":"1303901692","adm4_en":"Barangay 692","district":"Malate"},"geometry":{"type":"MultiPolygon","coordinates":[[[[120.99250213,14.57140618],[120.99241485,14.57128813],[120.99219266,14.57101273],[120.99159896,14.57028012],[120.99039891,14.57241478],[120.99115459,14.57282737],[120.99138074,14.57296032],[120.99147657,14.57301432],[120.99178817,14.57315972],[120.99266004,14.5716064],[120.99250213,14.57140618]]]]}},{"type":"Feature","properties":{"psgc_code":"1303901693","adm4_en":"Barangay 693","district":"Malate"},"geometry":{"type":"MultiPolygon","coordinates":[[[[120.99147657,14.57301432],[120.99138074,14.57296032],[120.99115459,14.57282737],[120.99039891,14.57241478],[120.9896659,14.5737067],[120.99042712,14.57410553],[120.99073192,14.57428343],[120.99106621,14.57445633],[120.99178817,14.57315972],[120.99147657,14.57301432]]]]}},{"type":"Feature","properties":{"psgc_code":"1303901694","adm4_en":"Barangay 694","district":"Malate"},"geometry":{"type":"MultiPolygon","coordinates":[[[[120.99170021,14.5747906],[120.99137775,14.57461865],[120.99106621,14.57445633],[120.99073192,14.57428343],[120.99042712,14.57410553],[120.9896659,14.5737067],[120.98910432,14.57470237],[120.98833771,14.5760355],[120.98911659,14.57637772],[120.9898047,14.57667397],[120.99048324,14.57696544],[120.99114689,14.5757934],[120.99170021,14.5747906]]]]}},{"type":"Feature","properties":{"psgc_code":"1303901695","adm4_en":"Barangay 695","district":"Malate"},"geometry":{"type":"MultiPolygon","coordinates":[[[[120.99281106,14.57609012],[120.99307194,14.5755283],[120.99236878,14.57515945],[120.9920409,14.57498035],[120.99170021,14.5747906],[120.99114689,14.5757934],[120.99048324,14.57696544],[120.99118147,14.57726878],[120.99168866,14.57748778],[120.99211517,14.57767221],[120.99258779,14.5765772],[120.99281106,14.57609012]]]]}},{"type":"Feature","properties":{"psgc_code":"1303901696","adm4_en":"Barangay 696","district":"Malate"},"geometry":{"type":"MultiPolygon","coordinates":[[[[120.9896659,14.5737067],[120.99039891,14.57241478],[120.98964668,14.57199205],[120.9889401,14.57163999],[120.98819832,14.57293801],[120.98764217,14.57393944],[120.98683247,14.57539818],[120.98757792,14.57571832],[120.98833771,14.5760355],[120.98910432,14.57470237],[120.9896659,14.5737067]]]]}},{"type":"Feature","properties":{"psgc_code":"1303901697","adm4_en":"Barangay 697","district":"Malate"},"geometry":{"type":"MultiPolygon","coordinates":[[[[120.98819832,14.57293801],[120.9889401,14.57163999],[120.98822702,14.57127393],[120.98747716,14.57085705],[120.98675597,14.57217567],[120.9861759,14.57317184],[120.98532761,14.57475349],[120.98606314,14.5750637],[120.98683247,14.57539818],[120.98764217,14.57393944],[120.98819832,14.57293801]]]]}},{"type":"Feature","properties":{"psgc_code":"1303901698","adm4_en":"Barangay 698","district":"Malate"},"geometry":{"type":"MultiPolygon","coordinates":[[[[120.98675597,14.57217567],[120.98747716,14.57085705],[120.9868384,14.57046558],[120.9862362,14.5701405],[120.98614194,14.57010325],[120.98539664,14.57144215],[120.98512078,14.57191253],[120.98480293,14.57244001],[120.98384289,14.57411994],[120.98453402,14.57440908],[120.98532761,14.57475349],[120.9861759,14.57317184],[120.98675597,14.57217567]]]]}},{"type":"Feature","properties":{"psgc_code":"1303901699","adm4_en":"Barangay 699","district":"Malate"},"geometry":{"type":"MultiPolygon","coordinates":[[[[120.98512078,14.57191253],[120.98539664,14.57144215],[120.98614194,14.57010325],[120.98543526,14.56983909],[120.98488094,14.56962082],[120.98416925,14.56927931],[120.98396255,14.56918458],[120.98328218,14.56888317],[120.98300921,14.56877697],[120.98270646,14.56865786],[120.98267747,14.568723],[120.98267359,14.56872141],[120.98263609,14.56880763],[120.98248161,14.56919282],[120.98244714,14.56925196],[120.98186252,14.57052563],[120.98148551,14.57136252],[120.98134251,14.57160695],[120.9811845,14.5719385],[120.98078583,14.57270908],[120.98075895,14.57276351],[120.98076257,14.57276541],[120.98068344,14.57292348],[120.98102528,14.57307027],[120.98210769,14.57348308],[120.98305358,14.57381788],[120.98384289,14.57411994],[120.98480293,14.57244001],[120.98512078,14.57191253]]]]}},{"type":"Feature","properties":{"psgc_code":"1303901700","adm4_en":"Barangay 700","district":"Malate"},"geometry":{"type":"MultiPolygon","coordinates":[[[[120.98666656,14.56886937],[120.98650709,14.56887575],[120.98632209,14.56885661],[120.98595211,14.56881834],[120.98523765,14.56876092],[120.98451044,14.56863973],[120.98424252,14.56854405],[120.98353444,14.56830165],[120.98327449,14.56820857],[120.98295586,14.56809255],[120.98291245,14.56819095],[120.98290703,14.56819007],[120.9828257,14.56837178],[120.98267359,14.56872141],[120.98267747,14.568723],[120.98270646,14.56865786],[120.98300921,14.56877697],[120.98328218,14.56888317],[120.98396255,14.56918458],[120.98416925,14.56927931],[120.98488094,14.56962082],[120.98543526,14.56983909],[120.98614194,14.57010325],[120.98682407,14.56885278],[120.98666656,14.56886937]]]]}},{"type":"Feature","properties":{"psgc_code":"1303901701","adm4_en":"Barangay 701","district":"Malate"},"geometry":{"type":"MultiPolygon","coordinates":[[[[120.98682407,14.56885278],[120.98710881,14.56834724],[120.98726989,14.56806009],[120.9874408,14.5677508],[120.98748624,14.5676697],[120.98751904,14.56761052],[120.98760727,14.56745072],[120.98768125,14.56731705],[120.98773355,14.56722053],[120.98818834,14.56640234],[120.98832477,14.56622484],[120.98778413,14.56554342],[120.9871399,14.56515185],[120.98684936,14.56501291],[120.98635672,14.56481081],[120.9852614,14.56435442],[120.98501773,14.56425503],[120.98467451,14.56405482],[120.98465707,14.56406006],[120.9846431,14.5640707],[120.98461051,14.56409054],[120.98459962,14.56410267],[120.9845965,14.56410871],[120.98459493,14.56411624],[120.98460979,14.56412987],[120.98461588,14.56413752],[120.9846249,14.56416189],[120.98462779,14.56418617],[120.98462779,14.56422688],[120.98462171,14.56425846],[120.9846141,14.56428702],[120.98460648,14.56430654],[120.98459429,14.56433057],[120.98458972,14.56433656],[120.98458361,14.56434103],[120.98455769,14.56438435],[120.98422164,14.56522374],[120.9838699,14.56604645],[120.98356186,14.56672704],[120.98290703,14.56819007],[120.98291245,14.56819095],[120.98295586,14.56809255],[120.98327449,14.56820857],[120.98353444,14.56830165],[120.98424252,14.56854405],[120.98451044,14.56863973],[120.98523765,14.56876092],[120.98595211,14.56881834],[120.98632209,14.56885661],[120.98650709,14.56887575],[120.98666656,14.56886937],[120.98682407,14.56885278]]]]}},{"type":"Feature","properties":{"psgc_code":"1303901702","adm4_en":"Barangay 702","district":"Malate"},"geometry":{"type":"MultiPolygon","coordinates":[[[[120.98864407,14.5696986],[120.98822943,14.56951362],[120.98792961,14.56936691],[120.98750222,14.56913728],[120.9871131,14.56895229],[120.98700516,14.56890839],[120.98697276,14.56889489],[120.98682407,14.56885278],[120.98614194,14.57010325],[120.9862362,14.5701405],[120.9868384,14.57046558],[120.98747716,14.57085705],[120.98822702,14.57127393],[120.98901405,14.56987721],[120.98864407,14.5696986]]]]}},{"type":"Feature","properties":{"psgc_code":"1303901703","adm4_en":"Barangay 703","district":"Malate"},"geometry":{"type":"MultiPolygon","coordinates":[[[[120.99092044,14.57018338],[120.99064709,14.57014512],[120.98986009,14.57002973],[120.98901405,14.56987721],[120.98822702,14.57127393],[120.9889401,14.57163999],[120.98964668,14.57199205],[120.99039891,14.57241478],[120.99159896,14.57028012],[120.99092044,14.57018338]]]]}},{"type":"Feature","properties":{"psgc_code":"1303901704","adm4_en":"Barangay 704","district":"Malate"},"geometry":{"type":"MultiPolygon","coordinates":[[[[120.98799323,14.56915202],[120.98803362,14.56906315],[120.9881548,14.56878847],[120.98822751,14.56859458],[120.9883083,14.5684532],[120.98834466,14.56830779],[120.98835588,14.56827745],[120.98837697,14.56823912],[120.98841872,14.56815501],[120.9884001,14.56813008],[120.98846866,14.56801323],[120.98855634,14.56786366],[120.98858416,14.56788269],[120.98869204,14.56773419],[120.98874052,14.56764129],[120.98877283,14.56755646],[120.9888415,14.567407],[120.98889398,14.56727253],[120.98896672,14.56721311],[120.98910406,14.56719695],[120.98891756,14.56696466],[120.98832477,14.56622484],[120.98818834,14.56640234],[120.98773355,14.56722053],[120.98768125,14.56731705],[120.98760727,14.56745072],[120.98751904,14.56761052],[120.98748624,14.5676697],[120.9874408,14.5677508],[120.98726989,14.56806009],[120.98710881,14.56834724],[120.98682407,14.56885278],[120.98697276,14.56889489],[120.98700516,14.56890839],[120.9871131,14.56895229],[120.98750222,14.56913728],[120.98792961,14.56936691],[120.98792052,14.56928532],[120.98799323,14.56915202]]]]}},{"type":"Feature","properties":{"psgc_code":"1303901705","adm4_en":"Barangay 705","district":"Malate"},"geometry":{"type":"MultiPolygon","coordinates":[[[[120.98890737,14.56912855],[120.98898006,14.56896785],[120.98908195,14.56874908],[120.98929195,14.56829664],[120.98955259,14.56774125],[120.98950294,14.56768273],[120.98937116,14.56752681],[120.98910406,14.56719695],[120.98896672,14.56721311],[120.98889398,14.56727253],[120.9888415,14.567407],[120.98877283,14.56755646],[120.98874052,14.56764129],[120.98869204,14.56773419],[120.98858416,14.56788269],[120.98855634,14.56786366],[120.98846866,14.56801323],[120.9884001,14.56813008],[120.98841872,14.56815501],[120.98837697,14.56823912],[120.98835588,14.56827745],[120.98834466,14.56830779],[120.9883083,14.5684532],[120.98822751,14.56859458],[120.9881548,14.56878847],[120.98803362,14.56906315],[120.98799323,14.56915202],[120.98792052,14.56928532],[120.98792961,14.56936691],[120.98822943,14.56951362],[120.98864407,14.5696986],[120.98880119,14.56935813],[120.98890737,14.56912855]]]]}},{"type":"Feature","properties":{"psgc_code":"1303901706","adm4_en":"Barangay 706","district":"Malate"},"geometry":{"type":"MultiPolygon","coordinates":[[[[120.99095669,14.5694848],[120.99022208,14.56854965],[120.99009976,14.56839613],[120.99000474,14.56827437],[120.98991287,14.56815804],[120.98984312,14.56806966],[120.98970988,14.56791587],[120.98955259,14.56774125],[120.98929195,14.56829664],[120.98908195,14.56874908],[120.98898006,14.56896785],[120.98890737,14.56912855],[120.98880119,14.56935813],[120.98864407,14.5696986],[120.98901405,14.56987721],[120.98986009,14.57002973],[120.99064709,14.57014512],[120.99092044,14.57018338],[120.99159896,14.57028012],[120.99110631,14.56967382],[120.99095669,14.5694848]]]]}},{"type":"Feature","properties":{"psgc_code":"1303901707","adm4_en":"Barangay 707","district":"Malate"},"geometry":{"type":"MultiPolygon","coordinates":[[[[120.99055236,14.56821634],[120.9905723,14.5681919],[120.9907037,14.5680394],[120.99081103,14.56791125],[120.99086247,14.56782535],[120.99057891,14.56776736],[120.99042284,14.56770016],[120.9902413,14.56791418],[120.98991287,14.56815804],[120.99000474,14.56827437],[120.99009976,14.56839613],[120.99022208,14.56854965],[120.9904788,14.56829117],[120.99055236,14.56821634]]]]}},{"type":"Feature","properties":{"psgc_code":"1303901708","adm4_en":"Barangay 708","district":"Malate"},"geometry":{"type":"MultiPolygon","coordinates":[[[[120.99230709,14.5668487],[120.99252235,14.56634505],[120.99294109,14.56559659],[120.9923814,14.56528876],[120.99220316,14.56562757],[120.99199997,14.56596893],[120.99168729,14.56658865],[120.99122829,14.56639126],[120.99100711,14.56683837],[120.99114742,14.56692399],[120.99109365,14.56706206],[120.99113554,14.56710577],[120.99122772,14.56712636],[120.99199902,14.56746414],[120.99209405,14.56727025],[120.99230709,14.5668487]]]]}},{"type":"Feature","properties":{"psgc_code":"1303901709","adm4_en":"Barangay 709","district":"Malate"},"geometry":{"type":"MultiPolygon","coordinates":[[[[120.99363793,14.56591118],[120.99294109,14.56559659],[120.99252235,14.56634505],[120.99230709,14.5668487],[120.99209405,14.56727025],[120.99199902,14.56746414],[120.9919373,14.56759009],[120.99173441,14.5680664],[120.99166143,14.56824265],[120.99159324,14.56840745],[120.99153164,14.56855522],[120.99151638,14.56859007],[120.99146668,14.56870742],[120.99110631,14.56967382],[120.99159896,14.57028012],[120.99327903,14.56668026],[120.99363793,14.56591118]]]]}},{"type":"Feature","properties":{"psgc_code":"1303901710","adm4_en":"Barangay 710","district":"Malate"},"geometry":{"type":"MultiPolygon","coordinates":[[[[120.99042284,14.56770016],[120.9904796,14.56759534],[120.99050443,14.56755455],[120.99070042,14.56707593],[120.99055037,14.56701298],[120.99036209,14.56693486],[120.98998673,14.56678932],[120.98980288,14.56721061],[120.98955259,14.56774125],[120.98970988,14.56791587],[120.98984312,14.56806966],[120.98991287,14.56815804],[120.9902413,14.56791418],[120.99042284,14.56770016]]]]}},{"type":"Feature","properties":{"psgc_code":"1303901711","adm4_en":"Barangay 711","district":"Malate"},"geometry":{"type":"MultiPolygon","coordinates":[[[[120.99105467,14.56712614],[120.99109365,14.56706206],[120.99114742,14.56692399],[120.99100711,14.56683837],[120.99122829,14.56639126],[120.99083248,14.5662326],[120.99066226,14.56617246],[120.99062255,14.56626844],[120.99056951,14.56640791],[120.99021753,14.56626997],[120.99018591,14.56636036],[120.99006041,14.56663591],[120.98998673,14.56678932],[120.99036209,14.56693486],[120.99055037,14.56701298],[120.99070042,14.56707593],[120.9907681,14.56710338],[120.99079315,14.56711488],[120.99087868,14.56714279],[120.99091436,14.56706668],[120.99105467,14.56712614]]]]}},{"type":"Feature","properties":{"psgc_code":"1303901712","adm4_en":"Barangay 712","district":"Malate"},"geometry":{"type":"MultiPolygon","coordinates":[[[[120.9919373,14.56759009],[120.99199902,14.56746414],[120.99122772,14.56712636],[120.99113554,14.56710577],[120.99109365,14.56706206],[120.99105467,14.56712614],[120.99091436,14.56706668],[120.99087868,14.56714279],[120.99079315,14.56711488],[120.9907681,14.56710338],[120.99070042,14.56707593],[120.99050443,14.56755455],[120.9904796,14.56759534],[120.99042284,14.56770016],[120.99057891,14.56776736],[120.99086247,14.56782535],[120.99081103,14.56791125],[120.99166143,14.56824265],[120.99173441,14.5680664],[120.9919373,14.56759009]]]]}},{"type":"Feature","properties":{"psgc_code":"1303901713","adm4_en":"Barangay 713","district":"Malate"},"geometry":{"type":"MultiPolygon","coordinates":[[[[120.99192483,14.56594673],[120.99174124,14.56587633],[120.99161296,14.565842],[120.99157141,14.56597028],[120.99161296,14.56599015],[120.99158405,14.56607869],[120.99146612,14.56604347],[120.9914412,14.56603602],[120.99132552,14.56600188],[120.99123715,14.5659757],[120.9911703,14.56609314],[120.99107093,14.56604255],[120.99091163,14.56603231],[120.99083248,14.5662326],[120.99122829,14.56639126],[120.99168729,14.56658865],[120.99199997,14.56596893],[120.99192483,14.56594673]]]]}},{"type":"Feature","properties":{"psgc_code":"1303901714","adm4_en":"Barangay 714","district":"Malate"},"geometry":{"type":"MultiPolygon","coordinates":[[[[120.99151638,14.56859007],[120.99153164,14.56855522],[120.99159324,14.56840745],[120.99166143,14.56824265],[120.99081103,14.56791125],[120.9907037,14.5680394],[120.9905723,14.5681919],[120.99055236,14.56821634],[120.9904788,14.56829117],[120.99022208,14.56854965],[120.99095669,14.5694848],[120.99110631,14.56967382],[120.99146668,14.56870742],[120.99151638,14.56859007]]]]}},{"type":"Feature","properties":{"psgc_code":"1303901715","adm4_en":"Barangay 715","district":"Malate"},"geometry":{"type":"MultiPolygon","coordinates":[[[[120.99066226,14.56617246],[120.99083248,14.5662326],[120.99091163,14.56603231],[120.9910151,14.56567625],[120.99085237,14.56562501],[120.99087535,14.56552543],[120.99053063,14.56543351],[120.99036976,14.56585481],[120.99033462,14.56595142],[120.99021753,14.56626997],[120.99056951,14.56640791],[120.99062255,14.56626844],[120.99066226,14.56617246]]]]}},{"type":"Feature","properties":{"psgc_code":"1303901716","adm4_en":"Barangay 716","district":"Malate"},"geometry":{"type":"MultiPolygon","coordinates":[[[[120.99132552,14.56600188],[120.9914412,14.56603602],[120.99146612,14.56604347],[120.99158405,14.56607869],[120.99161296,14.56599015],[120.99157141,14.56597028],[120.99161296,14.565842],[120.99153946,14.56581979],[120.99164203,14.56567462],[120.99169092,14.56555692],[120.99144685,14.56548466],[120.99093622,14.56533854],[120.99087535,14.56552543],[120.99085237,14.56562501],[120.9910151,14.56567625],[120.99091163,14.56603231],[120.99107093,14.56604255],[120.9911703,14.56609314],[120.99123715,14.5659757],[120.99132552,14.56600188]]]]}},{"type":"Feature","properties":{"psgc_code":"1303901717","adm4_en":"Barangay 717","district":"Malate"},"geometry":{"type":"MultiPolygon","coordinates":[[[[120.99211018,14.56558565],[120.99190869,14.56550736],[120.99177076,14.56544818],[120.99174143,14.56543794],[120.99154735,14.56537009],[120.99146846,14.56539218],[120.99144685,14.56548466],[120.99169092,14.56555692],[120.99164203,14.56567462],[120.99153946,14.56581979],[120.99161296,14.565842],[120.99174124,14.56587633],[120.99192483,14.56594673],[120.99199997,14.56596893],[120.99220316,14.56562757],[120.99211018,14.56558565]]]]}},{"type":"Feature","properties":{"psgc_code":"1303901718","adm4_en":"Barangay 718","district":"Malate"},"geometry":{"type":"MultiPolygon","coordinates":[[[[120.99225666,14.56519069],[120.99180038,14.56497197],[120.99159544,14.5648437],[120.99150313,14.56480538],[120.99103236,14.56480131],[120.99102738,14.56483866],[120.99102259,14.56497591],[120.99100504,14.56504453],[120.99096728,14.56524201],[120.99093622,14.56533854],[120.99144685,14.56548466],[120.99146846,14.56539218],[120.99154735,14.56537009],[120.99174143,14.56543794],[120.99177076,14.56544818],[120.99190869,14.56550736],[120.99211018,14.56558565],[120.99220316,14.56562757],[120.9923814,14.56528876],[120.99225666,14.56519069]]]]}},{"type":"Feature","properties":{"psgc_code":"1303901719","adm4_en":"Barangay 719","district":"Malate"},"geometry":{"type":"MultiPolygon","coordinates":[[[[120.99398269,14.56517008],[120.9943654,14.5643435],[120.99456493,14.56392334],[120.99519912,14.56258778],[120.99527491,14.56234779],[120.99547851,14.56145598],[120.9956097,14.56091354],[120.99563678,14.56080154],[120.99288242,14.56003694],[120.99287743,14.56003623],[120.9907345,14.55949078],[120.99069546,14.55934767],[120.99056535,14.55925659],[120.98990774,14.55907774],[120.98990738,14.55907861],[120.98990046,14.55909548],[120.98979473,14.55935295],[120.98978874,14.55936755],[120.98932927,14.55921755],[120.98751162,14.55860741],[120.9871791,14.55951895],[120.986786,14.56033278],[120.98595034,14.56001371],[120.98589448,14.56009217],[120.9858904,14.56010114],[120.98590021,14.56011079],[120.98571183,14.56054741],[120.98510949,14.56027179],[120.98505357,14.56039747],[120.98565244,14.56067803],[120.98554233,14.56090913],[120.98553602,14.56092647],[120.98551577,14.56096371],[120.98550937,14.56098597],[120.98550045,14.56100455],[120.98549274,14.56102554],[120.98546971,14.56106879],[120.98546332,14.56107746],[120.98544423,14.56108869],[120.98542388,14.56108887],[120.98539717,14.5610857],[120.98535893,14.56108558],[120.98532958,14.56107927],[120.98529121,14.56107914],[120.98528481,14.56108037],[120.98527071,14.56109028],[120.98526558,14.56109525],[120.98526045,14.56110394],[120.98524506,14.56111884],[120.9852335,14.56114246],[120.98522837,14.56115986],[120.98521682,14.56118347],[120.9852104,14.56120583],[120.9852104,14.56121204],[120.98521809,14.56122073],[120.98524114,14.5612319],[120.98526032,14.56124553],[120.98526926,14.56125543],[120.98527052,14.56126905],[120.98526412,14.5612802],[120.98525773,14.56128392],[120.98525005,14.56129879],[120.98522,14.56133942],[120.98514476,14.56149285],[120.98506712,14.56164108],[120.98497104,14.56159382],[120.98469204,14.56144657],[120.98470667,14.56141589],[120.98468229,14.56140645],[120.98465547,14.56143477],[120.98463543,14.5614477],[120.9848252,14.56154453],[120.98496999,14.56162589],[120.9850602,14.561666],[120.98539156,14.56183733],[120.98537335,14.56186328],[120.98526965,14.56182259],[120.98523736,14.56181312],[120.985209,14.56181123],[120.98512388,14.56177148],[120.98505051,14.5617412],[120.98504953,14.5617393],[120.98491551,14.561674],[120.98490964,14.56166548],[120.98489929,14.56166365],[120.9848871,14.56169197],[120.98485527,14.56170331],[120.98476136,14.56165788],[120.98475353,14.56167587],[120.98486272,14.56173444],[120.98484322,14.56176984],[120.98473495,14.56171848],[120.98472224,14.56173742],[120.98481518,14.5617838],[120.98478975,14.56183114],[120.98482616,14.561891],[120.98477984,14.56188157],[120.9847579,14.56185561],[120.98470669,14.56181786],[120.98468232,14.5618509],[120.98448505,14.56174503],[120.98429822,14.56164092],[120.98401307,14.56148767],[120.98393244,14.56143911],[120.98401288,14.56129281],[120.98399338,14.56128337],[120.98390805,14.56142732],[120.9837862,14.56135407],[120.98370926,14.56125567],[120.98362727,14.56114181],[120.98360289,14.56115125],[120.98376381,14.56138013],[120.98364435,14.56146037],[120.98351269,14.56127632],[120.98348831,14.56129284],[120.9836151,14.56147925],[120.98350295,14.56156421],[120.98336397,14.5613778],[120.98334691,14.56139196],[120.9834737,14.56157601],[120.98335424,14.56166332],[120.98322014,14.56148163],[120.98320063,14.56149579],[120.98333474,14.56167748],[120.9832104,14.56176244],[120.98307874,14.56158311],[120.98305923,14.56159491],[120.98318602,14.56178132],[120.98306413,14.56186392],[120.98289589,14.56163739],[120.9828837,14.56165627],[120.98303975,14.56187808],[120.98290078,14.56197011],[120.98289604,14.56196567],[120.98287745,14.56194827],[120.98283926,14.56189342],[120.98273986,14.56175067],[120.98271548,14.56176483],[120.98274119,14.56180085],[120.98301052,14.56217822],[120.98301416,14.56217982],[120.9830205,14.56218261],[120.98302128,14.56218295],[120.98302618,14.56217822],[120.98302629,14.56217779],[120.98302813,14.56217064],[120.98303106,14.56216875],[120.98303204,14.56216591],[120.98302421,14.56215455],[120.98301541,14.56213656],[120.98292029,14.56200079],[120.98292227,14.56199947],[120.98296816,14.56196893],[120.98303731,14.56192291],[120.98315435,14.56207865],[120.98317141,14.56205977],[120.98305194,14.56190403],[120.98315433,14.56184031],[120.98326161,14.56196065],[120.9832738,14.56195593],[120.98318115,14.56181907],[120.98327623,14.56175536],[120.98336156,14.56187594],[120.98338839,14.56187334],[120.98330061,14.5617412],[120.98339325,14.56167276],[120.98349078,14.56181198],[120.98351028,14.56180254],[120.98341031,14.56166096],[120.98350783,14.56159488],[120.98359459,14.56171117],[120.98360046,14.56171685],[120.98360828,14.56170264],[120.98352977,14.561576],[120.98363217,14.56151228],[120.98372726,14.5616397],[120.98373945,14.5616279],[120.98364923,14.5615052],[120.98371749,14.56144857],[120.98377797,14.56152411],[120.98379656,14.56153358],[120.9838117,14.56155453],[120.9838783,14.56144705],[120.98394621,14.56147959],[120.98388167,14.56160647],[120.98388754,14.56161215],[120.98389146,14.56161404],[120.98396187,14.56148905],[120.98405872,14.561543],[120.98399711,14.5616661],[120.98400103,14.56167178],[120.98400396,14.56166988],[120.98400787,14.56166041],[120.98407828,14.56155342],[120.9841825,14.5616165],[120.98410937,14.56174157],[120.984124,14.56175337],[120.98419957,14.56163066],[120.98428734,14.56167785],[120.98422884,14.56179584],[120.98424834,14.56180292],[120.98431416,14.56168965],[120.98441169,14.56173683],[120.98433368,14.56186662],[120.98434831,14.56187606],[120.98442875,14.56175099],[120.98451409,14.5618029],[120.98445041,14.56191757],[120.98446777,14.56193269],[120.98453603,14.56181234],[120.98462072,14.56185113],[120.98463833,14.56186248],[120.98475059,14.56192323],[120.98468477,14.56204122],[120.98470184,14.56205774],[120.98477253,14.56193267],[120.98478703,14.56194483],[120.9847978,14.56194956],[120.98481149,14.56194388],[120.98481442,14.56194104],[120.98482204,14.5619236],[120.98510673,14.56206273],[120.98511917,14.56204758],[120.9852982,14.56214128],[120.98522878,14.562303],[120.98546446,14.5624171],[120.98542292,14.56250403],[120.98540538,14.56254509],[120.98598989,14.56282078],[120.98604076,14.56284476],[120.98749053,14.56346609],[120.9876137,14.56355656],[120.98774348,14.56329993],[120.98814938,14.56255437],[120.99078547,14.56382959],[120.99109521,14.56397944],[120.99103236,14.56480131],[120.99150313,14.56480538],[120.99159544,14.5648437],[120.99180038,14.56497197],[120.99225666,14.56519069],[120.9923814,14.56528876],[120.99294109,14.56559659],[120.99363793,14.56591118],[120.99373379,14.56570766],[120.99398269,14.56517008]]]]}},{"type":"Feature","properties":{"psgc_code":"1303901720","adm4_en":"Barangay 720","district":"Malate"},"geometry":{"type":"MultiPolygon","coordinates":[[[[120.99096728,14.56524201],[120.99100504,14.56504453],[120.99102259,14.56497591],[120.99102738,14.56483866],[120.99103236,14.56480131],[120.99109521,14.56397944],[120.99078547,14.56382959],[120.98814938,14.56255437],[120.98774348,14.56329993],[120.9876137,14.56355656],[120.98769172,14.56361403],[120.9877509,14.56367912],[120.98793434,14.56372054],[120.98804085,14.56376196],[120.98817695,14.56384481],[120.98830122,14.56385072],[120.98838998,14.56398091],[120.98851425,14.56399866],[120.98872136,14.56405783],[120.98885746,14.56409334],[120.98892255,14.56422944],[120.98902906,14.56427678],[120.98912374,14.5643537],[120.98924209,14.56440696],[120.98929535,14.56447205],[120.98943145,14.56451347],[120.98952613,14.5645549],[120.98963264,14.56457265],[120.98966814,14.56463182],[120.98975099,14.56472058],[120.98989892,14.5647265],[120.99008354,14.56474701],[120.99020606,14.56476831],[120.99027796,14.56478513],[120.9902221,14.56486135],[120.99014507,14.5649616],[120.98994079,14.56522331],[120.99027461,14.56536493],[120.99053063,14.56543351],[120.99087535,14.56552543],[120.99093622,14.56533854],[120.99096728,14.56524201]]]]}},{"type":"Feature","properties":{"psgc_code":"1303901721","adm4_en":"Barangay 721","district":"Malate"},"geometry":{"type":"MultiPolygon","coordinates":[[[[120.98998673,14.56678932],[120.99006041,14.56663591],[120.99018591,14.56636036],[120.99021753,14.56626997],[120.99033462,14.56595142],[120.99036976,14.56585481],[120.99053063,14.56543351],[120.99027461,14.56536493],[120.98994079,14.56522331],[120.99014507,14.5649616],[120.9902221,14.56486135],[120.99027796,14.56478513],[120.99020606,14.56476831],[120.99008354,14.56474701],[120.98989892,14.5647265],[120.98975099,14.56472058],[120.98966814,14.56463182],[120.98963264,14.56457265],[120.98952613,14.5645549],[120.98943145,14.56451347],[120.98929535,14.56447205],[120.98924209,14.56440696],[120.98912374,14.5643537],[120.98902906,14.56427678],[120.98892255,14.56422944],[120.98885746,14.56409334],[120.98872136,14.56405783],[120.98851425,14.56399866],[120.98838998,14.56398091],[120.98830122,14.56385072],[120.98817695,14.56384481],[120.98804085,14.56376196],[120.98793434,14.56372054],[120.9877509,14.56367912],[120.98769172,14.56361403],[120.9876137,14.56355656],[120.98749053,14.56346609],[120.98604076,14.56284476],[120.98598989,14.56282078],[120.98540538,14.56254509],[120.9853783,14.56260854],[120.98536201,14.56261287],[120.98534871,14.56260556],[120.98532944,14.56260405],[120.98532499,14.5626055],[120.98531755,14.56261131],[120.98530712,14.5626244],[120.98530408,14.56265354],[120.98528019,14.56270162],[120.9852623,14.56271912],[120.98525481,14.56273954],[120.98525459,14.5627978],[120.98524552,14.56282547],[120.98524841,14.56284639],[120.98524689,14.5628537],[120.98524674,14.56288743],[120.98524215,14.56291521],[120.98523459,14.56294148],[120.98523158,14.5629473],[120.98522552,14.56297211],[120.98519244,14.5630449],[120.98518341,14.56306674],[120.98518191,14.56307401],[120.98517592,14.56308563],[120.98517142,14.56310163],[120.98516244,14.56311905],[120.98515496,14.5631292],[120.98514147,14.56315681],[120.98513848,14.56315971],[120.98513248,14.5631728],[120.98512797,14.56318881],[120.98511899,14.56319751],[120.98511449,14.56320477],[120.98510099,14.56323678],[120.98508148,14.56327171],[120.98507544,14.56329358],[120.98506942,14.56330523],[120.98506941,14.56330961],[120.98506488,14.56332272],[120.98506037,14.56332855],[120.98506036,14.56333292],[120.98505584,14.56334457],[120.98504832,14.56335622],[120.98504079,14.56337224],[120.98503478,14.56337952],[120.98502876,14.56339263],[120.98502425,14.56339845],[120.98500282,14.56345054],[120.98499023,14.56348679],[120.98498384,14.563517],[120.98497759,14.56352907],[120.98497448,14.56353208],[120.98496198,14.56355773],[120.98494799,14.56357582],[120.98493395,14.56359994],[120.98493085,14.56360296],[120.98492926,14.56360899],[120.98491054,14.56364367],[120.98490582,14.56365724],[120.98489645,14.56367533],[120.9848933,14.56368588],[120.98487611,14.56372205],[120.98486365,14.56374314],[120.98486056,14.56375369],[120.98484665,14.56376576],[120.98483575,14.56378837],[120.98482954,14.56379742],[120.98481862,14.56382303],[120.98481073,14.56385917],[120.98479035,14.5639284],[120.98476234,14.56398713],[120.98475146,14.56400672],[120.98473441,14.56402936],[120.98471738,14.56404451],[120.98468802,14.56405077],[120.98467451,14.56405482],[120.98501773,14.56425503],[120.9852614,14.56435442],[120.98635672,14.56481081],[120.98684936,14.56501291],[120.9871399,14.56515185],[120.98778413,14.56554342],[120.98832477,14.56622484],[120.98891756,14.56696466],[120.98910406,14.56719695],[120.98937116,14.56752681],[120.98950294,14.56768273],[120.98955259,14.56774125],[120.98980288,14.56721061],[120.98998673,14.56678932]]]]}},{"type":"Feature","properties":{"psgc_code":"1303901722","adm4_en":"Barangay 722","district":"Malate"},"geometry":{"type":"MultiPolygon","coordinates":[[[[120.99478992,14.57175764],[120.99493381,14.57135071],[120.99459573,14.57122951],[120.99424488,14.57108918],[120.99392592,14.57097436],[120.99317794,14.57225059],[120.99343058,14.57256637],[120.99365796,14.57285689],[120.99367734,14.57288039],[120.99396084,14.57322405],[120.99406218,14.5733495],[120.99465489,14.57205883],[120.99478992,14.57175764]]]]}},{"type":"Feature","properties":{"psgc_code":"1303901723","adm4_en":"Barangay 723","district":"Malate"},"geometry":{"type":"MultiPolygon","coordinates":[[[[120.99370904,14.57088506],[120.99351129,14.57081489],[120.99320509,14.57068732],[120.99294355,14.57059802],[120.9925034,14.5704513],[120.99219077,14.57039213],[120.99159896,14.57028012],[120.99219266,14.57101273],[120.99241485,14.57128813],[120.99250213,14.57140618],[120.99266004,14.5716064],[120.99291268,14.57193481],[120.99317794,14.57225059],[120.99392592,14.57097436],[120.99370904,14.57088506]]]]}},{"type":"Feature","properties":{"psgc_code":"1303901724","adm4_en":"Barangay 724","district":"Malate"},"geometry":{"type":"MultiPolygon","coordinates":[[[[120.99518201,14.57033647],[120.99522733,14.57011742],[120.99531043,14.5698757],[120.99546907,14.56950558],[120.99552274,14.5694008],[120.99562771,14.56919588],[120.99570409,14.56906903],[120.99573347,14.56902215],[120.99595254,14.56862936],[120.99553706,14.56849339],[120.99528022,14.5683952],[120.99378647,14.5677178],[120.9936445,14.56799555],[120.99339759,14.56852636],[120.99328881,14.56875407],[120.99315929,14.56903791],[120.99304575,14.56927936],[120.99294699,14.56950156],[120.99278298,14.56985192],[120.9925034,14.5704513],[120.99294355,14.57059802],[120.99320509,14.57068732],[120.99351129,14.57081489],[120.99370904,14.57088506],[120.99392592,14.57097436],[120.99424488,14.57108918],[120.99459573,14.57122951],[120.99493381,14.57135071],[120.9951031,14.57065199],[120.99518201,14.57033647]]]]}},{"type":"Feature","properties":{"psgc_code":"1303901725","adm4_en":"Barangay 725","district":"Malate"},"geometry":{"type":"MultiPolygon","coordinates":[[[[120.99294699,14.56950156],[120.99304575,14.56927936],[120.99315929,14.56903791],[120.99328881,14.56875407],[120.99339759,14.56852636],[120.9936445,14.56799555],[120.99378647,14.5677178],[120.9940519,14.56718082],[120.99420729,14.56681986],[120.99448275,14.56627137],[120.99455945,14.56605663],[120.99373379,14.56570766],[120.99363793,14.56591118],[120.99327903,14.56668026],[120.99159896,14.57028012],[120.99219077,14.57039213],[120.9925034,14.5704513],[120.99278298,14.56985192],[120.99294699,14.56950156]]]]}},{"type":"Feature","properties":{"psgc_code":"1303901726","adm4_en":"Barangay 726","district":"Malate"},"geometry":{"type":"MultiPolygon","coordinates":[[[[120.9960975,14.56831167],[120.99615069,14.56812621],[120.99616406,14.56809306],[120.99629248,14.56769272],[120.99635291,14.56745855],[120.99643092,14.5671457],[120.99557717,14.56682327],[120.99546313,14.56678526],[120.9953719,14.56671684],[120.99531869,14.56664082],[120.99522746,14.5665496],[120.9950602,14.56648878],[120.99448275,14.56627137],[120.99420729,14.56681986],[120.9940519,14.56718082],[120.99378647,14.5677178],[120.99528022,14.5683952],[120.99553706,14.56849339],[120.99595254,14.56862936],[120.99604534,14.56849355],[120.9960975,14.56831167]]]]}},{"type":"Feature","properties":{"psgc_code":"1303901727","adm4_en":"Barangay 727","district":"Malate"},"geometry":{"type":"MultiPolygon","coordinates":[[[[120.99663035,14.56654748],[120.99675307,14.56614867],[120.9969437,14.56549334],[120.99576669,14.5649763],[120.9951884,14.56472214],[120.9943654,14.5643435],[120.99398269,14.56517008],[120.99373379,14.56570766],[120.99455945,14.56605663],[120.99448275,14.56627137],[120.9950602,14.56648878],[120.99522746,14.5665496],[120.99531869,14.56664082],[120.9953719,14.56671684],[120.99546313,14.56678526],[120.99557717,14.56682327],[120.99643092,14.5671457],[120.99652296,14.5668696],[120.99663035,14.56654748]]]]}},{"type":"Feature","properties":{"psgc_code":"1303901728","adm4_en":"Barangay 728","district":"Malate"},"geometry":{"type":"MultiPolygon","coordinates":[[[[120.99741694,14.56535797],[120.99743486,14.56512062],[120.99747964,14.56494597],[120.99755577,14.56477132],[120.99762742,14.56459219],[120.99766324,14.56446232],[120.99770355,14.56434589],[120.99780207,14.56421154],[120.9979185,14.56403689],[120.9979812,14.56386672],[120.99797541,14.5638642],[120.99792308,14.5638418],[120.99770186,14.56374499],[120.9963042,14.56309217],[120.99601915,14.56298183],[120.99581686,14.56288988],[120.99519912,14.56258778],[120.99456493,14.56392334],[120.9943654,14.5643435],[120.9951884,14.56472214],[120.99576669,14.5649763],[120.9969437,14.56549334],[120.99724971,14.56561413],[120.99726805,14.56561928],[120.99741869,14.56566065],[120.99748324,14.56567855],[120.9974662,14.56551023],[120.99741694,14.56535797]]]]}},{"type":"Feature","properties":{"psgc_code":"1303901729","adm4_en":"Barangay 729","district":"Malate"},"geometry":{"type":"MultiPolygon","coordinates":[[[[120.99682612,14.56178532],[120.99697689,14.56135458],[120.99704854,14.56114665],[120.99706755,14.56108769],[120.99690792,14.56103729],[120.99688552,14.5611073],[120.99659625,14.56103673],[120.99563699,14.56080159],[120.99563678,14.56080154],[120.9956097,14.56091354],[120.99547851,14.56145598],[120.99527491,14.56234779],[120.99519912,14.56258778],[120.99581686,14.56288988],[120.99601915,14.56298183],[120.9963042,14.56309217],[120.99653175,14.56253911],[120.99682612,14.56178532]]]]}},{"type":"Feature","properties":{"psgc_code":"1303901730","adm4_en":"Barangay 730","district":"Malate"},"geometry":{"type":"MultiPolygon","coordinates":[[[[120.99821406,14.56348607],[120.99828124,14.56326664],[120.99830811,14.56309647],[120.99835737,14.56295764],[120.99840215,14.56285465],[120.99847828,14.56280986],[120.99851858,14.56260387],[120.99854178,14.56237284],[120.99855889,14.5622277],[120.99858128,14.56203513],[120.99859471,14.56190526],[120.99882216,14.56171636],[120.99824627,14.56160142],[120.9980274,14.56161405],[120.99794322,14.56162668],[120.99781695,14.56162668],[120.99775165,14.56161735],[120.99697689,14.56135458],[120.99682612,14.56178532],[120.99653175,14.56253911],[120.9963042,14.56309217],[120.99770186,14.56374499],[120.99792308,14.5638418],[120.99797541,14.5638642],[120.9979812,14.56386672],[120.99810659,14.56369207],[120.99821406,14.56348607]]]]}},{"type":"Feature","properties":{"psgc_code":"1303901731","adm4_en":"Barangay 731","district":"Malate"},"geometry":{"type":"MultiPolygon","coordinates":[[[[120.99716287,14.57196115],[120.99713623,14.57157559],[120.99711388,14.57121436],[120.99710344,14.5710547],[120.99709504,14.57092433],[120.99708012,14.5707005],[120.99706858,14.57052302],[120.99706646,14.57049042],[120.99704923,14.57019751],[120.9970209,14.56975986],[120.99699812,14.56937889],[120.99695878,14.56881235],[120.99691771,14.56881239],[120.99678688,14.56879192],[120.9966735,14.56876607],[120.99658769,14.5687114],[120.99653246,14.56862218],[120.99651559,14.56870544],[120.99632545,14.56964993],[120.99615721,14.5704183],[120.99612993,14.57058652],[120.99601171,14.57101845],[120.99587984,14.57155948],[120.99578223,14.57185462],[120.99596084,14.57192479],[120.99614763,14.5719995],[120.99638824,14.57209064],[120.99649668,14.57212891],[120.99712053,14.57222193],[120.99712107,14.57202386],[120.99716287,14.57196115]]]]}},{"type":"Feature","properties":{"psgc_code":"1303901732","adm4_en":"Barangay 732","district":"Malate"},"geometry":{"type":"MultiPolygon","coordinates":[[[[120.99854642,14.57080752],[120.99844957,14.57054923],[120.99835271,14.5703878],[120.99833279,14.5703598],[120.99824663,14.5702402],[120.99809442,14.5700511],[120.99795653,14.56985432],[120.9978165,14.5697143],[120.99767648,14.56956909],[120.99756757,14.56946018],[120.99746385,14.5693409],[120.99740162,14.56923199],[120.99736013,14.56913864],[120.99732382,14.56900899],[120.99735494,14.56883266],[120.99722508,14.56877449],[120.99710718,14.56880818],[120.99695878,14.56881235],[120.99699812,14.56937889],[120.9970209,14.56975986],[120.99704923,14.57019751],[120.99706646,14.57049042],[120.99706858,14.57052302],[120.99708012,14.5707005],[120.99709504,14.57092433],[120.99826707,14.57096803],[120.99860038,14.57091163],[120.99854642,14.57080752]]]]}},{"type":"Feature","properties":{"psgc_code":"1303901733","adm4_en":"Barangay 733","district":"Malate"},"geometry":{"type":"MultiPolygon","coordinates":[[[[120.99749496,14.56854224],[120.99757794,14.56820515],[120.99761092,14.56809888],[120.99763772,14.56801198],[120.99768821,14.56788855],[120.99774993,14.56781],[120.99773871,14.5676473],[120.99765455,14.56748459],[120.99762883,14.56734853],[120.99760967,14.56728823],[120.9975976,14.5672385],[120.99756478,14.56710308],[120.99752551,14.56686745],[120.99752357,14.56681102],[120.9975199,14.56670474],[120.99754795,14.56647472],[120.9975289,14.56632974],[120.99752442,14.56615509],[120.9975289,14.565967],[120.99749755,14.56581027],[120.99748324,14.56567855],[120.99741869,14.56566065],[120.99726805,14.56561928],[120.99724971,14.56561413],[120.9969437,14.56549334],[120.99675307,14.56614867],[120.99663035,14.56654748],[120.99652296,14.5668696],[120.99643092,14.5671457],[120.99635291,14.56745855],[120.99629248,14.56769272],[120.99616406,14.56809306],[120.99615069,14.56812621],[120.9960975,14.56831167],[120.99620987,14.56836465],[120.99639188,14.56846649],[120.99648506,14.56858133],[120.99653246,14.56862218],[120.99658769,14.5687114],[120.9966735,14.56876607],[120.99678688,14.56879192],[120.99691771,14.56881239],[120.99695878,14.56881235],[120.99710718,14.56880818],[120.99722508,14.56877449],[120.99735494,14.56883266],[120.99743273,14.56869264],[120.99749496,14.56854224]]]]}},{"type":"Feature","properties":{"psgc_code":"1303901734","adm4_en":"Barangay 734","district":"Malate"},"geometry":{"type":"MultiPolygon","coordinates":[[[[120.99765031,14.57606938],[120.99776666,14.57584849],[120.99773325,14.5758343],[120.99757828,14.57579951],[120.99748024,14.57580583],[120.9973569,14.57582165],[120.99734886,14.57582311],[120.99725253,14.57584062],[120.99714184,14.5758596],[120.99701236,14.57590617],[120.99693205,14.5759671],[120.99680465,14.57598926],[120.99673541,14.57596987],[120.99670772,14.5759034],[120.99672711,14.57582586],[120.9967188,14.57570677],[120.99669941,14.57561537],[120.99669664,14.57552398],[120.99668833,14.57542982],[120.99663571,14.57537443],[120.99656647,14.57536058],[120.99648062,14.57537997],[120.99638923,14.57540212],[120.99629506,14.57549352],[120.99621128,14.57556122],[120.99613667,14.57565338],[120.99600769,14.5757447],[120.99617464,14.57594747],[120.99621886,14.5760009],[120.9969315,14.57689254],[120.99709492,14.57708439],[120.99731898,14.57667465],[120.99765031,14.57606938]]]]}},{"type":"Feature","properties":{"psgc_code":"1303901735","adm4_en":"Barangay 735","district":"Malate"},"geometry":{"type":"MultiPolygon","coordinates":[[[[120.99701236,14.57590617],[120.99714184,14.5758596],[120.99725253,14.57584062],[120.99734886,14.57582311],[120.9973569,14.57582165],[120.99748024,14.57580583],[120.99757828,14.57579951],[120.99773325,14.5758343],[120.99776666,14.57584849],[120.998454,14.57454518],[120.99868235,14.57411937],[120.99862706,14.57413351],[120.99841697,14.57418725],[120.99754842,14.57458293],[120.99728467,14.57466684],[120.99728132,14.57457499],[120.99714344,14.57462861],[120.99688171,14.5747333],[120.99689505,14.57485864],[120.99669125,14.57493056],[120.99675719,14.57515832],[120.99683821,14.57558785],[120.99669941,14.57561537],[120.9967188,14.57570677],[120.99672711,14.57582586],[120.99670772,14.5759034],[120.99673541,14.57596987],[120.99680465,14.57598926],[120.99693205,14.5759671],[120.99701236,14.57590617]]]]}},{"type":"Feature","properties":{"psgc_code":"1303901736","adm4_en":"Barangay 736","district":"Malate"},"geometry":{"type":"MultiPolygon","coordinates":[[[[120.99621128,14.57556122],[120.99629506,14.57549352],[120.99638923,14.57540212],[120.99648062,14.57537997],[120.99656647,14.57536058],[120.99663571,14.57537443],[120.99668833,14.57542982],[120.99669664,14.57552398],[120.99669941,14.57561537],[120.99683821,14.57558785],[120.99675719,14.57515832],[120.99669125,14.57493056],[120.99689505,14.57485864],[120.99688171,14.5747333],[120.99714344,14.57462861],[120.99713466,14.57429081],[120.99693702,14.57436715],[120.99658906,14.57450878],[120.9964996,14.5745469],[120.99636009,14.57460584],[120.9962901,14.57463422],[120.99619671,14.57465433],[120.99603814,14.57469137],[120.99572805,14.57475276],[120.99542841,14.57481767],[120.99533127,14.57491741],[120.99554127,14.5751742],[120.99566211,14.57532242],[120.9958377,14.57553672],[120.99597082,14.57570005],[120.99600769,14.5757447],[120.99613667,14.57565338],[120.99621128,14.57556122]]]]}},{"type":"Feature","properties":{"psgc_code":"1303901737","adm4_en":"Barangay 737","district":"Malate"},"geometry":{"type":"MultiPolygon","coordinates":[[[[120.99841697,14.57418725],[120.99862706,14.57413351],[120.99868235,14.57411937],[120.99879092,14.57391233],[120.99889673,14.5737252],[120.99895672,14.57361613],[120.99900447,14.57352556],[120.99886357,14.57355292],[120.99725381,14.5739457],[120.99727269,14.57424128],[120.99713466,14.57429081],[120.99714344,14.57462861],[120.99728132,14.57457499],[120.99728467,14.57466684],[120.99754842,14.57458293],[120.99841697,14.57418725]]]]}},{"type":"Feature","properties":{"psgc_code":"1303901738","adm4_en":"Barangay 738","district":"Malate"},"geometry":{"type":"MultiPolygon","coordinates":[[[[120.99900447,14.57352556],[120.99913385,14.57328612],[120.99934994,14.57288621],[120.99948574,14.57263452],[120.99906106,14.57248613],[120.99873573,14.57242234],[120.99866502,14.57240945],[120.99857871,14.57239415],[120.99847604,14.57238137],[120.99807869,14.57232665],[120.99745354,14.57226924],[120.99735269,14.57225508],[120.99717924,14.57223097],[120.99718574,14.57249614],[120.99718992,14.57257244],[120.99719452,14.5726553],[120.99719881,14.57279422],[120.99719975,14.57281503],[120.99720593,14.57295508],[120.99722878,14.57347341],[120.99724312,14.57376294],[120.99725381,14.5739457],[120.99886357,14.57355292],[120.99900447,14.57352556]]]]}},{"type":"Feature","properties":{"psgc_code":"1303901739","adm4_en":"Barangay 739","district":"Malate"},"geometry":{"type":"MultiPolygon","coordinates":[[[[120.99859716,14.57207129],[120.99867557,14.57196059],[120.99877243,14.57184067],[120.99885084,14.57168847],[120.99881394,14.57149014],[120.99867096,14.57103813],[120.99860038,14.57091163],[120.99826707,14.57096803],[120.99709504,14.57092433],[120.99710344,14.5710547],[120.99711388,14.57121436],[120.99713623,14.57157559],[120.99716287,14.57196115],[120.99712107,14.57202386],[120.99712053,14.57222193],[120.99717924,14.57223097],[120.99735269,14.57225508],[120.99745354,14.57226924],[120.99807869,14.57232665],[120.99847604,14.57238137],[120.99857871,14.57239415],[120.99857871,14.57223733],[120.99859716,14.57207129]]]]}},{"type":"Feature","properties":{"psgc_code":"1303901740","adm4_en":"Barangay 740","district":"Malate"},"geometry":{"type":"MultiPolygon","coordinates":[[[[120.99724312,14.57376294],[120.99722878,14.57347341],[120.99720593,14.57295508],[120.99719975,14.57281503],[120.99719881,14.57279422],[120.99719452,14.5726553],[120.99718992,14.57257244],[120.99718574,14.57249614],[120.99717924,14.57223097],[120.99712053,14.57222193],[120.99649668,14.57212891],[120.99638824,14.57209064],[120.99614763,14.5719995],[120.99600306,14.57233807],[120.99550619,14.57319294],[120.99541943,14.57342296],[120.99587323,14.57363238],[120.99615949,14.57374509],[120.99607184,14.57401677],[120.99608937,14.57405183],[120.99706225,14.57379768],[120.99724312,14.57376294]]]]}},{"type":"Feature","properties":{"psgc_code":"1303901741","adm4_en":"Barangay 741","district":"Malate"},"geometry":{"type":"MultiPolygon","coordinates":[[[[120.99572805,14.57475276],[120.99603814,14.57469137],[120.99619671,14.57465433],[120.9962901,14.57463422],[120.99636009,14.57460584],[120.9964996,14.5745469],[120.99658906,14.57450878],[120.99693702,14.57436715],[120.99713466,14.57429081],[120.99727269,14.57424128],[120.99725381,14.5739457],[120.99724312,14.57376294],[120.99706225,14.57379768],[120.99608937,14.57405183],[120.99607184,14.57401677],[120.99615949,14.57374509],[120.99587323,14.57363238],[120.99562259,14.57423332],[120.99533127,14.57491741],[120.99542841,14.57481767],[120.99572805,14.57475276]]]]}},{"type":"Feature","properties":{"psgc_code":"1303901742","adm4_en":"Barangay 742","district":"Malate"},"geometry":{"type":"MultiPolygon","coordinates":[[[[120.99587323,14.57363238],[120.99541943,14.57342296],[120.99499921,14.57442727],[120.99497863,14.57447646],[120.99509883,14.57463237],[120.99533127,14.57491741],[120.99562259,14.57423332],[120.99587323,14.57363238]]]]}},{"type":"Feature","properties":{"psgc_code":"1303901743","adm4_en":"Barangay 743","district":"Malate"},"geometry":{"type":"MultiPolygon","coordinates":[[[[120.99541943,14.57342296],[120.99550619,14.57319294],[120.99600306,14.57233807],[120.99614763,14.5719995],[120.99596084,14.57192479],[120.99578223,14.57185462],[120.99561637,14.57175256],[120.99532294,14.57156758],[120.99493381,14.57135071],[120.99478992,14.57175764],[120.99465489,14.57205883],[120.99406218,14.5733495],[120.9944664,14.57384212],[120.99469253,14.57412062],[120.9948259,14.57429492],[120.99497863,14.57447646],[120.99499921,14.57442727],[120.99541943,14.57342296]]]]}},{"type":"Feature","properties":{"psgc_code":"1303901744","adm4_en":"Barangay 744","district":"Malate"},"geometry":{"type":"MultiPolygon","coordinates":[[[[120.99601171,14.57101845],[120.99612993,14.57058652],[120.99615721,14.5704183],[120.99632545,14.56964993],[120.99651559,14.56870544],[120.99653246,14.56862218],[120.99648506,14.56858133],[120.99639188,14.56846649],[120.99620987,14.56836465],[120.9960975,14.56831167],[120.99604534,14.56849355],[120.99595254,14.56862936],[120.99573347,14.56902215],[120.99570409,14.56906903],[120.99562771,14.56919588],[120.99552274,14.5694008],[120.99546907,14.56950558],[120.99531043,14.5698757],[120.99522733,14.57011742],[120.99518201,14.57033647],[120.9951031,14.57065199],[120.99493381,14.57135071],[120.99532294,14.57156758],[120.99561637,14.57175256],[120.99578223,14.57185462],[120.99587984,14.57155948],[120.99601171,14.57101845]]]]}},{"type":"Feature","properties":{"psgc_code":"1303901745","adm4_en":"Barangay 745","district":"Malate"},"geometry":{"type":"MultiPolygon","coordinates":[[[[120.9975976,14.5672385],[120.99760967,14.56728823],[120.99762883,14.56734853],[120.99765455,14.56748459],[120.99773871,14.5676473],[120.99774993,14.56781],[120.99768821,14.56788855],[120.99763772,14.56801198],[120.99761092,14.56809888],[120.99805482,14.56810125],[120.99917902,14.56810934],[120.99932882,14.5675152],[120.9975976,14.5672385]]]]}},{"type":"Feature","properties":{"psgc_code":"1303901746","adm4_en":"Barangay 746","district":"Malate"},"geometry":{"type":"MultiPolygon","coordinates":[[[[120.99996245,14.56750075],[121.00013206,14.56713026],[121.00020405,14.56697775],[120.99956298,14.56665649],[120.99895693,14.56635496],[120.99830464,14.56606507],[120.99796342,14.56592299],[120.99748324,14.56567855],[120.99749755,14.56581027],[120.9975289,14.565967],[120.99752442,14.56615509],[120.9975289,14.56632974],[120.99754795,14.56647472],[120.9975199,14.56670474],[120.99752357,14.56681102],[120.99752551,14.56686745],[120.99756478,14.56710308],[120.9975976,14.5672385],[120.99932882,14.5675152],[120.99989751,14.56763594],[120.99993614,14.56755867],[120.99996245,14.56750075]]]]}},{"type":"Feature","properties":{"psgc_code":"1303901747","adm4_en":"Barangay 747","district":"Malate"},"geometry":{"type":"MultiPolygon","coordinates":[[[[121.00113071,14.56913231],[121.00077262,14.56897205],[120.99999636,14.57056551],[121.00046743,14.57077492],[121.0013063,14.56921253],[121.00113071,14.56913231]]]]}},{"type":"Feature","properties":{"psgc_code":"1303901748","adm4_en":"Barangay 748","district":"Malate"},"geometry":{"type":"MultiPolygon","coordinates":[[[[121.00146638,14.56754508],[121.00114483,14.56740018],[121.00081538,14.56726745],[121.00011056,14.56867436],[120.9993537,14.57027332],[120.99951825,14.5703462],[120.99968352,14.57041953],[120.99999636,14.57056551],[121.00077262,14.56897205],[121.00146638,14.56754508]]]]}},{"type":"Feature","properties":{"psgc_code":"1303901749","adm4_en":"Barangay 749","district":"Malate"},"geometry":{"type":"MultiPolygon","coordinates":[[[[121.00177727,14.56769948],[121.00146638,14.56754508],[121.00077262,14.56897205],[121.00113071,14.56913231],[121.0013063,14.56921253],[121.002046,14.56783641],[121.00177727,14.56769948]]]]}},{"type":"Feature","properties":{"psgc_code":"1303901750","adm4_en":"Barangay 750","district":"Malate"},"geometry":{"type":"MultiPolygon","coordinates":[[[[121.00046743,14.57077492],[120.99999636,14.57056551],[120.99968352,14.57041953],[120.99951825,14.5703462],[120.99885084,14.57168847],[120.99877243,14.57184067],[120.99867557,14.57196059],[120.99859716,14.57207129],[120.99857871,14.57223733],[120.99857871,14.57239415],[120.99866502,14.57240945],[120.99873573,14.57242234],[120.99906106,14.57248613],[120.99948574,14.57263452],[120.99960027,14.57240548],[121.00046743,14.57077492]]]]}},{"type":"Feature","properties":{"psgc_code":"1303901751","adm4_en":"Barangay 751","district":"San Andres"},"geometry":{"type":"MultiPolygon","coordinates":[[[[120.9993537,14.57027332],[121.00011056,14.56867436],[120.99982564,14.56853863],[120.99948185,14.56840525],[120.99873459,14.56999201],[120.99849475,14.57044038],[120.99844957,14.57054923],[120.99854642,14.57080752],[120.99860038,14.57091163],[120.99867096,14.57103813],[120.99881394,14.57149014],[120.99885084,14.57168847],[120.99951825,14.5703462],[120.9993537,14.57027332]]]]}},{"type":"Feature","properties":{"psgc_code":"1303901752","adm4_en":"Barangay 752","district":"San Andres"},"geometry":{"type":"MultiPolygon","coordinates":[[[[121.00020405,14.56697775],[121.00013206,14.56713026],[120.99996245,14.56750075],[120.99993614,14.56755867],[120.99989751,14.56763594],[120.99932882,14.5675152],[120.99917902,14.56810934],[120.99913489,14.56828319],[120.99936903,14.56830592],[120.99944534,14.56834513],[120.99948185,14.56840525],[120.99982564,14.56853863],[121.00011056,14.56867436],[121.00081538,14.56726745],[121.00020405,14.56697775]]]]}},{"type":"Feature","properties":{"psgc_code":"1303901753","adm4_en":"Barangay 753","district":"San Andres"},"geometry":{"type":"MultiPolygon","coordinates":[[[[120.99873459,14.56999201],[120.99948185,14.56840525],[120.99944534,14.56834513],[120.99936903,14.56830592],[120.99913489,14.56828319],[120.99900569,14.56823661],[120.99862507,14.56876017],[120.99858296,14.56881996],[120.99831046,14.56889064],[120.99810274,14.56891952],[120.99784401,14.56894729],[120.99762684,14.56896561],[120.99752828,14.56897202],[120.99732382,14.56900899],[120.99736013,14.56913864],[120.99740162,14.56923199],[120.99746385,14.5693409],[120.99756757,14.56946018],[120.99767648,14.56956909],[120.9978165,14.5697143],[120.99795653,14.56985432],[120.99809442,14.5700511],[120.99824663,14.5702402],[120.99833279,14.5703598],[120.99835271,14.5703878],[120.99844957,14.57054923],[120.99849475,14.57044038],[120.99873459,14.56999201]]]]}},{"type":"Feature","properties":{"psgc_code":"1303901754","adm4_en":"Barangay 754","district":"San Andres"},"geometry":{"type":"MultiPolygon","coordinates":[[[[120.99762684,14.56896561],[120.99784401,14.56894729],[120.99810274,14.56891952],[120.99831046,14.56889064],[120.99858296,14.56881996],[120.99862507,14.56876017],[120.99900569,14.56823661],[120.99913489,14.56828319],[120.99917902,14.56810934],[120.99805482,14.56810125],[120.99761092,14.56809888],[120.99757794,14.56820515],[120.99749496,14.56854224],[120.99743273,14.56869264],[120.99735494,14.56883266],[120.99732382,14.56900899],[120.99752828,14.56897202],[120.99762684,14.56896561]]]]}},{"type":"Feature","properties":{"psgc_code":"1303901755","adm4_en":"Barangay 755","district":"San Andres"},"geometry":{"type":"MultiPolygon","coordinates":[[[[120.99994487,14.56279919],[120.99992499,14.56277996],[120.99986061,14.562713],[120.99965703,14.56251404],[120.99941061,14.56225513],[120.99905088,14.56189928],[120.99883151,14.56172384],[120.9988252,14.56171879],[120.99882216,14.56171636],[120.99859471,14.56190526],[120.99858128,14.56203513],[120.99855889,14.5622277],[120.99854178,14.56237284],[120.99851858,14.56260387],[120.99847828,14.56280986],[120.99840215,14.56285465],[120.99835737,14.56295764],[120.99830811,14.56309647],[120.99828124,14.56326664],[120.99821406,14.56348607],[120.99810659,14.56369207],[120.9979812,14.56386672],[120.99825487,14.56400309],[120.99848345,14.56412197],[120.99878689,14.56427828],[120.99909953,14.56444378],[120.99951349,14.56361891],[120.99994487,14.56279919]]]]}},{"type":"Feature","properties":{"psgc_code":"1303901756","adm4_en":"Barangay 756","district":"San Andres"},"geometry":{"type":"MultiPolygon","coordinates":[[[[121.00085778,14.56402775],[121.00096227,14.56380955],[121.0009591,14.56380658],[121.00080559,14.56363999],[121.00070639,14.56354639],[121.00051956,14.56335425],[121.00044239,14.56328054],[120.99994487,14.56279919],[120.99951349,14.56361891],[120.99909953,14.56444378],[120.99942136,14.56460928],[120.9997248,14.56476559],[121.00003743,14.56494029],[121.00034087,14.5650966],[121.00074595,14.56425483],[121.00085778,14.56402775]]]]}},{"type":"Feature","properties":{"psgc_code":"1303901757","adm4_en":"Barangay 757","district":"San Andres"},"geometry":{"type":"MultiPolygon","coordinates":[[[[121.00163427,14.56447509],[121.00151107,14.56434853],[121.00125086,14.56408013],[121.00109507,14.56393406],[121.00096227,14.56380955],[121.00085778,14.56402775],[121.00074595,14.56425483],[121.00034087,14.5650966],[121.00065351,14.56524372],[121.00094775,14.56540922],[121.00113415,14.56550139],[121.00162847,14.56448727],[121.00163427,14.56447509]]]]}},{"type":"Feature","properties":{"psgc_code":"1303901758","adm4_en":"Barangay 758","district":"San Andres"},"geometry":{"type":"MultiPolygon","coordinates":[[[[121.0031168,14.56597616],[121.00307606,14.56593829],[121.00283066,14.56567185],[121.00252386,14.56535379],[121.0022674,14.56509504],[121.00198831,14.56483851],[121.00174174,14.56458549],[121.00163427,14.56447509],[121.00162847,14.56448727],[121.00113415,14.56550139],[121.00126039,14.56556553],[121.00157302,14.56573103],[121.00187646,14.56587815],[121.00219829,14.56604365],[121.00252932,14.56620916],[121.00286473,14.56636791],[121.00311181,14.56598389],[121.0031168,14.56597616]]]]}},{"type":"Feature","properties":{"psgc_code":"1303901759","adm4_en":"Barangay 759","district":"San Andres"},"geometry":{"type":"MultiPolygon","coordinates":[[[[121.00286473,14.56636791],[121.00252932,14.56620916],[121.00219829,14.56604365],[121.00187646,14.56587815],[121.00157302,14.56573103],[121.001351,14.56616272],[121.00119442,14.56646223],[121.00081538,14.56726745],[121.00114483,14.56740018],[121.00146638,14.56754508],[121.00177727,14.56769948],[121.002046,14.56783641],[121.00245538,14.56708112],[121.00286473,14.56636791]]]]}},{"type":"Feature","properties":{"psgc_code":"1303901760","adm4_en":"Barangay 760","district":"San Andres"},"geometry":{"type":"MultiPolygon","coordinates":[[[[121.001351,14.56616272],[121.00157302,14.56573103],[121.00126039,14.56556553],[121.00113415,14.56550139],[121.00094775,14.56540922],[121.00065351,14.56524372],[121.00034087,14.5650966],[121.0001157,14.56553077],[120.99996009,14.56585754],[120.99979669,14.56619986],[120.99956298,14.56665649],[121.00020405,14.56697775],[121.00081538,14.56726745],[121.00119442,14.56646223],[121.001351,14.56616272]]]]}},{"type":"Feature","properties":{"psgc_code":"1303901761","adm4_en":"Barangay 761","district":"San Andres"},"geometry":{"type":"MultiPolygon","coordinates":[[[[120.99996009,14.56585754],[121.0001157,14.56553077],[121.00034087,14.5650966],[121.00003743,14.56494029],[120.9997248,14.56476559],[120.99942136,14.56460928],[120.99909953,14.56444378],[120.9988816,14.56490117],[120.99871434,14.56526044],[120.99854707,14.56561353],[120.99830464,14.56606507],[120.99895693,14.56635496],[120.99956298,14.56665649],[120.99979669,14.56619986],[120.99996009,14.56585754]]]]}},{"type":"Feature","properties":{"psgc_code":"1303901762","adm4_en":"Barangay 762","district":"San Andres"},"geometry":{"type":"MultiPolygon","coordinates":[[[[120.99871434,14.56526044],[120.9988816,14.56490117],[120.99909953,14.56444378],[120.99878689,14.56427828],[120.99848345,14.56412197],[120.99825487,14.56400309],[120.9979812,14.56386672],[120.9979185,14.56403689],[120.99780207,14.56421154],[120.99770355,14.56434589],[120.99766324,14.56446232],[120.99762742,14.56459219],[120.99755577,14.56477132],[120.99747964,14.56494597],[120.99743486,14.56512062],[120.99741694,14.56535797],[120.9974662,14.56551023],[120.99748324,14.56567855],[120.99796342,14.56592299],[120.99830464,14.56606507],[120.99854707,14.56561353],[120.99871434,14.56526044]]]]}},{"type":"Feature","properties":{"psgc_code":"1303901763","adm4_en":"Barangay 763","district":"San Andres"},"geometry":{"type":"MultiPolygon","coordinates":[[[[121.00580622,14.56865394],[121.00558713,14.56843071],[121.0053486,14.56818599],[121.00523482,14.56806957],[121.0050947,14.56793234],[121.00484823,14.56769096],[121.00484209,14.56769669],[121.00356118,14.56889352],[121.00369064,14.56902245],[121.00380496,14.56913729],[121.00404233,14.56938106],[121.00429895,14.56963766],[121.00454914,14.56989426],[121.00580501,14.56865513],[121.00580622,14.56865394]]]]}},{"type":"Feature","properties":{"psgc_code":"1303901764","adm4_en":"Barangay 764","district":"San Andres"},"geometry":{"type":"MultiPolygon","coordinates":[[[[121.00484823,14.56769096],[121.00473288,14.56757799],[121.00460434,14.5674521],[121.00435842,14.56720852],[121.00433003,14.56717977],[121.00432963,14.56717936],[121.0035684,14.56640844],[121.00337156,14.56622435],[121.00331811,14.56617534],[121.00311181,14.56598389],[121.00286473,14.56636791],[121.00245538,14.56708112],[121.002046,14.56783641],[121.00231549,14.56797308],[121.00246265,14.5680481],[121.00268442,14.56812874],[121.0027953,14.56820266],[121.00306075,14.56841771],[121.00332381,14.56864975],[121.00356118,14.56889352],[121.00484209,14.56769669],[121.00484823,14.56769096]]]]}},{"type":"Feature","properties":{"psgc_code":"1303901765","adm4_en":"Barangay 765","district":"San Andres"},"geometry":{"type":"MultiPolygon","coordinates":[[[[121.00613562,14.57026466],[121.00629854,14.57010684],[121.00677605,14.56963623],[121.0067971,14.56961548],[121.00653832,14.56936166],[121.00633902,14.56916535],[121.00607161,14.56891396],[121.0059355,14.56878096],[121.00580622,14.56865394],[121.00580501,14.56865513],[121.00454914,14.56989426],[121.00466222,14.57000943],[121.0047801,14.57013161],[121.00502388,14.57037538],[121.00526766,14.57062557],[121.00551786,14.57086292],[121.00578933,14.57060002],[121.00613562,14.57026466]]]]}},{"type":"Feature","properties":{"psgc_code":"1303901766","adm4_en":"Barangay 766","district":"San Andres"},"geometry":{"type":"MultiPolygon","coordinates":[[[[121.0064083,14.57139608],[121.00647467,14.57133402],[121.00660646,14.57121078],[121.00681066,14.57101975],[121.00690416,14.57093227],[121.00692212,14.57091546],[121.00701623,14.57082751],[121.00703889,14.57080709],[121.00707793,14.5707719],[121.00714028,14.57071546],[121.00717307,14.57068635],[121.00722742,14.57063804],[121.0072931,14.57057538],[121.00734896,14.57052254],[121.00740256,14.57047272],[121.00751625,14.57036673],[121.00753485,14.57034939],[121.00701964,14.56983446],[121.00696128,14.56977613],[121.0067971,14.56961548],[121.00677605,14.56963623],[121.00629854,14.57010684],[121.00613562,14.57026466],[121.00578933,14.57060002],[121.00551786,14.57086292],[121.00576164,14.57109386],[121.00578089,14.57111933],[121.00587281,14.5712147],[121.00621713,14.57157498],[121.00631755,14.57148101],[121.0064083,14.57139608]]]]}},{"type":"Feature","properties":{"psgc_code":"1303901767","adm4_en":"Barangay 767","district":"San Andres"},"geometry":{"type":"MultiPolygon","coordinates":[[[[121.00544654,14.57228657],[121.0055602,14.57218808],[121.00582585,14.5719449],[121.00589561,14.57187862],[121.00593778,14.57183986],[121.00621713,14.57157498],[121.00587281,14.5712147],[121.00578089,14.57111933],[121.00576164,14.57109386],[121.00551786,14.57086292],[121.00526766,14.57062557],[121.00502388,14.57037538],[121.0047801,14.57013161],[121.00466222,14.57000943],[121.00349359,14.57110242],[121.00361911,14.5712378],[121.00386011,14.57147878],[121.00411379,14.57171977],[121.004266,14.57188042],[121.0043717,14.57197343],[121.00452391,14.57212986],[121.00475222,14.57235816],[121.00505241,14.57265834],[121.00522941,14.57249219],[121.00544654,14.57228657]]]]}},{"type":"Feature","properties":{"psgc_code":"1303901768","adm4_en":"Barangay 768","district":"San Andres"},"geometry":{"type":"MultiPolygon","coordinates":[[[[121.00454914,14.56989426],[121.00429895,14.56963766],[121.00404233,14.56938106],[121.00380496,14.56913729],[121.00369064,14.56902245],[121.00254138,14.57014962],[121.00266781,14.57026964],[121.00291303,14.57052753],[121.00314558,14.57075583],[121.00337812,14.57100104],[121.00349359,14.57110242],[121.00466222,14.57000943],[121.00454914,14.56989426]]]]}},{"type":"Feature","properties":{"psgc_code":"1303901769","adm4_en":"Barangay 769","district":"San Andres"},"geometry":{"type":"MultiPolygon","coordinates":[[[[121.00356118,14.56889352],[121.00332381,14.56864975],[121.00306075,14.56841771],[121.0027953,14.56820266],[121.00268442,14.56812874],[121.00246265,14.5680481],[121.00231549,14.56797308],[121.002046,14.56783641],[121.0013063,14.56921253],[121.00159969,14.56930967],[121.00175766,14.5693574],[121.00190677,14.56951286],[121.00216467,14.56976653],[121.0024099,14.57002443],[121.00254138,14.57014962],[121.00369064,14.56902245],[121.00356118,14.56889352]]]]}},{"type":"Feature","properties":{"psgc_code":"1303901770","adm4_en":"Barangay 770","district":"San Andres"},"geometry":{"type":"MultiPolygon","coordinates":[[[[121.00891222,14.5734865],[121.00905492,14.57336976],[121.0090857,14.57335012],[121.00922458,14.57326722],[121.00926468,14.57324596],[121.00941815,14.57316221],[121.00958845,14.57305945],[121.0099687,14.57282806],[121.00998707,14.57281689],[121.00973375,14.57255717],[121.00959267,14.57241332],[121.00956801,14.57238963],[121.00922825,14.57203135],[121.00911292,14.57191692],[121.00868197,14.57149252],[121.00844413,14.57125228],[121.00841519,14.57127527],[121.00831913,14.57135162],[121.00825663,14.5714049],[121.00819808,14.5714549],[121.00813229,14.57151016],[121.00805015,14.57157764],[121.00797983,14.57163648],[121.00789643,14.57170778],[121.00786253,14.57159243],[121.00753908,14.5717531],[121.00759717,14.57189832],[121.00707679,14.57242818],[121.0073334,14.57266553],[121.00755794,14.57289647],[121.00768654,14.57302593],[121.0077766,14.5731206],[121.00779531,14.57314024],[121.00802626,14.57337118],[121.00815805,14.57350296],[121.00699898,14.57460024],[121.00712093,14.57472473],[121.00736226,14.57495342],[121.00851383,14.57387155],[121.00891222,14.5734865]]]]}},{"type":"Feature","properties":{"psgc_code":"1303901771","adm4_en":"Barangay 771","district":"San Andres"},"geometry":{"type":"MultiPolygon","coordinates":[[[[121.00590224,14.57350389],[121.00565702,14.57326291],[121.0053822,14.5729881],[121.00505241,14.57265834],[121.00377553,14.57388438],[121.00407689,14.57418192],[121.00437202,14.57448611],[121.00461266,14.57472674],[121.00473119,14.57484968],[121.00602037,14.57362391],[121.00590224,14.57350389]]]]}},{"type":"Feature","properties":{"psgc_code":"1303901772","adm4_en":"Barangay 772","district":"San Andres"},"geometry":{"type":"MultiPolygon","coordinates":[[[[121.00768654,14.57302593],[121.00755794,14.57289647],[121.0073334,14.57266553],[121.00707679,14.57242818],[121.00701318,14.57248644],[121.00590224,14.57350389],[121.00602037,14.57362391],[121.00473119,14.57484968],[121.0048533,14.57497645],[121.00498778,14.57511413],[121.00509654,14.57521938],[121.00521791,14.57534074],[121.00651836,14.57412569],[121.00768654,14.57302593]]]]}},{"type":"Feature","properties":{"psgc_code":"1303901773","adm4_en":"Barangay 773","district":"San Andres"},"geometry":{"type":"MultiPolygon","coordinates":[[[[121.00699898,14.57460024],[121.00815805,14.57350296],[121.00802626,14.57337118],[121.00779531,14.57314024],[121.0077766,14.5731206],[121.00768654,14.57302593],[121.00651836,14.57412569],[121.00521791,14.57534074],[121.00531757,14.5754404],[121.0055772,14.57570001],[121.0056881,14.57581856],[121.00626496,14.57528244],[121.00699898,14.57460024]]]]}},{"type":"Feature","properties":{"psgc_code":"1303901774","adm4_en":"Barangay 774","district":"San Andres"},"geometry":{"type":"MultiPolygon","coordinates":[[[[121.00660088,14.57619515],[121.00662437,14.57621361],[121.00681563,14.57602738],[121.00681395,14.57597537],[121.00684788,14.57596437],[121.00689449,14.5760257],[121.00707742,14.57564525],[121.00705033,14.57545175],[121.0072058,14.57545261],[121.00741913,14.57545374],[121.00763711,14.57522387],[121.00736226,14.57495342],[121.00712093,14.57472473],[121.00699898,14.57460024],[121.00626496,14.57528244],[121.0056881,14.57581856],[121.00593334,14.57608064],[121.00597682,14.57612587],[121.00628383,14.57645504],[121.00644336,14.57632916],[121.00660088,14.57619515]]]]}},{"type":"Feature","properties":{"psgc_code":"1303901775","adm4_en":"Barangay 775","district":"San Andres"},"geometry":{"type":"MultiPolygon","coordinates":[[[[121.00707679,14.57242818],[121.00759717,14.57189832],[121.00753908,14.5717531],[121.00786253,14.57159243],[121.00789643,14.57170778],[121.00797983,14.57163648],[121.00805015,14.57157764],[121.00813229,14.57151016],[121.00819808,14.5714549],[121.00825663,14.5714049],[121.00831913,14.57135162],[121.00841519,14.57127527],[121.00844413,14.57125228],[121.0082478,14.57105872],[121.00800897,14.57082325],[121.00753485,14.57034939],[121.00751625,14.57036673],[121.00740256,14.57047272],[121.00734896,14.57052254],[121.0072931,14.57057538],[121.00722742,14.57063804],[121.00717307,14.57068635],[121.00714028,14.57071546],[121.00707793,14.5707719],[121.00703889,14.57080709],[121.00701623,14.57082751],[121.00692212,14.57091546],[121.00690416,14.57093227],[121.00681066,14.57101975],[121.00660646,14.57121078],[121.00647467,14.57133402],[121.0064083,14.57139608],[121.00631755,14.57148101],[121.00621713,14.57157498],[121.00593778,14.57183986],[121.00589561,14.57187862],[121.00582585,14.5719449],[121.0055602,14.57218808],[121.00544654,14.57228657],[121.00522941,14.57249219],[121.00505241,14.57265834],[121.0053822,14.5729881],[121.00565702,14.57326291],[121.00590224,14.57350389],[121.00701318,14.57248644],[121.00707679,14.57242818]]]]}},{"type":"Feature","properties":{"psgc_code":"1303901776","adm4_en":"Barangay 776","district":"San Andres"},"geometry":{"type":"MultiPolygon","coordinates":[[[[121.00932544,14.57581019],[121.00948895,14.57566375],[121.009674,14.57549662],[121.00992771,14.57525785],[121.01019036,14.57502208],[121.0103838,14.57484403],[121.01045442,14.57477825],[121.01057177,14.57466933],[121.01058027,14.5746616],[121.01077994,14.5744651],[121.01065746,14.57439498],[121.01045397,14.57428973],[121.01034566,14.57423237],[121.01024837,14.57417399],[121.01018031,14.57413537],[121.00993704,14.57384322],[121.0098138,14.57390808],[121.00973596,14.5739859],[121.00971002,14.57406373],[121.0096711,14.57414156],[121.0095979,14.57422658],[121.00956521,14.57426594],[121.00949967,14.57433884],[121.00925407,14.57458442],[121.00842004,14.57538675],[121.00824489,14.57553439],[121.00799216,14.57560945],[121.00806156,14.57570415],[121.00808926,14.57576317],[121.00815942,14.57599472],[121.00819451,14.57605786],[121.00821556,14.57607891],[121.00823304,14.57608569],[121.00878454,14.57629945],[121.00928001,14.57585177],[121.00932544,14.57581019]]]]}},{"type":"Feature","properties":{"psgc_code":"1303901777","adm4_en":"Barangay 777","district":"San Andres"},"geometry":{"type":"MultiPolygon","coordinates":[[[[121.00782071,14.57718409],[121.0079499,14.57706935],[121.00804432,14.57698291],[121.00813295,14.57690147],[121.00831593,14.57673818],[121.00842718,14.57663653],[121.00849457,14.57657074],[121.00862389,14.57644985],[121.00878454,14.57629945],[121.00823304,14.57608569],[121.00821556,14.57607891],[121.00818613,14.57606791],[121.00744159,14.5757826],[121.00736205,14.57575498],[121.00707742,14.57564525],[121.00689449,14.5760257],[121.00684788,14.57596437],[121.00681395,14.57597537],[121.00681563,14.57602738],[121.00662437,14.57621361],[121.00660088,14.57619515],[121.00644336,14.57632916],[121.00628383,14.57645504],[121.00640128,14.57656876],[121.00659009,14.57674708],[121.00676295,14.57691366],[121.00698229,14.5771236],[121.00703333,14.57717261],[121.00721994,14.57734833],[121.00742349,14.57754699],[121.00773544,14.57726405],[121.00782071,14.57718409]]]]}},{"type":"Feature","properties":{"psgc_code":"1303901778","adm4_en":"Barangay 778","district":"San Andres"},"geometry":{"type":"MultiPolygon","coordinates":[[[[121.01123611,14.57405742],[121.01123693,14.57405668],[121.01061445,14.57345642],[121.01049081,14.57333235],[121.01027434,14.57311084],[121.00998707,14.57281689],[121.0099687,14.57282806],[121.00958845,14.57305945],[121.00941815,14.57316221],[121.00964516,14.5734865],[121.00993704,14.57384322],[121.01018031,14.57413537],[121.01024837,14.57417399],[121.01034566,14.57423237],[121.01045397,14.57428973],[121.01065746,14.57439498],[121.01077994,14.5744651],[121.0108905,14.57436857],[121.01123611,14.57405742]]]]}},{"type":"Feature","properties":{"psgc_code":"1303901779","adm4_en":"Barangay 779","district":"San Andres"},"geometry":{"type":"MultiPolygon","coordinates":[[[[121.00815942,14.57599472],[121.00808926,14.57576317],[121.00806156,14.57570415],[121.00799216,14.57560945],[121.00824489,14.57553439],[121.00842004,14.57538675],[121.00925407,14.57458442],[121.00949967,14.57433884],[121.00956521,14.57426594],[121.0095979,14.57422658],[121.0096711,14.57414156],[121.00971002,14.57406373],[121.00973596,14.5739859],[121.0098138,14.57390808],[121.00993704,14.57384322],[121.00964516,14.5734865],[121.00941815,14.57316221],[121.00926468,14.57324596],[121.00922458,14.57326722],[121.0090857,14.57335012],[121.00905492,14.57336976],[121.00891222,14.5734865],[121.00851383,14.57387155],[121.00736226,14.57495342],[121.00763711,14.57522387],[121.00741913,14.57545374],[121.0072058,14.57545261],[121.00705033,14.57545175],[121.00707742,14.57564525],[121.00736205,14.57575498],[121.00744159,14.5757826],[121.00818613,14.57606791],[121.00821556,14.57607891],[121.00819451,14.57605786],[121.00815942,14.57599472]]]]}},{"type":"Feature","properties":{"psgc_code":"1303901780","adm4_en":"Barangay 780","district":"San Andres"},"geometry":{"type":"MultiPolygon","coordinates":[[[[121.01082016,14.57725953],[121.01098477,14.57712054],[121.01005399,14.5762403],[121.00988558,14.57638765],[121.00985453,14.57638376],[121.00982945,14.57638063],[121.00928001,14.57585177],[121.00878454,14.57629945],[121.00862389,14.57644985],[121.00849457,14.57657074],[121.00842718,14.57663653],[121.00899824,14.57727193],[121.00915837,14.57740508],[121.0091281,14.57761425],[121.01000056,14.57769682],[121.01011111,14.57781809],[121.01029708,14.57766919],[121.01082016,14.57725953]]]]}},{"type":"Feature","properties":{"psgc_code":"1303901781","adm4_en":"Barangay 781","district":"San Andres"},"geometry":{"type":"MultiPolygon","coordinates":[[[[121.00945957,14.57837628],[121.00958114,14.57826851],[121.00983456,14.57804249],[121.00988008,14.57800203],[121.01011111,14.57781809],[121.01000056,14.57769682],[121.0091281,14.57761425],[121.00915837,14.57740508],[121.00899824,14.57727193],[121.00842718,14.57663653],[121.00831593,14.57673818],[121.00813295,14.57690147],[121.00804432,14.57698291],[121.0079499,14.57706935],[121.00782071,14.57718409],[121.00773544,14.57726405],[121.00742349,14.57754699],[121.00802609,14.57816981],[121.0083629,14.5785031],[121.00875382,14.57892302],[121.00899342,14.57874005],[121.00945957,14.57837628]]]]}},{"type":"Feature","properties":{"psgc_code":"1303901782","adm4_en":"Barangay 782","district":"San Andres"},"geometry":{"type":"MultiPolygon","coordinates":[[[[121.01119469,14.57689196],[121.01129203,14.57678404],[121.01136834,14.57667747],[121.01140177,14.57661945],[121.01154579,14.57641892],[121.01100128,14.57584037],[121.01075569,14.57560883],[121.01019036,14.57502208],[121.00992771,14.57525785],[121.009674,14.57549662],[121.00948895,14.57566375],[121.00932544,14.57581019],[121.00928001,14.57585177],[121.00982945,14.57638063],[121.00985453,14.57638376],[121.00988558,14.57638765],[121.01005399,14.5762403],[121.01098477,14.57712054],[121.01110276,14.57697368],[121.01119469,14.57689196]]]]}},{"type":"Feature","properties":{"psgc_code":"1303901783","adm4_en":"Barangay 783","district":"San Andres"},"geometry":{"type":"MultiPolygon","coordinates":[[[[121.01165436,14.57614633],[121.01170172,14.57600131],[121.01173608,14.57586034],[121.01180759,14.57557434],[121.01186267,14.57541244],[121.01190291,14.57533197],[121.01197175,14.57523954],[121.01219514,14.5749867],[121.01219059,14.57498228],[121.01179125,14.57459469],[121.01147358,14.57428637],[121.01124237,14.57406197],[121.01123693,14.57405668],[121.01123611,14.57405742],[121.0108905,14.57436857],[121.01077994,14.5744651],[121.01058027,14.5746616],[121.01057177,14.57466933],[121.01045442,14.57477825],[121.0103838,14.57484403],[121.01019036,14.57502208],[121.01075569,14.57560883],[121.01100128,14.57584037],[121.01154579,14.57641892],[121.0115993,14.57628661],[121.01165436,14.57614633]]]]}},{"type":"Feature","properties":{"psgc_code":"1303901784","adm4_en":"Barangay 784","district":"San Andres"},"geometry":{"type":"MultiPolygon","coordinates":[[[[121.00343667,14.57640205],[121.00350024,14.57635664],[121.00353656,14.57634302],[121.00364553,14.5763294],[121.00391342,14.57630671],[121.00471708,14.57622045],[121.0046853,14.57593442],[121.00465806,14.57560753],[121.00390434,14.57567563],[121.00334587,14.57573918],[121.00328684,14.57574372],[121.0032369,14.57576188],[121.00314609,14.57583453],[121.00292361,14.57560752],[121.00220621,14.57628399],[121.00217897,14.57631578],[121.00216535,14.5763521],[121.00194684,14.57655542],[121.00200023,14.57662661],[121.00206786,14.5766978],[121.00211839,14.57673368],[121.00215989,14.57678495],[121.00220628,14.57684599],[121.00230638,14.57694853],[121.00239671,14.57706816],[121.00249437,14.57715117],[121.00252611,14.57719023],[121.00256029,14.57723906],[121.00269767,14.57711046],[121.00343667,14.57640205]]]]}},{"type":"Feature","properties":{"psgc_code":"1303901785","adm4_en":"Barangay 785","district":"San Andres"},"geometry":{"type":"MultiPolygon","coordinates":[[[[121.00328684,14.57574372],[121.00334587,14.57573918],[121.00390434,14.57567563],[121.00465806,14.57560753],[121.00474386,14.57560259],[121.00474219,14.57534567],[121.00477376,14.57529305],[121.0048299,14.57524394],[121.00498778,14.57511413],[121.0048533,14.57497645],[121.00473119,14.57484968],[121.00461266,14.57472674],[121.00437202,14.57448611],[121.00389073,14.57495828],[121.00375451,14.57509449],[121.00368641,14.57517621],[121.00361376,14.57533511],[121.00358651,14.57540776],[121.00353657,14.57540322],[121.00348208,14.57540322],[121.00335949,14.57541683],[121.00327322,14.57543953],[121.00312793,14.5754804],[121.0030462,14.57552126],[121.00292361,14.57560752],[121.00314609,14.57583453],[121.0032369,14.57576188],[121.00328684,14.57574372]]]]}},{"type":"Feature","properties":{"psgc_code":"1303901786","adm4_en":"Barangay 786","district":"San Andres"},"geometry":{"type":"MultiPolygon","coordinates":[[[[121.00217897,14.57631578],[121.00220621,14.57628399],[121.00292361,14.57560752],[121.0030462,14.57552126],[121.00312793,14.5754804],[121.00327322,14.57543953],[121.00335949,14.57541683],[121.00348208,14.57540322],[121.00353657,14.57540322],[121.00358651,14.57540776],[121.00361376,14.57533511],[121.00368641,14.57517621],[121.00375451,14.57509449],[121.00389073,14.57495828],[121.00437202,14.57448611],[121.00407689,14.57418192],[121.00377553,14.57388438],[121.00312339,14.57451789],[121.00245963,14.57518408],[121.00197202,14.57562408],[121.00170912,14.57588004],[121.0014319,14.57615421],[121.00135628,14.57623285],[121.00131684,14.57628491],[121.00150193,14.57623508],[121.00160159,14.57626356],[121.00169413,14.57629915],[121.00174752,14.57634898],[121.00182583,14.57640593],[121.00186498,14.57647356],[121.00194684,14.57655542],[121.00216535,14.5763521],[121.00217897,14.57631578]]]]}},{"type":"Feature","properties":{"psgc_code":"1303901787","adm4_en":"Barangay 787","district":"San Andres"},"geometry":{"type":"MultiPolygon","coordinates":[[[[121.00376995,14.57737411],[121.00385052,14.57730303],[121.00391214,14.5772509],[121.00397849,14.57722246],[121.00406854,14.57721298],[121.00415858,14.57721299],[121.00446664,14.57718929],[121.00463225,14.57717475],[121.0047926,14.57715814],[121.00477146,14.57684996],[121.00473936,14.57654418],[121.00471708,14.57622045],[121.00391342,14.57630671],[121.00364553,14.5763294],[121.00353656,14.57634302],[121.00350024,14.57635664],[121.00343667,14.57640205],[121.00269767,14.57711046],[121.00287148,14.57733765],[121.00310662,14.57712528],[121.00333393,14.57734567],[121.0034619,14.57748785],[121.00357564,14.57761106],[121.00367991,14.57747363],[121.00376995,14.57737411]]]]}},{"type":"Feature","properties":{"psgc_code":"1303901788","adm4_en":"Barangay 788","district":"San Andres"},"geometry":{"type":"MultiPolygon","coordinates":[[[[121.00441101,14.57907145],[121.00443771,14.57901489],[121.00438132,14.578938],[121.00365584,14.57804468],[121.00363725,14.57798071],[121.00360407,14.57787171],[121.00358986,14.57774849],[121.00357564,14.57761106],[121.0034619,14.57748785],[121.00333393,14.57734567],[121.00310662,14.57712528],[121.00287148,14.57733765],[121.00269767,14.57711046],[121.00256029,14.57723906],[121.00259447,14.57730742],[121.00268968,14.57740752],[121.00270433,14.57744903],[121.00278001,14.57754912],[121.00284349,14.5776419],[121.00288988,14.57773956],[121.00293138,14.57787872],[121.00293627,14.57799591],[121.0029265,14.57817413],[121.00290209,14.5782254],[121.00288988,14.57829376],[121.00290453,14.57836701],[121.00294359,14.57845001],[121.00298754,14.57849884],[121.00305346,14.57853546],[121.00313158,14.57855256],[121.00319994,14.57854523],[121.00326342,14.57853058],[121.00331957,14.57850617],[121.00338061,14.57846955],[121.0034392,14.57844269],[121.00358813,14.57837921],[121.00364428,14.57836212],[121.00370044,14.57837433],[121.0037108,14.57838146],[121.0037395,14.57840119],[121.00377856,14.57845734],[121.00380298,14.57852082],[121.00380786,14.57859406],[121.00381435,14.57867933],[121.00382701,14.57874471],[121.00385232,14.57879743],[121.00388184,14.57884383],[121.00392402,14.57889023],[121.00397886,14.57891976],[121.00403159,14.57894296],[121.00408431,14.57898092],[121.00414126,14.57902521],[121.00419609,14.57907161],[121.00424882,14.57911168],[121.00428678,14.57915808],[121.00435333,14.57914259],[121.00441101,14.57907145]]]]}},{"type":"Feature","properties":{"psgc_code":"1303901789","adm4_en":"Barangay 789","district":"San Andres"},"geometry":{"type":"MultiPolygon","coordinates":[[[[121.0047562,14.57875216],[121.00463225,14.57717475],[121.00446664,14.57718929],[121.00415858,14.57721299],[121.00406854,14.57721298],[121.00397849,14.57722246],[121.00391214,14.5772509],[121.00385052,14.57730303],[121.00376995,14.57737411],[121.00367991,14.57747363],[121.00357564,14.57761106],[121.00358986,14.57774849],[121.00360407,14.57787171],[121.00363725,14.57798071],[121.00365584,14.57804468],[121.00438132,14.578938],[121.00443771,14.57901489],[121.00441101,14.57907145],[121.00435333,14.57914259],[121.00428678,14.57915808],[121.00429943,14.57921502],[121.00431841,14.57928462],[121.00430756,14.57934791],[121.00435432,14.57935911],[121.00439888,14.5793694],[121.00472688,14.57944475],[121.00475412,14.57909668],[121.0047562,14.57875216]]]]}},{"type":"Feature","properties":{"psgc_code":"1303901790","adm4_en":"Barangay 790","district":"San Andres"},"geometry":{"type":"MultiPolygon","coordinates":[[[[121.00531218,14.57936934],[121.00545271,14.5793088],[121.00557162,14.57923529],[121.00604511,14.57880073],[121.00568591,14.57876578],[121.0052409,14.57874447],[121.00519406,14.57823231],[121.00600114,14.5774474],[121.00592909,14.57737104],[121.00658918,14.57674794],[121.00659009,14.57674708],[121.00640128,14.57656876],[121.00628383,14.57645504],[121.00597682,14.57612587],[121.00593334,14.57608064],[121.0056881,14.57581856],[121.0055772,14.57570001],[121.00531757,14.5754404],[121.00521791,14.57534074],[121.00509654,14.57521938],[121.00498778,14.57511413],[121.0048299,14.57524394],[121.00477376,14.57529305],[121.00474219,14.57534567],[121.00474386,14.57560259],[121.00465806,14.57560753],[121.0046853,14.57593442],[121.00471708,14.57622045],[121.00473936,14.57654418],[121.00477146,14.57684996],[121.0047926,14.57715814],[121.00463225,14.57717475],[121.0047562,14.57875216],[121.00475412,14.57909668],[121.00472688,14.57944475],[121.00492598,14.57948455],[121.00508645,14.57951796],[121.00518462,14.57940609],[121.00531218,14.57936934]]]]}},{"type":"Feature","properties":{"psgc_code":"1303901791","adm4_en":"Barangay 791","district":"San Andres"},"geometry":{"type":"MultiPolygon","coordinates":[[[[121.00691075,14.57801832],[121.00742349,14.57754699],[121.00721994,14.57734833],[121.00703333,14.57717261],[121.00698229,14.5771236],[121.00676295,14.57691366],[121.00659009,14.57674708],[121.00658918,14.57674794],[121.00592909,14.57737104],[121.00600114,14.5774474],[121.00519406,14.57823231],[121.0052409,14.57874447],[121.00568591,14.57876578],[121.00604511,14.57880073],[121.00673047,14.57818023],[121.00691075,14.57801832]]]]}},{"type":"Feature","properties":{"psgc_code":"1303901792","adm4_en":"Barangay 792","district":"San Andres"},"geometry":{"type":"MultiPolygon","coordinates":[[[[121.00639544,14.57912836],[121.00693443,14.57864665],[121.00728855,14.5786128],[121.00733282,14.57863363],[121.0073875,14.57862322],[121.00741875,14.57858676],[121.00755675,14.57858416],[121.00780672,14.57856333],[121.00784057,14.57858416],[121.00795774,14.57859197],[121.00794733,14.5790138],[121.00789785,14.57902161],[121.00789785,14.57915961],[121.00779891,14.57959445],[121.00784548,14.57966581],[121.00818311,14.57938917],[121.00859886,14.5790497],[121.00875382,14.57892302],[121.0083629,14.5785031],[121.00802609,14.57816981],[121.00742349,14.57754699],[121.00691075,14.57801832],[121.00673047,14.57818023],[121.00604511,14.57880073],[121.00557162,14.57923529],[121.00545271,14.5793088],[121.00531218,14.57936934],[121.00518462,14.57940609],[121.00508645,14.57951796],[121.00584118,14.57970608],[121.00593048,14.57972265],[121.00614188,14.57977847],[121.00625743,14.57930282],[121.00639544,14.57912836]]]]}},{"type":"Feature","properties":{"psgc_code":"1303901793","adm4_en":"Barangay 793","district":"San Andres"},"geometry":{"type":"MultiPolygon","coordinates":[[[[121.00784548,14.57966581],[121.00779891,14.57959445],[121.00789785,14.57915961],[121.00789785,14.57902161],[121.00794733,14.5790138],[121.00795774,14.57859197],[121.00784057,14.57858416],[121.00780672,14.57856333],[121.00755675,14.57858416],[121.00741875,14.57858676],[121.0073875,14.57862322],[121.00733282,14.57863363],[121.00728855,14.5786128],[121.00693443,14.57864665],[121.00639544,14.57912836],[121.00625743,14.57930282],[121.00614188,14.57977847],[121.00659527,14.57988805],[121.00678783,14.57993438],[121.00736844,14.58006879],[121.00775181,14.57973769],[121.00784548,14.57966581]]]]}},{"type":"Feature","properties":{"psgc_code":"1303901794","adm4_en":"Barangay 794","district":"Santa Ana"},"geometry":{"type":"MultiPolygon","coordinates":[[[[121.0014319,14.57615421],[121.00170912,14.57588004],[121.00197202,14.57562408],[121.00245963,14.57518408],[121.00216052,14.57486965],[121.00203745,14.57475443],[121.00179202,14.57499781],[121.00076933,14.57601436],[121.00074357,14.57605037],[121.00080146,14.57607636],[121.00087557,14.57611503],[121.00093793,14.57615701],[121.00101429,14.57621017],[121.00109616,14.57623864],[121.00117091,14.57625644],[121.00125633,14.57626711],[121.00131684,14.57628491],[121.00135628,14.57623285],[121.0014319,14.57615421]]]]}},{"type":"Feature","properties":{"psgc_code":"1303901795","adm4_en":"Barangay 795","district":"Santa Ana"},"geometry":{"type":"MultiPolygon","coordinates":[[[[121.00179202,14.57499781],[121.00167953,14.57488109],[121.00157898,14.5747725],[121.00039886,14.57590347],[121.00036036,14.57596753],[121.00046633,14.57597969],[121.00057267,14.5759958],[121.00066612,14.57601836],[121.00074357,14.57605037],[121.00076933,14.57601436],[121.00179202,14.57499781]]]]}},{"type":"Feature","properties":{"psgc_code":"1303901796","adm4_en":"Barangay 796","district":"Santa Ana"},"geometry":{"type":"MultiPolygon","coordinates":[[[[121.00157898,14.5747725],[121.00145876,14.57465492],[121.00135903,14.57454209],[121.00061934,14.57523412],[121.00034915,14.57498354],[121.00020479,14.57511505],[120.9998859,14.57541518],[120.9998682,14.57548245],[120.99982925,14.57554619],[120.99982571,14.575617],[120.99983279,14.57568427],[120.99985758,14.57573738],[120.99991423,14.57579757],[120.9999815,14.57585068],[121.00004877,14.57588255],[121.00010543,14.57588963],[121.00017978,14.5759038],[121.00022935,14.57593566],[121.00030725,14.57595336],[121.00036036,14.57596753],[121.00039886,14.57590347],[121.00157898,14.5747725]]]]}},{"type":"Feature","properties":{"psgc_code":"1303901797","adm4_en":"Barangay 797","district":"Santa Ana"},"geometry":{"type":"MultiPolygon","coordinates":[[[[121.00145876,14.57465492],[121.00157898,14.5747725],[121.00167953,14.57488109],[121.00179202,14.57499781],[121.00203745,14.57475443],[121.00190921,14.57462971],[121.00178571,14.57450969],[121.00163166,14.57436021],[121.00147042,14.574215],[121.00134955,14.57409108],[121.00034915,14.57498354],[121.00061934,14.57523412],[121.00135903,14.57454209],[121.00145876,14.57465492]]]]}},{"type":"Feature","properties":{"psgc_code":"1303901798","adm4_en":"Barangay 798","district":"Santa Ana"},"geometry":{"type":"MultiPolygon","coordinates":[[[[121.00134955,14.57409108],[121.00123448,14.57396892],[121.00097234,14.57371102],[121.0008576,14.57359863],[121.0007398,14.5734785],[121.00051149,14.57324174],[121.00026204,14.57299653],[121.00009292,14.57282319],[121.00002949,14.57278937],[120.99989704,14.57275856],[120.99977581,14.57273018],[120.9996532,14.57269635],[120.99948574,14.57263452],[120.99934994,14.57288621],[120.99975371,14.57302801],[120.99974389,14.57344396],[120.99972503,14.57397394],[120.99971778,14.57407206],[120.99970627,14.57441333],[120.99970627,14.57463573],[121.00010892,14.57501152],[121.00020479,14.57511505],[121.00034915,14.57498354],[121.00134955,14.57409108]]]]}},{"type":"Feature","properties":{"psgc_code":"1303901799","adm4_en":"Barangay 799","district":"Santa Ana"},"geometry":{"type":"MultiPolygon","coordinates":[[[[121.00010892,14.57501152],[120.99970627,14.57463573],[120.99970627,14.57441333],[120.99971778,14.57407206],[120.99972503,14.57397394],[120.99974389,14.57344396],[120.99975371,14.57302801],[120.99934994,14.57288621],[120.99913385,14.57328612],[120.99900447,14.57352556],[120.9990597,14.57366962],[120.99910985,14.57377393],[120.99918607,14.57392637],[120.99921563,14.57415097],[120.99923253,14.5743031],[120.99925789,14.57444255],[120.99925366,14.57462004],[120.99921985,14.57475527],[120.99918605,14.57489895],[120.99917759,14.5750553],[120.9991945,14.57516095],[120.99923796,14.57520982],[120.99929107,14.57517441],[120.99935834,14.57516025],[120.99941853,14.57513546],[120.99947518,14.57513192],[120.99956724,14.57511776],[120.99966792,14.57509587],[120.99972657,14.57507173],[120.99978676,14.57507527],[120.99983987,14.57510714],[120.99987528,14.57514609],[120.99988944,14.5752169],[120.99990361,14.57534791],[120.9998859,14.57541518],[121.00020479,14.57511505],[121.00010892,14.57501152]]]]}},{"type":"Feature","properties":{"psgc_code":"1303901800","adm4_en":"Barangay 800","district":"Santa Ana"},"geometry":{"type":"MultiPolygon","coordinates":[[[[120.99821397,14.57600192],[120.99827406,14.57595764],[120.99832782,14.57587541],[120.99835945,14.57577737],[120.99837526,14.57568249],[120.99841321,14.57556864],[120.99844168,14.57548641],[120.99849544,14.57540418],[120.99858083,14.57535042],[120.99868203,14.57534093],[120.9987864,14.57537572],[120.9988876,14.57539786],[120.99895086,14.57542948],[120.99903308,14.57546744],[120.99909634,14.5754706],[120.99914377,14.57542632],[120.99918131,14.57538685],[120.99920963,14.57529834],[120.99923796,14.57520982],[120.9991945,14.57516095],[120.99917759,14.5750553],[120.99918605,14.57489895],[120.99921985,14.57475527],[120.99925366,14.57462004],[120.99925789,14.57444255],[120.99923253,14.5743031],[120.99921563,14.57415097],[120.99918607,14.57392637],[120.99910985,14.57377393],[120.9990597,14.57366962],[120.99900447,14.57352556],[120.99895672,14.57361613],[120.99889673,14.5737252],[120.99879092,14.57391233],[120.99868235,14.57411937],[120.998454,14.57454518],[120.99776666,14.57584849],[120.99782813,14.57587225],[120.99797677,14.57592601],[120.998059,14.57597345],[120.99808166,14.57598887],[120.99811909,14.57601457],[120.99813426,14.57602388],[120.99814417,14.57602996],[120.998163,14.57603213],[120.9981808,14.57602901],[120.99821397,14.57600192]]]]}},{"type":"Feature","properties":{"psgc_code":"1303901801","adm4_en":"Barangay 801","district":"Santa Ana"},"geometry":{"type":"MultiPolygon","coordinates":[[[[121.00377553,14.57388438],[121.00347957,14.57359266],[121.00323435,14.57334745],[121.00310554,14.57321801],[121.00178571,14.57450969],[121.00190921,14.57462971],[121.00203745,14.57475443],[121.00216052,14.57486965],[121.00245963,14.57518408],[121.00312339,14.57451789],[121.00377553,14.57388438]]]]}},{"type":"Feature","properties":{"psgc_code":"1303901802","adm4_en":"Barangay 802","district":"Santa Ana"},"geometry":{"type":"MultiPolygon","coordinates":[[[[121.00297221,14.57308955],[121.00281577,14.57293313],[121.00257055,14.57269214],[121.00232955,14.57245539],[121.00220594,14.57233306],[121.0008576,14.57359863],[121.00097234,14.57371102],[121.00123448,14.57396892],[121.00134955,14.57409108],[121.00147042,14.574215],[121.00163166,14.57436021],[121.00178571,14.57450969],[121.00310554,14.57321801],[121.00297221,14.57308955]]]]}},{"type":"Feature","properties":{"psgc_code":"1303901803","adm4_en":"Barangay 803","district":"Santa Ana"},"geometry":{"type":"MultiPolygon","coordinates":[[[[121.00208433,14.57222286],[121.00183487,14.5719861],[121.00159388,14.57174512],[121.0013402,14.57149991],[121.00109497,14.57126315],[121.00086767,14.57103599],[121.00071771,14.5709411],[121.00046743,14.57077492],[120.99960027,14.57240548],[120.99948574,14.57263452],[120.9996532,14.57269635],[120.99977581,14.57273018],[120.99989704,14.57275856],[121.00002949,14.57278937],[121.00009292,14.57282319],[121.00026204,14.57299653],[121.00051149,14.57324174],[121.0007398,14.5734785],[121.0008576,14.57359863],[121.00220594,14.57233306],[121.00208433,14.57222286]]]]}},{"type":"Feature","properties":{"psgc_code":"1303901804","adm4_en":"Barangay 804","district":"Santa Ana"},"geometry":{"type":"MultiPolygon","coordinates":[[[[121.00475222,14.57235816],[121.00452391,14.57212986],[121.0043717,14.57197343],[121.004266,14.57188042],[121.00297221,14.57308955],[121.00310554,14.57321801],[121.00323435,14.57334745],[121.00347957,14.57359266],[121.00377553,14.57388438],[121.00505241,14.57265834],[121.00475222,14.57235816]]]]}},{"type":"Feature","properties":{"psgc_code":"1303901805","adm4_en":"Barangay 805","district":"Santa Ana"},"geometry":{"type":"MultiPolygon","coordinates":[[[[121.00411379,14.57171977],[121.00386011,14.57147878],[121.00361911,14.5712378],[121.00248772,14.57228853],[121.00220594,14.57233306],[121.00232955,14.57245539],[121.00257055,14.57269214],[121.00281577,14.57293313],[121.00297221,14.57308955],[121.004266,14.57188042],[121.00411379,14.57171977]]]]}},{"type":"Feature","properties":{"psgc_code":"1303901806","adm4_en":"Barangay 806","district":"Santa Ana"},"geometry":{"type":"MultiPolygon","coordinates":[[[[121.00361911,14.5712378],[121.00349359,14.57110242],[121.00337812,14.57100104],[121.00314558,14.57075583],[121.00291303,14.57052753],[121.00266781,14.57026964],[121.0013402,14.57149991],[121.00159388,14.57174512],[121.00183487,14.5719861],[121.00208433,14.57222286],[121.00220594,14.57233306],[121.00248772,14.57228853],[121.00361911,14.5712378]]]]}},{"type":"Feature","properties":{"psgc_code":"1303901807","adm4_en":"Barangay 807","district":"Santa Ana"},"geometry":{"type":"MultiPolygon","coordinates":[[[[121.00254138,14.57014962],[121.0024099,14.57002443],[121.00216467,14.56976653],[121.00190677,14.56951286],[121.00175766,14.5693574],[121.00159969,14.56930967],[121.0013063,14.56921253],[121.00046743,14.57077492],[121.00071771,14.5709411],[121.00086767,14.57103599],[121.00109497,14.57126315],[121.0013402,14.57149991],[121.00266781,14.57026964],[121.00254138,14.57014962]]]]}},{"type":"Feature","properties":{"psgc_code":"1303901808","adm4_en":"Barangay 808","district":"Santa Ana"},"geometry":{"type":"MultiPolygon","coordinates":[[[[121.00020781,14.57770636],[121.00021169,14.57756582],[120.99997996,14.57755242],[120.99971759,14.57754476],[120.99953565,14.57753518],[120.99945139,14.57752178],[120.99935755,14.57747581],[120.99929052,14.57742602],[120.999212,14.57737048],[120.99913348,14.5773092],[120.99907985,14.57725749],[120.99904347,14.57721727],[120.99920465,14.57713217],[120.99916314,14.57705607],[120.99912163,14.57690388],[120.99910088,14.57678628],[120.99908704,14.57669634],[120.99909396,14.57651648],[120.99911472,14.5764473],[120.99912164,14.57640579],[120.99885874,14.57630202],[120.99851282,14.57617058],[120.99840904,14.5761429],[120.99829235,14.57611937],[120.99820368,14.57610814],[120.99820149,14.57614982],[120.99818765,14.57635044],[120.99817382,14.57659257],[120.99818073,14.57688312],[120.998243,14.57720135],[120.99829834,14.57739505],[120.99836753,14.577568],[120.99843671,14.57769252],[120.99856816,14.57783088],[120.99876187,14.57798307],[120.99892099,14.57811451],[120.99908011,14.57820445],[120.99925307,14.57825979],[120.99938452,14.57827363],[121.00018706,14.57831514],[121.00019398,14.57801075],[121.00020781,14.57770636]]]]}},{"type":"Feature","properties":{"psgc_code":"1303901809","adm4_en":"Barangay 809","district":"Santa Ana"},"geometry":{"type":"MultiPolygon","coordinates":[[[[121.00022857,14.57710451],[121.00047764,14.57711834],[121.0005399,14.57712526],[121.0008603,14.57712379],[121.0008789,14.57672402],[121.00025625,14.57653032],[120.99928076,14.57612907],[120.99912164,14.57640579],[120.99911472,14.5764473],[120.99909396,14.57651648],[120.99908704,14.57669634],[120.99910088,14.57678628],[120.99912163,14.57690388],[120.99916314,14.57705607],[120.99920465,14.57713217],[120.99904347,14.57721727],[120.99907985,14.57725749],[120.99913348,14.5773092],[120.999212,14.57737048],[120.99929052,14.57742602],[120.99935755,14.57747581],[120.99945139,14.57752178],[120.99953565,14.57753518],[120.99971759,14.57754476],[120.99997996,14.57755242],[121.00021169,14.57756582],[121.00021473,14.57740889],[121.00022857,14.57710451]]]]}},{"type":"Feature","properties":{"psgc_code":"1303901810","adm4_en":"Barangay 810","district":"Santa Ana"},"geometry":{"type":"MultiPolygon","coordinates":[[[[121.00093793,14.57615701],[121.00087557,14.57611503],[121.00080146,14.57607636],[121.00074357,14.57605037],[121.00066612,14.57601836],[121.00057267,14.5759958],[121.00046633,14.57597969],[121.00036036,14.57596753],[121.00030725,14.57595336],[121.00022935,14.57593566],[121.00017978,14.5759038],[121.00010543,14.57588963],[121.00004877,14.57588255],[120.9999815,14.57585068],[120.99991423,14.57579757],[120.99985758,14.57573738],[120.99983279,14.57568427],[120.99982571,14.575617],[120.99982925,14.57554619],[120.9998682,14.57548245],[120.9998859,14.57541518],[120.99990361,14.57534791],[120.99988944,14.5752169],[120.99987528,14.57514609],[120.99983987,14.57510714],[120.99978676,14.57507527],[120.99972657,14.57507173],[120.99966792,14.57509587],[120.99956724,14.57511776],[120.99947518,14.57513192],[120.99941853,14.57513546],[120.99935834,14.57516025],[120.99929107,14.57517441],[120.99923796,14.57520982],[120.99920963,14.57529834],[120.99918131,14.57538685],[120.99914377,14.57542632],[120.99909634,14.5754706],[120.99903308,14.57546744],[120.99895086,14.57542948],[120.9988876,14.57539786],[120.9987864,14.57537572],[120.99868203,14.57534093],[120.99858083,14.57535042],[120.99849544,14.57540418],[120.99844168,14.57548641],[120.99841321,14.57556864],[120.99837526,14.57568249],[120.99835945,14.57577737],[120.99832782,14.57587541],[120.99827406,14.57595764],[120.99821397,14.57600192],[120.99820368,14.57610814],[120.99829235,14.57611937],[120.99840904,14.5761429],[120.99851282,14.57617058],[120.99885874,14.57630202],[120.99912164,14.57640579],[120.99928076,14.57612907],[121.00025625,14.57653032],[121.0008789,14.57672402],[121.00089274,14.5764819],[121.00093793,14.57615701]]]]}},{"type":"Feature","properties":{"psgc_code":"1303901811","adm4_en":"Barangay 811","district":"Santa Ana"},"geometry":{"type":"MultiPolygon","coordinates":[[[[120.99910592,14.57863499],[120.99922844,14.57862686],[120.99951536,14.57863543],[121.00017483,14.5786654],[121.00018706,14.57831514],[120.99938452,14.57827363],[120.99925307,14.57825979],[120.99908011,14.57820445],[120.99892099,14.57811451],[120.99876187,14.57798307],[120.99856816,14.57783088],[120.99843671,14.57769252],[120.99836753,14.577568],[120.99829834,14.57739505],[120.998243,14.57720135],[120.99818073,14.57688312],[120.99817382,14.57659257],[120.99818765,14.57635044],[120.99820149,14.57614982],[120.99820368,14.57610814],[120.99821397,14.57600192],[120.9981808,14.57602901],[120.998163,14.57603213],[120.99814417,14.57602996],[120.99813426,14.57602388],[120.99811909,14.57601457],[120.99808166,14.57598887],[120.998059,14.57597345],[120.99797677,14.57592601],[120.99782813,14.57587225],[120.99776666,14.57584849],[120.99765031,14.57606938],[120.99731898,14.57667465],[120.99709492,14.57708439],[120.99731082,14.57734861],[120.99786724,14.57802956],[120.998351,14.57868198],[120.99885814,14.57865154],[120.99910592,14.57863499]]]]}},{"type":"Feature","properties":{"psgc_code":"1303901812","adm4_en":"Barangay 812","district":"Santa Ana"},"geometry":{"type":"MultiPolygon","coordinates":[[[[121.00431841,14.57928462],[121.00429943,14.57921502],[121.00428678,14.57915808],[121.00424882,14.57911168],[121.00419609,14.57907161],[121.00414126,14.57902521],[121.00408431,14.57898092],[121.00403159,14.57894296],[121.00397886,14.57891976],[121.00392402,14.57889023],[121.00388184,14.57884383],[121.00385232,14.57879743],[121.00382701,14.57874471],[121.00381435,14.57867933],[121.00380786,14.57859406],[121.00380298,14.57852082],[121.00377856,14.57845734],[121.0037395,14.57840119],[121.0037108,14.57838146],[121.00370044,14.57837433],[121.00364428,14.57836212],[121.00358813,14.57837921],[121.0034392,14.57844269],[121.00338061,14.57846955],[121.00331957,14.57850617],[121.00326342,14.57853058],[121.00319994,14.57854523],[121.00313158,14.57855256],[121.00305346,14.57853546],[121.00298754,14.57849884],[121.00294359,14.57845001],[121.00290453,14.57836701],[121.00288988,14.57829376],[121.00290209,14.5782254],[121.0029265,14.57817413],[121.00293627,14.57799591],[121.00293138,14.57787872],[121.00288988,14.57773956],[121.00284349,14.5776419],[121.00278001,14.57754912],[121.00270433,14.57744903],[121.00268968,14.57740752],[121.00259447,14.57730742],[121.00256029,14.57723906],[121.00252611,14.57719023],[121.00249437,14.57715117],[121.00239671,14.57706816],[121.00230638,14.57694853],[121.00220628,14.57684599],[121.00215989,14.57678495],[121.00211839,14.57673368],[121.00206786,14.5766978],[121.00200023,14.57662661],[121.00194684,14.57655542],[121.00186498,14.57647356],[121.00182583,14.57640593],[121.00174752,14.57634898],[121.00169413,14.57629915],[121.00160159,14.57626356],[121.00150193,14.57623508],[121.00131684,14.57628491],[121.00126634,14.57634354],[121.00123174,14.57646115],[121.00122482,14.57686238],[121.00119714,14.57834974],[121.00119829,14.57869538],[121.00139527,14.57869967],[121.00152802,14.57871251],[121.00165221,14.57873392],[121.00174369,14.57876087],[121.0018718,14.57878937],[121.00220136,14.57886686],[121.00243587,14.57892234],[121.00263023,14.57896606],[121.00312196,14.57907839],[121.00316385,14.57908934],[121.00325235,14.57911031],[121.00352356,14.57917498],[121.00389184,14.57926062],[121.00420551,14.5793271],[121.00435432,14.57935911],[121.00430756,14.57934791],[121.00431841,14.57928462]]]]}},{"type":"Feature","properties":{"psgc_code":"1303901813","adm4_en":"Barangay 813","district":"Santa Ana"},"geometry":{"type":"MultiPolygon","coordinates":[[[[121.00122482,14.57686238],[121.00123174,14.57646115],[121.00126634,14.57634354],[121.00131684,14.57628491],[121.00125633,14.57626711],[121.00117091,14.57625644],[121.00109616,14.57623864],[121.00101429,14.57621017],[121.00093793,14.57615701],[121.00089274,14.5764819],[121.0008789,14.57672402],[121.0008603,14.57712379],[121.0005399,14.57712526],[121.00047764,14.57711834],[121.00022857,14.57710451],[121.00021473,14.57740889],[121.00021169,14.57756582],[121.00020781,14.57770636],[121.00019398,14.57801075],[121.00018706,14.57831514],[121.00017483,14.5786654],[121.00053454,14.57867397],[121.0008814,14.5786911],[121.00119829,14.57869538],[121.00119714,14.57834974],[121.00122482,14.57686238]]]]}},{"type":"Feature","properties":{"psgc_code":"1303901814","adm4_en":"Barangay 814","district":"Santa Ana"},"geometry":{"type":"MultiPolygon","coordinates":[[[[121.00190074,14.58056363],[121.00193352,14.58047572],[121.00198418,14.58035354],[121.00215777,14.5798675],[121.00211878,14.5798405],[121.0020198,14.57982251],[121.00193882,14.57975352],[121.00186084,14.57969354],[121.00178586,14.57963655],[121.00171387,14.57960056],[121.00165389,14.57955257],[121.0016119,14.57950458],[121.0015699,14.57945359],[121.00150992,14.5793876],[121.00146493,14.57933662],[121.00141094,14.57928263],[121.00136595,14.57922564],[121.0008814,14.5786911],[121.00053454,14.57867397],[121.00017483,14.5786654],[121.00058863,14.57917117],[121.00057633,14.57922647],[121.00058248,14.57926949],[121.00181156,14.58071972],[121.00182069,14.58072988],[121.00184919,14.58076157],[121.00188137,14.58063962],[121.00190074,14.58056363]]]]}},{"type":"Feature","properties":{"psgc_code":"1303901815","adm4_en":"Barangay 815","district":"Santa Ana"},"geometry":{"type":"MultiPolygon","coordinates":[[[[121.00181099,14.58089639],[121.00184919,14.58076157],[121.00182069,14.58072988],[121.00181156,14.58071972],[121.00058248,14.57926949],[121.00057633,14.57922647],[121.00058863,14.57917117],[121.00017483,14.5786654],[120.99951536,14.57863543],[120.99922844,14.57862686],[120.99910592,14.57863499],[121.00161372,14.58158644],[121.00174807,14.5811121],[121.00181099,14.58089639]]]]}},{"type":"Feature","properties":{"psgc_code":"1303901816","adm4_en":"Barangay 816","district":"Santa Ana"},"geometry":{"type":"MultiPolygon","coordinates":[[[[121.00308698,14.57965893],[121.00314848,14.57944782],[121.00325235,14.57911031],[121.00316385,14.57908934],[121.00312196,14.57907839],[121.00263023,14.57896606],[121.00243587,14.57892234],[121.00220136,14.57886686],[121.00211003,14.57923983],[121.00193882,14.57975352],[121.0020198,14.57982251],[121.00211878,14.5798405],[121.00215777,14.5798675],[121.0022124,14.57970589],[121.00223936,14.57962403],[121.00278506,14.57987146],[121.00293886,14.57989732],[121.00300673,14.57991082],[121.00302548,14.57986172],[121.00308698,14.57965893]]]]}},{"type":"Feature","properties":{"psgc_code":"1303901817","adm4_en":"Barangay 817","district":"Santa Ana"},"geometry":{"type":"MultiPolygon","coordinates":[[[[121.00220136,14.57886686],[121.0018718,14.57878937],[121.00174369,14.57876087],[121.00165221,14.57873392],[121.00152802,14.57871251],[121.00139527,14.57869967],[121.00119829,14.57869538],[121.0008814,14.5786911],[121.00136595,14.57922564],[121.00141094,14.57928263],[121.00146493,14.57933662],[121.00150992,14.5793876],[121.0015699,14.57945359],[121.0016119,14.57950458],[121.00165389,14.57955257],[121.00171387,14.57960056],[121.00178586,14.57963655],[121.00186084,14.57969354],[121.00193882,14.57975352],[121.00211003,14.57923983],[121.00220136,14.57886686]]]]}},{"type":"Feature","properties":{"psgc_code":"1303901818","adm4_en":"Barangay 818","district":"Santa Ana"},"geometry":{"type":"MultiPolygon","coordinates":[[[[121.00315935,14.58214655],[121.0032592,14.58213989],[121.00334574,14.58213323],[121.00340818,14.58212748],[121.00348997,14.58211992],[121.00358538,14.58211326],[121.00369285,14.5820928],[121.00378769,14.58208521],[121.00386356,14.58206245],[121.00393564,14.58205107],[121.00395608,14.58199103],[121.00396464,14.58195677],[121.00398605,14.58177833],[121.004056,14.58166841],[121.00408591,14.58157818],[121.00414517,14.58140694],[121.00424158,14.58139148],[121.00432803,14.58125223],[121.00438731,14.58123752],[121.0044997,14.58122579],[121.00457381,14.58121372],[121.0045559,14.58110313],[121.00389153,14.58098121],[121.00387411,14.5810994],[121.00359578,14.58104439],[121.00320208,14.58094603],[121.0031533,14.58118796],[121.00309867,14.58137722],[121.00305965,14.58159573],[121.00301673,14.58178304],[121.00297766,14.58205394],[121.00296631,14.58218427],[121.00309278,14.58216208],[121.00315935,14.58214655]]]]}},{"type":"Feature","properties":{"psgc_code":"1303901819","adm4_en":"Barangay 819","district":"Santa Ana"},"geometry":{"type":"MultiPolygon","coordinates":[[[[121.00463247,14.58116728],[121.00472292,14.58097473],[121.00475418,14.58095056],[121.00473133,14.58093227],[121.00469705,14.580882],[121.00463992,14.58080202],[121.00456223,14.58067634],[121.0045051,14.58054838],[121.00446626,14.58043184],[121.00443426,14.58029245],[121.00440456,14.58018048],[121.00437485,14.5800708],[121.00435429,14.57997254],[121.00431544,14.57982858],[121.00429259,14.57972118],[121.00426745,14.57962977],[121.00424689,14.57952695],[121.00424232,14.57943783],[121.00428573,14.5793967],[121.00435432,14.57935911],[121.00420551,14.5793271],[121.00389184,14.57926062],[121.0038464,14.57954781],[121.00381479,14.57975185],[121.00378002,14.57995242],[121.00375444,14.58016282],[121.00371133,14.58037261],[121.00366535,14.58059677],[121.00363421,14.58078735],[121.00359578,14.58104439],[121.00387411,14.5810994],[121.00389153,14.58098121],[121.0045559,14.58110313],[121.00457381,14.58121372],[121.00461536,14.5812015],[121.00463247,14.58116728]]]]}},{"type":"Feature","properties":{"psgc_code":"1303901820","adm4_en":"Barangay 820","district":"Santa Ana"},"geometry":{"type":"MultiPolygon","coordinates":[[[[121.00305965,14.58159573],[121.00309867,14.58137722],[121.0031533,14.58118796],[121.00320208,14.58094603],[121.00359578,14.58104439],[121.00363421,14.58078735],[121.00366535,14.58059677],[121.00371133,14.58037261],[121.00375444,14.58016282],[121.00378002,14.57995242],[121.00381479,14.57975185],[121.0038464,14.57954781],[121.00389184,14.57926062],[121.00352356,14.57917498],[121.00325235,14.57911031],[121.00314848,14.57944782],[121.00308698,14.57965893],[121.00302548,14.57986172],[121.00300673,14.57991082],[121.00293886,14.57989732],[121.00278506,14.57987146],[121.00223936,14.57962403],[121.0022124,14.57970589],[121.00215777,14.5798675],[121.00198418,14.58035354],[121.00193352,14.58047572],[121.00190074,14.58056363],[121.00188137,14.58063962],[121.00184919,14.58076157],[121.00181099,14.58089639],[121.00174807,14.5811121],[121.00161372,14.58158644],[121.00181339,14.5816053],[121.00205523,14.58189331],[121.00297766,14.58205394],[121.00301673,14.58178304],[121.00305965,14.58159573]]]]}},{"type":"Feature","properties":{"psgc_code":"1303901821","adm4_en":"Barangay 821","district":"Santa Ana"},"geometry":{"type":"MultiPolygon","coordinates":[[[[120.99919752,14.58289093],[120.99881395,14.58250716],[120.99842539,14.58286752],[120.9976702,14.58226588],[120.99759979,14.58232912],[120.99714596,14.58274729],[120.99723882,14.58272749],[120.99729591,14.58273383],[120.99735934,14.58274969],[120.99758596,14.58291482],[120.99791625,14.58312542],[120.99806465,14.58322594],[120.99815081,14.58329774],[120.99824176,14.58338868],[120.99854922,14.58301571],[120.99908977,14.58345655],[120.99915275,14.58339357],[120.99925102,14.58346953],[120.99950535,14.58321841],[120.99919752,14.58289093]]]]}},{"type":"Feature","properties":{"psgc_code":"1303901822","adm4_en":"Barangay 822","district":"Santa Ana"},"geometry":{"type":"MultiPolygon","coordinates":[[[[120.99979248,14.58433775],[120.99985299,14.58424917],[120.99990015,14.5841745],[120.99996962,14.58409114],[120.99991034,14.58403744],[120.99981043,14.5839444],[120.99925102,14.58346953],[120.99915275,14.58339357],[120.99908977,14.58345655],[120.99854922,14.58301571],[120.99824176,14.58338868],[120.99843802,14.58360408],[120.99854811,14.58372374],[120.99861992,14.58380033],[120.99872044,14.58390563],[120.9988449,14.58403966],[120.99897414,14.58415932],[120.99911774,14.58426941],[120.99934751,14.58445609],[120.99940654,14.58450389],[120.99951505,14.58457575],[120.99963472,14.58463797],[120.9996966,14.5844961],[120.99979248,14.58433775]]]]}},{"type":"Feature","properties":{"psgc_code":"1303901823","adm4_en":"Barangay 823","district":"Santa Ana"},"geometry":{"type":"MultiPolygon","coordinates":[[[[121.00010508,14.58391747],[121.00017107,14.58382369],[121.00024749,14.58374381],[121.0003239,14.5836535],[121.00040032,14.58356666],[121.00045242,14.58350067],[121.00054273,14.5833791],[121.00060177,14.58330963],[121.00066082,14.5832228],[121.00072681,14.58313249],[121.00078586,14.58303524],[121.00083102,14.58296924],[121.00086416,14.58288972],[121.00101844,14.58270626],[121.00060485,14.58225849],[121.00035568,14.58245426],[121.00013726,14.58262091],[121.00007739,14.58269857],[120.99997204,14.5827786],[120.99987515,14.58285228],[120.99950535,14.58321841],[120.99925102,14.58346953],[120.99981043,14.5839444],[120.99991034,14.58403744],[120.99996962,14.58409114],[121.00002867,14.58400084],[121.00010508,14.58391747]]]]}},{"type":"Feature","properties":{"psgc_code":"1303901824","adm4_en":"Barangay 824","district":"Santa Ana"},"geometry":{"type":"MultiPolygon","coordinates":[[[[120.99997204,14.5827786],[121.00007739,14.58269857],[121.00013726,14.58262091],[121.00035568,14.58245426],[121.00060485,14.58225849],[120.99929724,14.5809409],[120.99864067,14.58147263],[120.99817295,14.58185124],[120.9980265,14.581965],[120.99782297,14.58213605],[120.9976702,14.58226588],[120.99842539,14.58286752],[120.99881395,14.58250716],[120.99919752,14.58289093],[120.99950535,14.58321841],[120.99987515,14.58285228],[120.99997204,14.5827786]]]]}},{"type":"Feature","properties":{"psgc_code":"1303901825","adm4_en":"Barangay 825","district":"Santa Ana"},"geometry":{"type":"MultiPolygon","coordinates":[[[[121.00109132,14.58261176],[121.00114263,14.58255206],[121.0012213,14.58252212],[121.00128852,14.58248626],[121.00133783,14.58246161],[121.00145565,14.58243457],[121.00157147,14.58239359],[121.00165166,14.58239537],[121.00173363,14.5823633],[121.00180312,14.58236864],[121.00186192,14.58234548],[121.00195992,14.58235439],[121.00202138,14.58234267],[121.00203057,14.58234044],[121.00228208,14.58228422],[121.00296631,14.58218427],[121.00297766,14.58205394],[121.00205523,14.58189331],[121.00181339,14.5816053],[121.00161372,14.58158644],[120.99910592,14.57863499],[120.99885814,14.57865154],[120.998351,14.57868198],[120.99892215,14.57943211],[120.99930577,14.57992652],[120.99978164,14.58053267],[120.99929724,14.5809409],[121.00060485,14.58225849],[121.00101844,14.58270626],[121.00106101,14.58265183],[121.00109132,14.58261176]]]]}},{"type":"Feature","properties":{"psgc_code":"1303901826","adm4_en":"Barangay 826","district":"Santa Ana"},"geometry":{"type":"MultiPolygon","coordinates":[[[[120.99893039,14.58570486],[120.99896709,14.58560576],[120.99902949,14.585514],[120.99906986,14.58542591],[120.9990973,14.58537692],[120.99912125,14.58533415],[120.99923503,14.58514329],[120.99931578,14.58502217],[120.99948095,14.58482396],[120.99963472,14.58463797],[120.99951505,14.58457575],[120.99940654,14.58450389],[120.99934751,14.58445609],[120.99911774,14.58426941],[120.99897414,14.58415932],[120.9988449,14.58403966],[120.9986061,14.58430104],[120.99842983,14.58450994],[120.9981687,14.58481022],[120.99808383,14.58491466],[120.99791603,14.58516605],[120.99796786,14.5851814],[120.99816217,14.58524106],[120.99809564,14.58542944],[120.99806424,14.58556093],[120.99799895,14.58581551],[120.99826662,14.58585468],[120.9984233,14.58589385],[120.99859303,14.5859526],[120.99882947,14.5860135],[120.99887506,14.58592024],[120.99893039,14.58570486]]]]}},{"type":"Feature","properties":{"psgc_code":"1303901827","adm4_en":"Barangay 827","district":"Santa Ana"},"geometry":{"type":"MultiPolygon","coordinates":[[[[120.99784598,14.58678809],[120.9978545,14.58672058],[120.99786838,14.58661845],[120.99790755,14.58635733],[120.99799895,14.58581551],[120.99806424,14.58556093],[120.99809564,14.58542944],[120.99816217,14.58524106],[120.99796786,14.5851814],[120.99791603,14.58516605],[120.99808383,14.58491466],[120.9981687,14.58481022],[120.99842983,14.58450994],[120.9986061,14.58430104],[120.9988449,14.58403966],[120.99872044,14.58390563],[120.99861992,14.58380033],[120.99854811,14.58372374],[120.99843802,14.58360408],[120.99824176,14.58338868],[120.99815081,14.58329774],[120.99806465,14.58322594],[120.99791625,14.58312542],[120.99758596,14.58291482],[120.99735934,14.58274969],[120.99729591,14.58273383],[120.99723882,14.58272749],[120.99714596,14.58274729],[120.99629036,14.58343723],[120.99466198,14.58473432],[120.99380691,14.58544053],[120.99389293,14.58552655],[120.99498161,14.5867718],[120.99515339,14.58667118],[120.9952597,14.5866002],[120.99534714,14.58653669],[120.99541552,14.58648426],[120.99548162,14.58643184],[120.99553633,14.58635434],[120.99558659,14.58620607],[120.99558659,14.58609252],[120.99556827,14.58603506],[120.99554746,14.58594259],[120.99554978,14.58585474],[120.99558908,14.58568599],[120.99561451,14.58559814],[120.99566536,14.58549642],[120.99571391,14.58540164],[120.99577633,14.58530917],[120.99582256,14.58524675],[120.99587111,14.58518202],[120.99593122,14.58511498],[120.99599363,14.5850595],[120.99604449,14.58501095],[120.99609997,14.58496472],[120.9961647,14.58491848],[120.99621556,14.58491848],[120.99627798,14.58494391],[120.99634733,14.58497396],[120.99640744,14.58501095],[120.99645367,14.58506181],[120.99650453,14.58512654],[120.99656464,14.5852167],[120.996597,14.58529068],[120.99662706,14.58535078],[120.99666173,14.58542707],[120.9966756,14.58548024],[120.99669641,14.58553803],[120.99675651,14.58558427],[120.99685592,14.58562126],[120.99693236,14.58562763],[120.9969611,14.58561204],[120.9969812,14.58559195],[120.99704297,14.58559641],[120.99708024,14.5856094],[120.99709804,14.58563586],[120.99711035,14.58565456],[120.99717357,14.58567865],[120.99723379,14.5856937],[120.99730304,14.58569972],[120.99736627,14.58572983],[120.99742046,14.58576897],[120.99744756,14.58581715],[120.99750176,14.58583521],[120.99758606,14.58589242],[120.99764628,14.5859707],[120.9976794,14.58606103],[120.99769746,14.58613931],[120.99769144,14.58621759],[120.9976523,14.5862748],[120.99761918,14.58635609],[120.99755595,14.58643437],[120.99750176,14.58649459],[120.99743552,14.58653674],[120.9973482,14.58659997],[120.99730906,14.5866632],[120.99729702,14.58673847],[120.99730605,14.58679266],[120.99732412,14.58684084],[120.99736326,14.586886],[120.99740842,14.58691912],[120.9974596,14.58693417],[120.99753789,14.58695224],[120.99763724,14.58697633],[120.99771252,14.58700041],[120.9978179,14.58703654],[120.99782268,14.58696442],[120.99784598,14.58678809]]]]}},{"type":"Feature","properties":{"psgc_code":"1303901828","adm4_en":"Barangay 828","district":"Santa Ana"},"geometry":{"type":"MultiPolygon","coordinates":[[[[120.9983925,14.58782406],[120.99843877,14.58766541],[120.99847844,14.58745387],[120.99849241,14.58735607],[120.99850488,14.58726878],[120.99856437,14.58702419],[120.99861726,14.58689859],[120.99864527,14.58678887],[120.99865692,14.58673994],[120.99867675,14.58654824],[120.99871641,14.58635654],[120.9987693,14.58615161],[120.99882947,14.5860135],[120.99859303,14.5859526],[120.9984233,14.58589385],[120.99826662,14.58585468],[120.99799895,14.58581551],[120.99790755,14.58635733],[120.99786838,14.58661845],[120.9978545,14.58672058],[120.99784598,14.58678809],[120.99782268,14.58696442],[120.9978179,14.58703654],[120.9979022,14.58709375],[120.99794435,14.58716601],[120.99797747,14.58725935],[120.99799554,14.5873286],[120.99799554,14.58741591],[120.99797446,14.58748817],[120.99796543,14.58756946],[120.99797446,14.58765678],[120.99801059,14.58775915],[120.99804371,14.58782539],[120.99808887,14.5878856],[120.99813404,14.58793679],[120.9982063,14.58796991],[120.99826952,14.58798797],[120.99835383,14.58799701],[120.99838093,14.58787657],[120.9983925,14.58782406]]]]}},{"type":"Feature","properties":{"psgc_code":"1303901829","adm4_en":"Barangay 829","district":"Santa Ana"},"geometry":{"type":"MultiPolygon","coordinates":[[[[120.99894706,14.59232285],[120.99939997,14.5918572],[120.99932394,14.59177403],[120.99864741,14.59097389],[120.99827213,14.59055805],[120.99814685,14.59041924],[120.99672347,14.58880499],[120.99531705,14.58716085],[120.99498161,14.5867718],[120.99488129,14.58680238],[120.99482111,14.58691272],[120.99477095,14.58698294],[120.99473083,14.58708826],[120.99470074,14.5871986],[120.99466062,14.58730894],[120.99466563,14.58741426],[120.99464557,14.58752962],[120.99460545,14.587655],[120.99454025,14.58777537],[120.99449511,14.58785562],[120.99439981,14.5878506],[120.99430452,14.58780547],[120.99418917,14.5877202],[120.99411394,14.58764999],[120.99401864,14.58759482],[120.99394843,14.58754466],[120.99385313,14.58746943],[120.99375784,14.58741928],[120.99365684,14.58739824],[120.99363747,14.5873942],[120.99349617,14.58898729],[120.99354345,14.58908438],[120.99395766,14.58960524],[120.99436258,14.59015032],[120.99446838,14.59028904],[120.994565,14.59036265],[120.99467081,14.59046387],[120.99479503,14.59055588],[120.99499747,14.5906571],[120.99508948,14.59070771],[120.9952275,14.59076752],[120.99516769,14.59091474],[120.99537012,14.59095155],[120.99549434,14.59098835],[120.99629487,14.59136101],[120.99820417,14.59226735],[120.9986489,14.59262927],[120.99871372,14.59256296],[120.99894706,14.59232285]]]]}},{"type":"Feature","properties":{"psgc_code":"1303901830","adm4_en":"Barangay 830","district":"Santa Ana"},"geometry":{"type":"MultiPolygon","coordinates":[[[[120.99910473,14.59657077],[120.99933958,14.59653144],[120.99953182,14.59648137],[120.99978147,14.5963796],[121.00021057,14.59619478],[121.00044296,14.59610373],[121.00063495,14.59603143],[121.00080467,14.59598117],[121.00097101,14.59593917],[121.00116425,14.59590532],[121.00142221,14.59586839],[121.00172734,14.59584484],[121.00184826,14.59584805],[121.00191953,14.59585888],[121.00199173,14.59589075],[121.0020261,14.59590466],[121.00290756,14.59639053],[121.00310718,14.59553398],[121.00314778,14.59545702],[121.00326362,14.595214],[121.00329696,14.59509134],[121.00331982,14.59494961],[121.00333354,14.59480331],[121.0033564,14.59467529],[121.00334725,14.59457471],[121.00335182,14.59444212],[121.0033564,14.59426381],[121.0033564,14.5941175],[121.00334268,14.59396663],[121.00335182,14.59381118],[121.00332896,14.59367402],[121.00330108,14.59342902],[121.00328901,14.5933445],[121.00326889,14.59322779],[121.00325588,14.59317779],[121.00324472,14.5930402],[121.00324288,14.59293263],[121.00312802,14.59293263],[121.00305927,14.5929386],[121.00304379,14.59294029],[121.00271452,14.59291731],[121.00207896,14.5928484],[121.0017736,14.59282569],[121.00162377,14.59281372],[121.00035205,14.59262432],[121.00020323,14.59257021],[121.00006795,14.5925161],[120.99994619,14.59243493],[120.99982443,14.5923267],[120.99939997,14.5918572],[120.99894706,14.59232285],[120.99871372,14.59256296],[120.9986489,14.59262927],[120.99820417,14.59226735],[120.99629487,14.59136101],[120.99549434,14.59098835],[120.99537012,14.59095155],[120.99516769,14.59091474],[120.9952275,14.59076752],[120.99508948,14.59070771],[120.99499747,14.5906571],[120.99479503,14.59055588],[120.99467081,14.59046387],[120.994565,14.59036265],[120.99446838,14.59028904],[120.99436258,14.59015032],[120.9942142,14.5901608],[120.99409134,14.59018127],[120.99392979,14.59021085],[120.993791,14.59021313],[120.99371819,14.59023361],[120.99353844,14.59027911],[120.99341918,14.59032635],[120.99328133,14.59039515],[120.99312434,14.59043383],[120.99210853,14.59130379],[120.99249684,14.59137326],[120.99290473,14.59150681],[120.99323466,14.59166023],[120.99356421,14.59185144],[120.9938188,14.59202398],[120.99415102,14.59234098],[120.99444653,14.59266911],[120.99464541,14.5929023],[120.99486463,14.59321745],[120.99512969,14.59365534],[120.99546418,14.59425856],[120.99569432,14.59464885],[120.9958835,14.59491594],[120.99602905,14.59510024],[120.99621256,14.59526302],[120.99639512,14.5954079],[120.99728281,14.59612873],[120.99751141,14.59631264],[120.99766429,14.59640165],[120.99783778,14.59648083],[120.99802663,14.59652544],[120.99823691,14.59656019],[120.99843599,14.59658011],[120.99866058,14.59660005],[120.9988903,14.5965953],[120.99910473,14.59657077]]]]}},{"type":"Feature","properties":{"psgc_code":"1303901831","adm4_en":"Barangay 831","district":"Santa Ana"},"geometry":{"type":"MultiPolygon","coordinates":[[[[121.00126239,14.58968581],[121.00114966,14.58958189],[121.00108942,14.58952642],[121.00104265,14.58949961],[121.00085026,14.58938934],[121.00061985,14.58928726],[121.00036319,14.58917643],[121.00009778,14.58905393],[120.99989888,14.58899137],[120.99984056,14.58897296],[120.99981908,14.58897296],[120.99975769,14.58894226],[120.99967788,14.58889315],[120.99956738,14.58885325],[120.99944461,14.58881948],[120.99935866,14.58878879],[120.99932627,14.58877954],[120.999285,14.58877344],[120.99920212,14.58874275],[120.99909162,14.58871205],[120.99899033,14.58866601],[120.99889825,14.58861997],[120.99881537,14.58857393],[120.9987724,14.58854017],[120.99871101,14.58848185],[120.99867111,14.58844194],[120.99861586,14.58840204],[120.9985821,14.58835293],[120.99854337,14.58830816],[120.99852825,14.58827881],[120.9985115,14.58826699],[120.99850156,14.5882539],[120.99847399,14.58823255],[120.99845886,14.58820764],[120.99844463,14.58817028],[120.99842239,14.5881436],[120.9983797,14.5881098],[120.9983708,14.58808934],[120.9983708,14.5880502],[120.99835383,14.58799701],[120.99826952,14.58798797],[120.9982063,14.58796991],[120.99813404,14.58793679],[120.99808887,14.5878856],[120.99804371,14.58782539],[120.99801059,14.58775915],[120.99797446,14.58765678],[120.99796543,14.58756946],[120.99797446,14.58748817],[120.99799554,14.58741591],[120.99799554,14.5873286],[120.99797747,14.58725935],[120.99794435,14.58716601],[120.9979022,14.58709375],[120.9978179,14.58703654],[120.99771252,14.58700041],[120.99763724,14.58697633],[120.99753789,14.58695224],[120.9974596,14.58693417],[120.99740842,14.58691912],[120.99736326,14.586886],[120.99732412,14.58684084],[120.99730605,14.58679266],[120.99729702,14.58673847],[120.99730906,14.5866632],[120.9973482,14.58659997],[120.99743552,14.58653674],[120.99750176,14.58649459],[120.99755595,14.58643437],[120.99761918,14.58635609],[120.9976523,14.5862748],[120.99769144,14.58621759],[120.99769746,14.58613931],[120.9976794,14.58606103],[120.99764628,14.5859707],[120.99758606,14.58589242],[120.99750176,14.58583521],[120.99744756,14.58581715],[120.99742046,14.58576897],[120.99736627,14.58572983],[120.99730304,14.58569972],[120.99723379,14.5856937],[120.99717357,14.58567865],[120.99711035,14.58565456],[120.99709804,14.58563586],[120.99708024,14.5856094],[120.99704297,14.58559641],[120.9969812,14.58559195],[120.9969611,14.58561204],[120.99693236,14.58562763],[120.99685592,14.58562126],[120.99675651,14.58558427],[120.99669641,14.58553803],[120.9966756,14.58548024],[120.99666173,14.58542707],[120.99662706,14.58535078],[120.996597,14.58529068],[120.99656464,14.5852167],[120.99650453,14.58512654],[120.99645367,14.58506181],[120.99640744,14.58501095],[120.99634733,14.58497396],[120.99627798,14.58494391],[120.99621556,14.58491848],[120.9961647,14.58491848],[120.99609997,14.58496472],[120.99604449,14.58501095],[120.99599363,14.5850595],[120.99593122,14.58511498],[120.99587111,14.58518202],[120.99582256,14.58524675],[120.99577633,14.58530917],[120.99571391,14.58540164],[120.99566536,14.58549642],[120.99561451,14.58559814],[120.99558908,14.58568599],[120.99554978,14.58585474],[120.99554746,14.58594259],[120.99556827,14.58603506],[120.99558659,14.58609252],[120.99558659,14.58620607],[120.99553633,14.58635434],[120.99548162,14.58643184],[120.99541552,14.58648426],[120.99534714,14.58653669],[120.9952597,14.5866002],[120.99515339,14.58667118],[120.99498161,14.5867718],[120.99531705,14.58716085],[120.99672347,14.58880499],[120.99814685,14.59041924],[120.99827213,14.59055805],[120.99864741,14.59097389],[120.99932394,14.59177403],[121.00108145,14.58989195],[121.00126239,14.58968581]]]]}},{"type":"Feature","properties":{"psgc_code":"1303901832","adm4_en":"Barangay 832","district":"Santa Ana"},"geometry":{"type":"MultiPolygon","coordinates":[[[[121.00312802,14.59293263],[121.00324288,14.59293263],[121.00320529,14.59276455],[121.00316228,14.59257819],[121.00313477,14.59238511],[121.00309933,14.592202],[121.00305208,14.59201299],[121.00302255,14.5918358],[121.00298711,14.59162907],[121.00292804,14.5914755],[121.00282763,14.59127467],[121.0027095,14.59109748],[121.00257955,14.59089666],[121.0024378,14.59073718],[121.00230785,14.59060723],[121.00216019,14.59044185],[121.00204206,14.590306],[121.00180019,14.5900867],[121.00154591,14.58988073],[121.00140415,14.58979804],[121.00126239,14.58968581],[121.00108145,14.58989195],[120.99932394,14.59177403],[120.99939997,14.5918572],[120.99982443,14.5923267],[120.99994619,14.59243493],[121.00006795,14.5925161],[121.00020323,14.59257021],[121.00035205,14.59262432],[121.00162377,14.59281372],[121.0017736,14.59282569],[121.00207896,14.5928484],[121.00271452,14.59291731],[121.00304379,14.59294029],[121.00305927,14.5929386],[121.00312802,14.59293263]]]]}},{"type":"Feature","properties":{"psgc_code":"1303901833","adm4_en":"Barangay 833","district":"Pandacan"},"geometry":{"type":"MultiPolygon","coordinates":[[[[121.0043314,14.59555697],[121.004252,14.59530884],[121.00422222,14.59520628],[121.00417921,14.59508055],[121.00439885,14.59483102],[121.00480346,14.59460742],[121.00467923,14.59416022],[121.00427877,14.59373905],[121.0045698,14.59364441],[121.00450909,14.59337669],[121.00492867,14.59318615],[121.00477462,14.59277671],[121.00461449,14.59283347],[121.00449104,14.59261105],[121.00416177,14.59273356],[121.00391674,14.59280247],[121.0035645,14.59288669],[121.00346495,14.59290966],[121.00334838,14.59292088],[121.00324288,14.59293263],[121.00324472,14.5930402],[121.00325588,14.59317779],[121.00326889,14.59322779],[121.00328901,14.5933445],[121.00330108,14.59342902],[121.00332896,14.59367402],[121.00335182,14.59381118],[121.00334268,14.59396663],[121.0033564,14.5941175],[121.0033564,14.59426381],[121.00335182,14.59444212],[121.00334725,14.59457471],[121.0033564,14.59467529],[121.00333354,14.59480331],[121.00331982,14.59494961],[121.00329696,14.59509134],[121.00326362,14.595214],[121.00314778,14.59545702],[121.00310718,14.59553398],[121.00290756,14.59639053],[121.00344311,14.59667829],[121.00390717,14.5969279],[121.0040236,14.59697361],[121.00413171,14.59701126],[121.00424815,14.59704356],[121.00437601,14.5970806],[121.00454513,14.5971183],[121.00470317,14.59714257],[121.00455501,14.59659141],[121.0043314,14.59555697]]]]}},{"type":"Feature","properties":{"psgc_code":"1303901834","adm4_en":"Barangay 834","district":"Pandacan"},"geometry":{"type":"MultiPolygon","coordinates":[[[[121.00589691,14.59714886],[121.00611323,14.5971222],[121.00636735,14.59707677],[121.00660686,14.59702061],[121.00695911,14.59692427],[121.00733078,14.59680112],[121.00754959,14.59672138],[121.00777202,14.59663279],[121.00801927,14.59652818],[121.00870571,14.59624367],[121.01025861,14.59562278],[121.01041608,14.59555633],[121.01056763,14.59547082],[121.01041074,14.59489615],[121.01038118,14.59483746],[121.00966602,14.59296574],[121.00946881,14.59281663],[121.00932606,14.59267847],[121.00866373,14.59268806],[121.00856568,14.59268132],[121.00826057,14.59265926],[121.00779022,14.59257288],[121.00707989,14.5924385],[121.00588002,14.59220813],[121.00558245,14.59214094],[121.0050929,14.59203535],[121.00498958,14.59216309],[121.00484332,14.5923137],[121.00470894,14.59243848],[121.00449104,14.59261105],[121.00461449,14.59283347],[121.00477462,14.59277671],[121.00492867,14.59318615],[121.00450909,14.59337669],[121.0045698,14.59364441],[121.00427877,14.59373905],[121.00467923,14.59416022],[121.00480346,14.59460742],[121.00439885,14.59483102],[121.00417921,14.59508055],[121.00422222,14.59520628],[121.004252,14.59530884],[121.0043314,14.59555697],[121.00455501,14.59659141],[121.00470317,14.59714257],[121.00487926,14.59715613],[121.00513714,14.59716706],[121.00538313,14.59717262],[121.00564709,14.59717014],[121.00589691,14.59714886]]]]}},{"type":"Feature","properties":{"psgc_code":"1303901835","adm4_en":"Barangay 835","district":"Pandacan"},"geometry":{"type":"MultiPolygon","coordinates":[[[[121.00940764,14.59266984],[121.01017526,14.59258446],[121.01051379,14.59254686],[121.01070929,14.59252514],[121.01070243,14.59251636],[121.01047707,14.59223169],[121.01023687,14.59194702],[121.01001448,14.59169496],[121.0099052,14.59150007],[121.00983868,14.59143117],[121.00976503,14.59135515],[121.00968425,14.59126011],[121.00946329,14.59099402],[121.00938726,14.59091086],[121.00934263,14.59086992],[121.00926257,14.59090892],[121.00914586,14.59095623],[121.00902285,14.59098147],[121.00893768,14.59099408],[121.0088746,14.59100039],[121.00880205,14.59099408],[121.00871058,14.59098147],[121.00866132,14.59098388],[121.00857905,14.590947],[121.00856945,14.59094243],[121.00847245,14.59089903],[121.00837801,14.59086585],[121.00829377,14.59084288],[121.00819678,14.59083267],[121.00809467,14.5908148],[121.00799768,14.59079438],[121.00790323,14.59078162],[121.00780879,14.59077906],[121.00771945,14.59077396],[121.00762501,14.59078927],[121.0075229,14.59079183],[121.00741704,14.59078314],[121.00732729,14.59078955],[121.00721618,14.59078955],[121.00710079,14.59078314],[121.00698326,14.59078314],[121.00688924,14.59078528],[121.00677599,14.59077887],[121.00669907,14.59078101],[121.00660078,14.5907746],[121.00650889,14.59076605],[121.00641274,14.59076391],[121.00632726,14.59075964],[121.00622897,14.59075537],[121.00613495,14.59074468],[121.00605162,14.59074041],[121.00586358,14.59072545],[121.00576002,14.59071453],[121.00566197,14.59071898],[121.00561125,14.59084516],[121.00537128,14.59140186],[121.0050929,14.59203535],[121.00558245,14.59214094],[121.00588002,14.59220813],[121.00707989,14.5924385],[121.00779022,14.59257288],[121.00826057,14.59265926],[121.00856568,14.59268132],[121.00866373,14.59268806],[121.00932606,14.59267847],[121.00940764,14.59266984]]]]}},{"type":"Feature","properties":{"psgc_code":"1303901836","adm4_en":"Barangay 836","district":"Pandacan"},"geometry":{"type":"MultiPolygon","coordinates":[[[[121.01240838,14.59420944],[121.01213884,14.59388219],[121.01196685,14.59396095],[121.01179663,14.59376179],[121.01161575,14.59354532],[121.01136073,14.59326658],[121.01110868,14.59297301],[121.01088331,14.59274172],[121.01070929,14.59252514],[121.01051379,14.59254686],[121.01017526,14.59258446],[121.00940764,14.59266984],[121.00932606,14.59267847],[121.00946881,14.59281663],[121.00966602,14.59296574],[121.01038118,14.59483746],[121.01041074,14.59489615],[121.01056763,14.59547082],[121.01073343,14.59537121],[121.01240838,14.59420944]]]]}},{"type":"Feature","properties":{"psgc_code":"1303901837","adm4_en":"Barangay 837","district":"Pandacan"},"geometry":{"type":"MultiPolygon","coordinates":[[[[121.01431845,14.59353509],[121.01451077,14.59345792],[121.01475034,14.59336174],[121.01489588,14.59330103],[121.01502735,14.59324025],[121.01515762,14.59318281],[121.0153247,14.59310015],[121.0154586,14.59301272],[121.01532275,14.59281824],[121.0149948,14.5924059],[121.01429937,14.59165456],[121.01313234,14.59109505],[121.01301244,14.59104709],[121.01285257,14.59100713],[121.01238096,14.5909272],[121.01226905,14.59116698],[121.01218112,14.5913668],[121.01205322,14.59156663],[121.01194931,14.59175046],[121.01181342,14.59199824],[121.01173581,14.59212498],[121.01169351,14.59219806],[121.01208519,14.59227799],[121.01203769,14.59257083],[121.01308437,14.59276557],[121.0131643,14.59286148],[121.01353885,14.59340906],[121.01387493,14.59370419],[121.01409074,14.59362689],[121.01431845,14.59353509]]]]}},{"type":"Feature","properties":{"psgc_code":"1303901838","adm4_en":"Barangay 838","district":"Pandacan"},"geometry":{"type":"MultiPolygon","coordinates":[[[[121.01360289,14.59380364],[121.01387493,14.59370419],[121.01353885,14.59340906],[121.0131643,14.59286148],[121.01308437,14.59276557],[121.01203769,14.59257083],[121.01208519,14.59227799],[121.01169351,14.59219806],[121.01157614,14.59218134],[121.01141374,14.5921581],[121.01126187,14.59212612],[121.01113017,14.59212612],[121.01111799,14.59212612],[121.01101407,14.59210214],[121.01090217,14.59204619],[121.01039858,14.59139077],[121.0102627,14.59123891],[121.01015878,14.59105507],[121.01008439,14.59082599],[121.00991161,14.59089318],[121.00965243,14.59096996],[121.00953008,14.59097843],[121.00946329,14.59099402],[121.00968425,14.59126011],[121.00976503,14.59135515],[121.00983868,14.59143117],[121.0099052,14.59150007],[121.01001448,14.59169496],[121.01023687,14.59194702],[121.01047707,14.59223169],[121.01070243,14.59251636],[121.01070929,14.59252514],[121.01088331,14.59274172],[121.01110868,14.59297301],[121.01136073,14.59326658],[121.01161575,14.59354532],[121.01179663,14.59376179],[121.01196685,14.59396095],[121.01213884,14.59388219],[121.01240838,14.59420944],[121.01339338,14.59386807],[121.01360289,14.59380364]]]]}},{"type":"Feature","properties":{"psgc_code":"1303901839","adm4_en":"Barangay 839","district":"Pandacan"},"geometry":{"type":"MultiPolygon","coordinates":[[[[121.01576081,14.59273473],[121.0158533,14.5926265],[121.01591266,14.5925212],[121.01596198,14.59240965],[121.01599478,14.59226642],[121.01601115,14.59215198],[121.01601468,14.59201567],[121.01600828,14.59192287],[121.01599522,14.59181452],[121.01596666,14.59170292],[121.01592625,14.59160738],[121.01586377,14.59150538],[121.01577498,14.5913777],[121.01567307,14.59124742],[121.01555496,14.59112721],[121.01543706,14.59100949],[121.014203,14.59002156],[121.01292457,14.58914471],[121.01225331,14.5895963],[121.01216445,14.58961884],[121.01204144,14.58965985],[121.01192158,14.58971031],[121.01180172,14.58976709],[121.0116787,14.5898144],[121.0115683,14.58985541],[121.01145791,14.58989957],[121.01136959,14.58993111],[121.01127496,14.58996265],[121.0111898,14.58999104],[121.01109832,14.59001627],[121.01096585,14.59005412],[121.01080498,14.59012983],[121.01066304,14.59018029],[121.01055264,14.59024338],[121.0104044,14.59032539],[121.01027823,14.59038847],[121.01016152,14.59045156],[121.01008266,14.5904831],[121.01000381,14.59053987],[121.00991865,14.59057457],[121.00983979,14.59060611],[121.00975463,14.5906692],[121.00967577,14.59071651],[121.00959376,14.59075121],[121.00943125,14.59083589],[121.00934263,14.59086992],[121.00938726,14.59091086],[121.00946329,14.59099402],[121.00953008,14.59097843],[121.00965243,14.59096996],[121.00991161,14.59089318],[121.01008439,14.59082599],[121.01028597,14.59071081],[121.01039681,14.59065966],[121.01054247,14.59064744],[121.01080432,14.59068202],[121.0109867,14.59073001],[121.01141865,14.5907972],[121.01178341,14.59085479],[121.01238096,14.5909272],[121.01285257,14.59100713],[121.01301244,14.59104709],[121.01313234,14.59109505],[121.01429937,14.59165456],[121.0149948,14.5924059],[121.01532275,14.59281824],[121.0154586,14.59301272],[121.01562253,14.59287706],[121.01576081,14.59273473]]]]}},{"type":"Feature","properties":{"psgc_code":"1303901840","adm4_en":"Barangay 840","district":"Pandacan"},"geometry":{"type":"MultiPolygon","coordinates":[[[[121.01181342,14.59199824],[121.01194931,14.59175046],[121.01205322,14.59156663],[121.01218112,14.5913668],[121.01226905,14.59116698],[121.01238096,14.5909272],[121.01178341,14.59085479],[121.01141865,14.5907972],[121.0109867,14.59073001],[121.01080432,14.59068202],[121.01054247,14.59064744],[121.01039681,14.59065966],[121.01028597,14.59071081],[121.01008439,14.59082599],[121.01015878,14.59105507],[121.0102627,14.59123891],[121.01039858,14.59139077],[121.01090217,14.59204619],[121.01101407,14.59210214],[121.01111799,14.59212612],[121.01113017,14.59212612],[121.01126187,14.59212612],[121.01141374,14.5921581],[121.01157614,14.59218134],[121.01169351,14.59219806],[121.01173581,14.59212498],[121.01181342,14.59199824]]]]}},{"type":"Feature","properties":{"psgc_code":"1303901841","adm4_en":"Barangay 841","district":"Pandacan"},"geometry":{"type":"MultiPolygon","coordinates":[[[[120.9998345,14.58699512],[120.99986444,14.58698388],[120.99998251,14.58694536],[121.0001076,14.58687305],[121.00022511,14.58675554],[121.00035149,14.58654834],[121.00051467,14.58629616],[121.00061356,14.58613298],[121.00074707,14.58593519],[121.00085837,14.58576983],[121.0010229,14.58552349],[121.00071176,14.58529373],[121.00046072,14.58513887],[121.00037189,14.58508313],[121.00014976,14.58494192],[120.99977833,14.58471456],[120.99963472,14.58463797],[120.99948095,14.58482396],[120.99931578,14.58502217],[120.99923503,14.58514329],[120.99912125,14.58533415],[120.9990973,14.58537692],[120.99906986,14.58542591],[120.99902949,14.585514],[120.99896709,14.58560576],[120.99893039,14.58570486],[120.99887506,14.58592024],[120.99882947,14.5860135],[120.9987693,14.58615161],[120.99871641,14.58635654],[120.99867675,14.58654824],[120.99865692,14.58673994],[120.99864527,14.58678887],[120.99874971,14.58681429],[120.99944171,14.58701013],[120.99946782,14.5870493],[120.99954616,14.58708194],[120.99963103,14.58707541],[120.9998345,14.58699512]]]]}},{"type":"Feature","properties":{"psgc_code":"1303901842","adm4_en":"Barangay 842","district":"Pandacan"},"geometry":{"type":"MultiPolygon","coordinates":[[[[121.00072646,14.58751774],[121.00124777,14.58726261],[121.00139423,14.58718391],[121.00149479,14.58712571],[121.00164062,14.58704238],[121.00181298,14.58698309],[121.00198622,14.58695343],[121.00200085,14.5867094],[121.00202414,14.58626102],[121.00169383,14.58601831],[121.00160722,14.58595926],[121.00136315,14.58577759],[121.00129307,14.58572527],[121.0010229,14.58552349],[121.00085837,14.58576983],[121.00074707,14.58593519],[121.00061356,14.58613298],[121.00051467,14.58629616],[121.00035149,14.58654834],[121.00022511,14.58675554],[121.0001076,14.58687305],[120.99998251,14.58694536],[120.99986444,14.58698388],[120.9998345,14.58699512],[120.99989193,14.58717086],[120.99993649,14.58731083],[120.99996499,14.58740145],[120.99996693,14.58740725],[121.00005577,14.58755496],[121.00017016,14.58774403],[121.00010435,14.58778468],[121.00022242,14.58789501],[121.00020887,14.58792017],[121.00027013,14.58798079],[121.00045186,14.5877279],[121.00072646,14.58751774]]]]}},{"type":"Feature","properties":{"psgc_code":"1303901843","adm4_en":"Barangay 843","district":"Pandacan"},"geometry":{"type":"MultiPolygon","coordinates":[[[[120.99960191,14.58835205],[120.99974241,14.5882105],[120.99988885,14.58814675],[121.00027013,14.58798079],[121.00020887,14.58792017],[121.00022242,14.58789501],[121.00010435,14.58778468],[121.00017016,14.58774403],[121.00005577,14.58755496],[120.99996693,14.58740725],[120.99996499,14.58740145],[120.99993649,14.58731083],[120.99989193,14.58717086],[120.9998345,14.58699512],[120.99963103,14.58707541],[120.99954616,14.58708194],[120.99946782,14.5870493],[120.99944171,14.58701013],[120.99874971,14.58681429],[120.99864527,14.58678887],[120.99861726,14.58689859],[120.99856437,14.58702419],[120.99850488,14.58726878],[120.99849241,14.58735607],[120.99847844,14.58745387],[120.99843877,14.58766541],[120.9983925,14.58782406],[120.99838093,14.58787657],[120.99835383,14.58799701],[120.9983708,14.5880502],[120.9983708,14.58808934],[120.9983797,14.5881098],[120.99842239,14.5881436],[120.99844463,14.58817028],[120.99845886,14.58820764],[120.99847399,14.58823255],[120.99850156,14.5882539],[120.9985115,14.58826699],[120.99852825,14.58827881],[120.99854337,14.58830816],[120.9985821,14.58835293],[120.99861586,14.58840204],[120.99867111,14.58844194],[120.99871101,14.58848185],[120.9987724,14.58854017],[120.99881537,14.58857393],[120.99889825,14.58861997],[120.99899033,14.58866601],[120.99909162,14.58871205],[120.99920212,14.58874275],[120.999285,14.58877344],[120.99932627,14.58877954],[120.99955466,14.58840018],[120.99960191,14.58835205]]]]}},{"type":"Feature","properties":{"psgc_code":"1303901844","adm4_en":"Barangay 844","district":"Pandacan"},"geometry":{"type":"MultiPolygon","coordinates":[[[[121.00075583,14.58810103],[121.00194843,14.58762364],[121.00196008,14.58751882],[121.00196008,14.58738489],[121.00198622,14.58695343],[121.00181298,14.58698309],[121.00164062,14.58704238],[121.00149479,14.58712571],[121.00139423,14.58718391],[121.00124777,14.58726261],[121.00072646,14.58751774],[121.00045186,14.5877279],[121.00027013,14.58798079],[120.99988885,14.58814675],[120.99974241,14.5882105],[120.99960191,14.58835205],[120.99955466,14.58840018],[120.99932627,14.58877954],[120.99935866,14.58878879],[120.99944461,14.58881948],[120.99956738,14.58885325],[120.99967788,14.58889315],[120.99975769,14.58894226],[120.99981908,14.58897296],[120.99984056,14.58897296],[120.99989888,14.58899137],[121.00009778,14.58905393],[121.00036319,14.58917643],[121.00061985,14.58928726],[121.00085026,14.58938934],[121.00104265,14.58949961],[121.00108942,14.58952642],[121.00114966,14.58958189],[121.00126239,14.58968581],[121.00140415,14.58979804],[121.00139414,14.58911353],[121.00075583,14.58810103]]]]}},{"type":"Feature","properties":{"psgc_code":"1303901845","adm4_en":"Barangay 845","district":"Pandacan"},"geometry":{"type":"MultiPolygon","coordinates":[[[[121.00186509,14.5889557],[121.00191366,14.5884567],[121.00192006,14.5880517],[121.0019426,14.58777504],[121.00194843,14.58762364],[121.00075583,14.58810103],[121.00139414,14.58911353],[121.00140415,14.58979804],[121.00154591,14.58988073],[121.00180019,14.5900867],[121.00181477,14.58980522],[121.00186509,14.5889557]]]]}},{"type":"Feature","properties":{"psgc_code":"1303901846","adm4_en":"Barangay 846","district":"Pandacan"},"geometry":{"type":"MultiPolygon","coordinates":[[[[121.00272285,14.58961227],[121.00274726,14.58964521],[121.00305437,14.58951781],[121.00296847,14.58947503],[121.00288256,14.58937901],[121.00213211,14.58833368],[121.00192006,14.5880517],[121.00191366,14.5884567],[121.00186509,14.5889557],[121.00181477,14.58980522],[121.00180019,14.5900867],[121.00241617,14.58977292],[121.00272285,14.58961227]]]]}},{"type":"Feature","properties":{"psgc_code":"1303901847","adm4_en":"Barangay 847","district":"Pandacan"},"geometry":{"type":"MultiPolygon","coordinates":[[[[121.00351156,14.5913495],[121.00375296,14.59128182],[121.00407343,14.59118119],[121.0040656,14.59115298],[121.00435918,14.59105248],[121.00466589,14.59095167],[121.00480635,14.59090525],[121.00488818,14.5907888],[121.00397544,14.59010582],[121.00364371,14.58937349],[121.00349658,14.58942711],[121.00331717,14.58948008],[121.00321312,14.58950648],[121.00305437,14.58951781],[121.00274726,14.58964521],[121.00272285,14.58961227],[121.00241617,14.58977292],[121.00180019,14.5900867],[121.00204206,14.590306],[121.00216019,14.59044185],[121.00230785,14.59060723],[121.0024378,14.59073718],[121.00257955,14.59089666],[121.0027095,14.59109748],[121.00282763,14.59127467],[121.00292804,14.5914755],[121.00321828,14.59143523],[121.00351156,14.5913495]]]]}},{"type":"Feature","properties":{"psgc_code":"1303901848","adm4_en":"Barangay 848","district":"Pandacan"},"geometry":{"type":"MultiPolygon","coordinates":[[[[121.00346495,14.59290966],[121.0035645,14.59288669],[121.00391674,14.59280247],[121.00416177,14.59273356],[121.00449104,14.59261105],[121.00470894,14.59243848],[121.00484332,14.5923137],[121.00498958,14.59216309],[121.0050929,14.59203535],[121.00537128,14.59140186],[121.00561125,14.59084516],[121.0054113,14.59077377],[121.00518338,14.59069355],[121.00502154,14.59061031],[121.00499971,14.59058929],[121.00488818,14.5907888],[121.00480635,14.59090525],[121.00466589,14.59095167],[121.00435918,14.59105248],[121.0040656,14.59115298],[121.00407343,14.59118119],[121.00375296,14.59128182],[121.00351156,14.5913495],[121.00321828,14.59143523],[121.00292804,14.5914755],[121.00298711,14.59162907],[121.00302255,14.5918358],[121.00305208,14.59201299],[121.00309933,14.592202],[121.00313477,14.59238511],[121.00316228,14.59257819],[121.00320529,14.59276455],[121.00324288,14.59293263],[121.00334838,14.59292088],[121.00346495,14.59290966]]]]}},{"type":"Feature","properties":{"psgc_code":"1303901849","adm4_en":"Barangay 849","district":"Pandacan"},"geometry":{"type":"MultiPolygon","coordinates":[[[[121.00087263,14.58434092],[121.00075211,14.58426974],[121.00082104,14.5842626],[121.00087702,14.58419822],[121.00059847,14.58399588],[121.00024749,14.58374381],[121.00017107,14.58382369],[121.00010508,14.58391747],[121.00002867,14.58400084],[120.99996962,14.58409114],[120.99990015,14.5841745],[120.99985299,14.58424917],[120.99979248,14.58433775],[120.9996966,14.5844961],[120.99963472,14.58463797],[120.99977833,14.58471456],[121.00014976,14.58494192],[121.00037189,14.58508313],[121.00046072,14.58513887],[121.00097014,14.58439862],[121.00087263,14.58434092]]]]}},{"type":"Feature","properties":{"psgc_code":"1303901850","adm4_en":"Barangay 850","district":"Pandacan"},"geometry":{"type":"MultiPolygon","coordinates":[[[[121.00144541,14.58501192],[121.00143102,14.58478149],[121.00174173,14.58450551],[121.00151774,14.58434676],[121.00140978,14.58428627],[121.00138455,14.58438584],[121.00133809,14.58447081],[121.00128763,14.58444028],[121.00114159,14.58434867],[121.00087702,14.58419822],[121.00082104,14.5842626],[121.00075211,14.58426974],[121.00087263,14.58434092],[121.00097014,14.58439862],[121.00046072,14.58513887],[121.00071176,14.58529373],[121.0010229,14.58552349],[121.00129307,14.58572527],[121.00161649,14.58512523],[121.00144541,14.58501192]]]]}},{"type":"Feature","properties":{"psgc_code":"1303901851","adm4_en":"Barangay 851","district":"Pandacan"},"geometry":{"type":"MultiPolygon","coordinates":[[[[121.00203879,14.58472227],[121.00204296,14.58440653],[121.00204296,14.58406522],[121.00207027,14.58383314],[121.00207907,14.58368745],[121.00208579,14.58357336],[121.00208274,14.58349519],[121.00208274,14.58340181],[121.00208274,14.58332674],[121.00207377,14.58325531],[121.00205662,14.58317782],[121.00208646,14.58302117],[121.00202595,14.58295624],[121.00174482,14.58272701],[121.0013733,14.58293419],[121.00113518,14.5831102],[121.00121528,14.58319172],[121.00128267,14.583288],[121.00132119,14.58340032],[121.00137253,14.58348376],[121.00141425,14.58357362],[121.00146239,14.58363139],[121.00141829,14.58370948],[121.00148561,14.58386281],[121.00145195,14.58406103],[121.00141455,14.5842555],[121.00140978,14.58428627],[121.00151774,14.58434676],[121.00174173,14.58450551],[121.00143102,14.58478149],[121.00144541,14.58501192],[121.00161649,14.58512523],[121.00129307,14.58572527],[121.00136315,14.58577759],[121.00160722,14.58595926],[121.00169383,14.58601831],[121.00202414,14.58626102],[121.00204295,14.58537585],[121.00203879,14.58472227]]]]}},{"type":"Feature","properties":{"psgc_code":"1303901852","adm4_en":"Barangay 852","district":"Pandacan"},"geometry":{"type":"MultiPolygon","coordinates":[[[[121.00140978,14.58428627],[121.00141455,14.5842555],[121.00145195,14.58406103],[121.00148561,14.58386281],[121.00141829,14.58370948],[121.00146239,14.58363139],[121.00141425,14.58357362],[121.00137253,14.58348376],[121.00132119,14.58340032],[121.00128267,14.583288],[121.00121528,14.58319172],[121.00113518,14.5831102],[121.00099541,14.58325514],[121.00084011,14.58337938],[121.00070035,14.58349326],[121.00065376,14.58358126],[121.00068999,14.58367444],[121.00072623,14.58375209],[121.00059847,14.58399588],[121.00087702,14.58419822],[121.00114159,14.58434867],[121.00128763,14.58444028],[121.00133809,14.58447081],[121.00138455,14.58438584],[121.00140978,14.58428627]]]]}},{"type":"Feature","properties":{"psgc_code":"1303901853","adm4_en":"Barangay 853","district":"Pandacan"},"geometry":{"type":"MultiPolygon","coordinates":[[[[121.00068999,14.58367444],[121.00065376,14.58358126],[121.00070035,14.58349326],[121.00084011,14.58337938],[121.00099541,14.58325514],[121.00113518,14.5831102],[121.0013733,14.58293419],[121.00174482,14.58272701],[121.00163453,14.58260807],[121.00145565,14.58243457],[121.00133783,14.58246161],[121.00128852,14.58248626],[121.0012213,14.58252212],[121.00114263,14.58255206],[121.00109132,14.58261176],[121.00106101,14.58265183],[121.00101844,14.58270626],[121.00086416,14.58288972],[121.00083102,14.58296924],[121.00078586,14.58303524],[121.00072681,14.58313249],[121.00066082,14.5832228],[121.00060177,14.58330963],[121.00054273,14.5833791],[121.00045242,14.58350067],[121.00040032,14.58356666],[121.0003239,14.5836535],[121.00024749,14.58374381],[121.00059847,14.58399588],[121.00072623,14.58375209],[121.00068999,14.58367444]]]]}},{"type":"Feature","properties":{"psgc_code":"1303901855","adm4_en":"Barangay 855","district":"Pandacan"},"geometry":{"type":"MultiPolygon","coordinates":[[[[121.00352016,14.5848354],[121.00354233,14.5845024],[121.0035845,14.5843197],[121.00341584,14.58422131],[121.00321906,14.58410888],[121.00303634,14.58396833],[121.00293736,14.58387519],[121.00278335,14.58372941],[121.00232222,14.58326332],[121.00208646,14.58302117],[121.00205662,14.58317782],[121.00207377,14.58325531],[121.00208274,14.58332674],[121.00208274,14.58340181],[121.00208274,14.58349519],[121.00208579,14.58357336],[121.00207907,14.58368745],[121.00207027,14.58383314],[121.00204296,14.58406522],[121.00204296,14.58440653],[121.00203879,14.58472227],[121.00204295,14.58537585],[121.00202414,14.58626102],[121.00337395,14.58630444],[121.00344925,14.58553796],[121.00352016,14.5848354]]]]}},{"type":"Feature","properties":{"psgc_code":"1303901856","adm4_en":"Barangay 856","district":"Pandacan"},"geometry":{"type":"MultiPolygon","coordinates":[[[[121.00320244,14.58811757],[121.00329492,14.58714433],[121.00332677,14.58681418],[121.00337395,14.58630444],[121.00202414,14.58626102],[121.00200085,14.5867094],[121.00198622,14.58695343],[121.00196008,14.58738489],[121.00196008,14.58751882],[121.00194843,14.58762364],[121.0019426,14.58777504],[121.00192006,14.5880517],[121.00213211,14.58833368],[121.00288256,14.58937901],[121.00296847,14.58947503],[121.00305437,14.58951781],[121.00314509,14.58878085],[121.00320244,14.58811757]]]]}},{"type":"Feature","properties":{"psgc_code":"1303901857","adm4_en":"Barangay 857","district":"Pandacan"},"geometry":{"type":"MultiPolygon","coordinates":[[[[121.00404944,14.58483648],[121.00383094,14.58459377],[121.0035845,14.5843197],[121.00354233,14.5845024],[121.00352016,14.5848354],[121.00344925,14.58553796],[121.00337395,14.58630444],[121.00332677,14.58681418],[121.00329492,14.58714433],[121.00365915,14.58716911],[121.00410162,14.58489418],[121.00404944,14.58483648]]]]}},{"type":"Feature","properties":{"psgc_code":"1303901858","adm4_en":"Barangay 858","district":"Pandacan"},"geometry":{"type":"MultiPolygon","coordinates":[[[[121.00331717,14.58948008],[121.00349658,14.58942711],[121.00364371,14.58937349],[121.00373919,14.5893388],[121.00383278,14.58930315],[121.0037793,14.58921178],[121.00372043,14.58912051],[121.00365365,14.58895833],[121.00360594,14.5888343],[121.00361548,14.5886435],[121.00362503,14.588405],[121.00367273,14.58820465],[121.00370135,14.58809971],[121.00374424,14.58795434],[121.0037794,14.58779962],[121.00385677,14.58733547],[121.00389267,14.58718508],[121.00365915,14.58716911],[121.00329492,14.58714433],[121.00320244,14.58811757],[121.00314509,14.58878085],[121.00305437,14.58951781],[121.00321312,14.58950648],[121.00331717,14.58948008]]]]}},{"type":"Feature","properties":{"psgc_code":"1303901859","adm4_en":"Barangay 859","district":"Pandacan"},"geometry":{"type":"MultiPolygon","coordinates":[[[[121.00568266,14.59065827],[121.00507559,14.59043407],[121.00504555,14.59050553],[121.00500201,14.59047607],[121.00494331,14.59043785],[121.00480644,14.5903497],[121.00474327,14.59030201],[121.00470694,14.59027477],[121.00467243,14.59023299],[121.00463792,14.59020029],[121.00460522,14.59016033],[121.00456163,14.59010402],[121.00451258,14.59001865],[121.00447807,14.58996234],[121.00445809,14.58992419],[121.00443084,14.58986788],[121.00440359,14.58981157],[121.00435455,14.58972439],[121.00431822,14.58966263],[121.00427463,14.58959905],[121.00423103,14.58954092],[121.0041947,14.58948643],[121.00415111,14.58943739],[121.00410206,14.58937381],[121.00405484,14.58931205],[121.00399697,14.58923478],[121.00394058,14.58914804],[121.00390299,14.58907141],[121.00386974,14.58899045],[121.00384082,14.58892394],[121.00381913,14.58886466],[121.00380034,14.58877358],[121.00378588,14.58870563],[121.00377142,14.58860731],[121.00375552,14.58852635],[121.00373383,14.58838466],[121.00373239,14.58831382],[121.00376361,14.58817822],[121.00380243,14.58810059],[121.00384582,14.5880161],[121.00391203,14.58792476],[121.00400565,14.58779004],[121.00409699,14.58765761],[121.00417691,14.58756399],[121.00422714,14.58749092],[121.00429108,14.58739958],[121.00435045,14.58730368],[121.0043984,14.58721006],[121.00443493,14.58712101],[121.0044669,14.58702511],[121.00450115,14.58690409],[121.004508,14.58682417],[121.0045217,14.58672598],[121.00453997,14.58663008],[121.00456965,14.58654103],[121.00460162,14.58643371],[121.00463186,14.58633385],[121.00465832,14.58624121],[121.00468744,14.58615651],[121.00471126,14.5860771],[121.00473508,14.58597387],[121.00477062,14.58577001],[121.00489164,14.5855846],[121.00470892,14.58551432],[121.00462786,14.585443],[121.00456837,14.58540189],[121.00440391,14.58523024],[121.00410162,14.58489418],[121.00365915,14.58716911],[121.00389267,14.58718508],[121.00385677,14.58733547],[121.0037794,14.58779962],[121.00374424,14.58795434],[121.00370135,14.58809971],[121.00367273,14.58820465],[121.00362503,14.588405],[121.00361548,14.5886435],[121.00360594,14.5888343],[121.00365365,14.58895833],[121.00372043,14.58912051],[121.0037793,14.58921178],[121.00383278,14.58930315],[121.00373919,14.5893388],[121.00364371,14.58937349],[121.00397544,14.59010582],[121.00488818,14.5907888],[121.00499971,14.59058929],[121.00502154,14.59061031],[121.00518338,14.59069355],[121.0054113,14.59077377],[121.00561125,14.59084516],[121.00566197,14.59071898],[121.00568266,14.59065827]]]]}},{"type":"Feature","properties":{"psgc_code":"1303901860","adm4_en":"Barangay 860","district":"Pandacan"},"geometry":{"type":"MultiPolygon","coordinates":[[[[121.00740627,14.59003891],[121.00759825,14.59001971],[121.00770384,14.58996212],[121.00778063,14.58989493],[121.00660956,14.58849357],[121.00648478,14.58884871],[121.00633119,14.58922304],[121.0061584,14.58958778],[121.00594722,14.59006769],[121.0061776,14.59009649],[121.00644637,14.59014448],[121.00661915,14.59017328],[121.00734868,14.59004851],[121.00740627,14.59003891]]]]}},{"type":"Feature","properties":{"psgc_code":"1303901861","adm4_en":"Barangay 861","district":"Pandacan"},"geometry":{"type":"MultiPolygon","coordinates":[[[[121.00856456,14.59083788],[121.00790542,14.59001971],[121.00778063,14.58989493],[121.00770384,14.58996212],[121.00759825,14.59001971],[121.00740627,14.59003891],[121.00734868,14.59004851],[121.00661915,14.59017328],[121.00644637,14.59014448],[121.0061776,14.59009649],[121.00594722,14.59006769],[121.00570725,14.5906052],[121.00568266,14.59065827],[121.00566197,14.59071898],[121.00576002,14.59071453],[121.00586358,14.59072545],[121.00605162,14.59074041],[121.00613495,14.59074468],[121.00622897,14.59075537],[121.00632726,14.59075964],[121.00641274,14.59076391],[121.00650889,14.59076605],[121.00660078,14.5907746],[121.00669907,14.59078101],[121.00677599,14.59077887],[121.00688924,14.59078528],[121.00698326,14.59078314],[121.00710079,14.59078314],[121.00721618,14.59078955],[121.00732729,14.59078955],[121.00741704,14.59078314],[121.0075229,14.59079183],[121.00762501,14.59078927],[121.00771945,14.59077396],[121.00780879,14.59077906],[121.00790323,14.59078162],[121.00799768,14.59079438],[121.00809467,14.5908148],[121.00819678,14.59083267],[121.00829377,14.59084288],[121.00837801,14.59086585],[121.00847245,14.59089903],[121.00856945,14.59094243],[121.00857905,14.590947],[121.0085821,14.59092553],[121.00856456,14.59083788]]]]}},{"type":"Feature","properties":{"psgc_code":"1303901862","adm4_en":"Barangay 862","district":"Pandacan"},"geometry":{"type":"MultiPolygon","coordinates":[[[[121.00648478,14.58884871],[121.00660956,14.58849357],[121.00660957,14.58833039],[121.00659037,14.58815762],[121.0065856,14.58806107],[121.00656237,14.58797395],[121.00652171,14.58790426],[121.00542227,14.58657123],[121.00534081,14.58667841],[121.00525934,14.58678131],[121.00511785,14.58702569],[121.00490775,14.58742012],[121.00470778,14.5877715],[121.00460931,14.58794731],[121.00455305,14.58804577],[121.00445508,14.58811879],[121.00461727,14.58830006],[121.00499693,14.58874312],[121.0052369,14.58902147],[121.00546728,14.58928063],[121.00580324,14.5894438],[121.0061584,14.58958778],[121.00633119,14.58922304],[121.00648478,14.58884871]]]]}},{"type":"Feature","properties":{"psgc_code":"1303901863","adm4_en":"Barangay 863","district":"Pandacan"},"geometry":{"type":"MultiPolygon","coordinates":[[[[121.00594722,14.59006769],[121.0061584,14.58958778],[121.00580324,14.5894438],[121.00546728,14.58928063],[121.0052369,14.58902147],[121.00499693,14.58874312],[121.00461727,14.58830006],[121.00445508,14.58811879],[121.00439784,14.58809971],[121.00387309,14.58809971],[121.00380243,14.58810059],[121.00376361,14.58817822],[121.00373239,14.58831382],[121.00373383,14.58838466],[121.00375552,14.58852635],[121.00377142,14.58860731],[121.00378588,14.58870563],[121.00380034,14.58877358],[121.00381913,14.58886466],[121.00384082,14.58892394],[121.00386974,14.58899045],[121.00390299,14.58907141],[121.00394058,14.58914804],[121.00399697,14.58923478],[121.00405484,14.58931205],[121.00410206,14.58937381],[121.00415111,14.58943739],[121.0041947,14.58948643],[121.00423103,14.58954092],[121.00427463,14.58959905],[121.00431822,14.58966263],[121.00435455,14.58972439],[121.00440359,14.58981157],[121.00443084,14.58986788],[121.00445809,14.58992419],[121.00447807,14.58996234],[121.00451258,14.59001865],[121.00456163,14.59010402],[121.00460522,14.59016033],[121.00463792,14.59020029],[121.00467243,14.59023299],[121.00470694,14.59027477],[121.00474327,14.59030201],[121.00480644,14.5903497],[121.00494331,14.59043785],[121.00500201,14.59047607],[121.00504555,14.59050553],[121.00507559,14.59043407],[121.00568266,14.59065827],[121.00570725,14.5906052],[121.00594722,14.59006769]]]]}},{"type":"Feature","properties":{"psgc_code":"1303901864","adm4_en":"Barangay 864","district":"Pandacan"},"geometry":{"type":"MultiPolygon","coordinates":[[[[121.00460931,14.58794731],[121.00470778,14.5877715],[121.00490775,14.58742012],[121.00511785,14.58702569],[121.00525934,14.58678131],[121.00534081,14.58667841],[121.00542227,14.58657123],[121.00545966,14.58651805],[121.00556173,14.58639108],[121.00560093,14.58634228],[121.00501813,14.58568298],[121.00489164,14.5855846],[121.00477062,14.58577001],[121.00473508,14.58597387],[121.00471126,14.5860771],[121.00468744,14.58615651],[121.00465832,14.58624121],[121.00463186,14.58633385],[121.00460162,14.58643371],[121.00456965,14.58654103],[121.00453997,14.58663008],[121.0045217,14.58672598],[121.004508,14.58682417],[121.00450115,14.58690409],[121.0044669,14.58702511],[121.00443493,14.58712101],[121.0043984,14.58721006],[121.00435045,14.58730368],[121.00429108,14.58739958],[121.00422714,14.58749092],[121.00417691,14.58756399],[121.00409699,14.58765761],[121.00400565,14.58779004],[121.00391203,14.58792476],[121.00384582,14.5880161],[121.00380243,14.58810059],[121.00387309,14.58809971],[121.00439784,14.58809971],[121.00445508,14.58811879],[121.00455305,14.58804577],[121.00460931,14.58794731]]]]}},{"type":"Feature","properties":{"psgc_code":"1303901865","adm4_en":"Barangay 865","district":"Pandacan"},"geometry":{"type":"MultiPolygon","coordinates":[[[[121.00902285,14.59098147],[121.00914586,14.59095623],[121.00926257,14.59090892],[121.00934263,14.59086992],[121.00943125,14.59083589],[121.00959376,14.59075121],[121.00967577,14.59071651],[121.00975463,14.5906692],[121.00983979,14.59060611],[121.00991865,14.59057457],[121.01000381,14.59053987],[121.01008266,14.5904831],[121.01016152,14.59045156],[121.01027823,14.59038847],[121.0104044,14.59032539],[121.01055264,14.59024338],[121.01066304,14.59018029],[121.01080498,14.59012983],[121.01096585,14.59005412],[121.01109832,14.59001627],[121.0111898,14.58999104],[121.01127496,14.58996265],[121.01136959,14.58993111],[121.01145791,14.58989957],[121.0115683,14.58985541],[121.0116787,14.5898144],[121.01180172,14.58976709],[121.01192158,14.58971031],[121.01204144,14.58965985],[121.01216445,14.58961884],[121.01225331,14.5895963],[121.01292457,14.58914471],[121.01267135,14.58898347],[121.01243421,14.58883703],[121.01198231,14.58854859],[121.01191617,14.58851473],[121.01176426,14.58843661],[121.01118427,14.58814476],[121.01105957,14.58809248],[121.01082852,14.58801015],[121.01047277,14.587914],[121.01016357,14.58789337],[121.0097805,14.58786593],[121.00929976,14.5878467],[121.00911057,14.58782062],[121.00894209,14.58777084],[121.00868441,14.58769286],[121.00846327,14.5875871],[121.00825174,14.58748133],[121.00805944,14.58731788],[121.00784791,14.5871352],[121.00763639,14.58690444],[121.00740563,14.58666407],[121.00723256,14.58634678],[121.00710757,14.5859718],[121.00560093,14.58634228],[121.00556173,14.58639108],[121.00545966,14.58651805],[121.00542227,14.58657123],[121.00652171,14.58790426],[121.00656237,14.58797395],[121.0065856,14.58806107],[121.00659037,14.58815762],[121.00660957,14.58833039],[121.00660956,14.58849357],[121.00778063,14.58989493],[121.00790542,14.59001971],[121.00856456,14.59083788],[121.0085821,14.59092553],[121.00857905,14.590947],[121.00866132,14.59098388],[121.00871058,14.59098147],[121.00880205,14.59099408],[121.0088746,14.59100039],[121.00893768,14.59099408],[121.00902285,14.59098147]]]]}},{"type":"Feature","properties":{"psgc_code":"1303901866","adm4_en":"Barangay 866","district":"Pandacan"},"geometry":{"type":"MultiPolygon","coordinates":[[[[121.00703065,14.58567374],[121.00699219,14.58535645],[121.00706911,14.58483724],[121.00716526,14.58444303],[121.00729025,14.5840969],[121.00736717,14.58384691],[121.0074537,14.583645],[121.00762677,14.58332771],[121.00779022,14.58308734],[121.00793445,14.58287581],[121.00806906,14.58271236],[121.00822289,14.5825489],[121.00846327,14.58236622],[121.00872287,14.58225084],[121.0086442,14.58187483],[121.00847406,14.58167138],[121.00798628,14.58122927],[121.0078405,14.58122927],[121.00754895,14.58116924],[121.00774465,14.58016086],[121.00745049,14.58009029],[121.00736844,14.58006879],[121.00678783,14.57993438],[121.00659527,14.57988805],[121.00614188,14.57977847],[121.00593048,14.57972265],[121.0056262,14.58071254],[121.00528203,14.58144642],[121.00530488,14.58148755],[121.00530717,14.58151497],[121.00530945,14.58154925],[121.00529574,14.58157667],[121.00524319,14.58161095],[121.00516092,14.58162009],[121.0050878,14.58160181],[121.00497733,14.58159822],[121.00493013,14.58159724],[121.00485364,14.58159822],[121.00480156,14.58162426],[121.00475382,14.58164596],[121.00472778,14.58168502],[121.0046974,14.58172842],[121.00466702,14.58179785],[121.004654,14.58184342],[121.00465834,14.58189116],[121.00468004,14.58192371],[121.00473506,14.58194439],[121.00478136,14.58194782],[121.00483108,14.58195297],[121.00489624,14.58195468],[121.00494254,14.58196325],[121.00500598,14.58197526],[121.005078,14.58199069],[121.00513115,14.58200784],[121.00519117,14.58201984],[121.00525632,14.58203698],[121.00533348,14.5820627],[121.00543777,14.5820961],[121.00550004,14.58211686],[121.00554316,14.58213956],[121.00560176,14.58219607],[121.00567968,14.58228076],[121.00575759,14.58240949],[121.0058084,14.58251789],[121.00585922,14.5826229],[121.00590664,14.5827313],[121.00593035,14.58285326],[121.00596084,14.58300231],[121.005971,14.58314797],[121.0059981,14.58336816],[121.00600827,14.58345963],[121.00601504,14.58354093],[121.00600149,14.58361545],[121.00597874,14.58367644],[121.00594729,14.58378483],[121.00584905,14.58398131],[121.00577453,14.58408971],[121.00572033,14.58418456],[121.00566274,14.58427602],[121.00565054,14.58430062],[121.00560996,14.58432115],[121.00557466,14.58440475],[121.00553401,14.58448266],[121.00549725,14.58454178],[121.00536971,14.58474529],[121.00531273,14.58485383],[121.00525575,14.58496508],[121.00520148,14.58506819],[121.0051445,14.5851496],[121.00509294,14.58523914],[121.00503867,14.58534497],[121.00498711,14.5854508],[121.0049437,14.5855322],[121.00489164,14.5855846],[121.00501813,14.58568298],[121.00560093,14.58634228],[121.00710757,14.5859718],[121.00703065,14.58567374]]]]}},{"type":"Feature","properties":{"psgc_code":"1303901867","adm4_en":"Barangay 867","district":"Pandacan"},"geometry":{"type":"MultiPolygon","coordinates":[[[[121.00525575,14.58496508],[121.00531273,14.58485383],[121.00536971,14.58474529],[121.00549725,14.58454178],[121.00553401,14.58448266],[121.00557466,14.58440475],[121.00560996,14.58432115],[121.00565054,14.58430062],[121.00566274,14.58427602],[121.00572033,14.58418456],[121.00577453,14.58408971],[121.00584905,14.58398131],[121.00594729,14.58378483],[121.00597874,14.58367644],[121.00600149,14.58361545],[121.00601504,14.58354093],[121.00600827,14.58345963],[121.0059981,14.58336816],[121.005971,14.58314797],[121.00596084,14.58300231],[121.00593035,14.58285326],[121.00554486,14.58308678],[121.00499612,14.5834123],[121.00474702,14.58334955],[121.00445279,14.58331686],[121.00437146,14.58339314],[121.00435308,14.58345195],[121.0042373,14.58344779],[121.00416199,14.58344497],[121.00398502,14.58343931],[121.00347749,14.58349186],[121.00342029,14.58349794],[121.00343093,14.58356306],[121.00329563,14.58358491],[121.00293736,14.58387519],[121.00303634,14.58396833],[121.00337854,14.58369255],[121.00344876,14.58367249],[121.00352624,14.58365035],[121.00362067,14.58365053],[121.003688,14.58365036],[121.00399042,14.58366442],[121.00403399,14.58366971],[121.00430179,14.5837041],[121.00428149,14.58399735],[121.00444965,14.58448412],[121.00467976,14.58462278],[121.0049672,14.58477941],[121.00493723,14.58482086],[121.00483207,14.58500865],[121.0051445,14.5851496],[121.00520148,14.58506819],[121.00525575,14.58496508]]]]}},{"type":"Feature","properties":{"psgc_code":"1303901868","adm4_en":"Barangay 868","district":"Pandacan"},"geometry":{"type":"MultiPolygon","coordinates":[[[[121.00498711,14.5854508],[121.00503867,14.58534497],[121.00509294,14.58523914],[121.0051445,14.5851496],[121.00483207,14.58500865],[121.00493723,14.58482086],[121.0049672,14.58477941],[121.00467976,14.58462278],[121.00444965,14.58448412],[121.00428149,14.58399735],[121.00430179,14.5837041],[121.00403399,14.58366971],[121.00399042,14.58366442],[121.003688,14.58365036],[121.00362067,14.58365053],[121.00352624,14.58365035],[121.00344876,14.58367249],[121.00337854,14.58369255],[121.00303634,14.58396833],[121.00321906,14.58410888],[121.00341584,14.58422131],[121.0035845,14.5843197],[121.00383094,14.58459377],[121.00404944,14.58483648],[121.00410162,14.58489418],[121.00440391,14.58523024],[121.00456837,14.58540189],[121.00462786,14.585443],[121.00470892,14.58551432],[121.00489164,14.5855846],[121.0049437,14.5855322],[121.00498711,14.5854508]]]]}},{"type":"Feature","properties":{"psgc_code":"1303901869","adm4_en":"Barangay 869","district":"Pandacan"},"geometry":{"type":"MultiPolygon","coordinates":[[[[121.00593048,14.57972265],[121.00584118,14.57970608],[121.00508645,14.57951796],[121.00492598,14.57948455],[121.00472688,14.57944475],[121.00439888,14.5793694],[121.00435432,14.57935911],[121.00428573,14.5793967],[121.00424232,14.57943783],[121.00424689,14.57952695],[121.00426745,14.57962977],[121.00429259,14.57972118],[121.00431544,14.57982858],[121.00435429,14.57997254],[121.00437485,14.5800708],[121.00440456,14.58018048],[121.00443426,14.58029245],[121.00446626,14.58043184],[121.0045051,14.58054838],[121.00456223,14.58067634],[121.00463992,14.58080202],[121.00469705,14.580882],[121.00473133,14.58093227],[121.00475418,14.58095056],[121.00477474,14.58099854],[121.00480216,14.58104881],[121.00485015,14.58108995],[121.00490042,14.58114707],[121.00495069,14.58119735],[121.00499868,14.58124305],[121.00503981,14.5812659],[121.00511522,14.5813116],[121.00517463,14.5813573],[121.00523176,14.58139386],[121.00528203,14.58144642],[121.0056262,14.58071254],[121.00593048,14.57972265]]]]}},{"type":"Feature","properties":{"psgc_code":"1303901870","adm4_en":"Barangay 870","district":"Pandacan"},"geometry":{"type":"MultiPolygon","coordinates":[[[[121.00445279,14.58331686],[121.00474702,14.58334955],[121.00499612,14.5834123],[121.00554486,14.58308678],[121.00593035,14.58285326],[121.00590664,14.5827313],[121.00585922,14.5826229],[121.0058084,14.58251789],[121.00575759,14.58240949],[121.00567968,14.58228076],[121.00560176,14.58219607],[121.00554316,14.58213956],[121.00550004,14.58211686],[121.00543777,14.5820961],[121.00533348,14.5820627],[121.00525632,14.58203698],[121.00519117,14.58201984],[121.00513115,14.58200784],[121.005078,14.58199069],[121.00500598,14.58197526],[121.00494254,14.58196325],[121.00489624,14.58195468],[121.00483108,14.58195297],[121.00478136,14.58194782],[121.00473506,14.58194439],[121.00468004,14.58192371],[121.00456219,14.58195815],[121.0044952,14.58196362],[121.00442273,14.58197593],[121.0043112,14.58199796],[121.00419739,14.58200175],[121.00420142,14.58300335],[121.0042373,14.58344779],[121.00435308,14.58345195],[121.00437146,14.58339314],[121.00445279,14.58331686]]]]}},{"type":"Feature","properties":{"psgc_code":"1303901871","adm4_en":"Barangay 871","district":"Pandacan"},"geometry":{"type":"MultiPolygon","coordinates":[[[[121.00416199,14.58344497],[121.0042373,14.58344779],[121.00420142,14.58300335],[121.00419739,14.58200175],[121.00409496,14.58201692],[121.00401151,14.5820321],[121.00393564,14.58205107],[121.00386356,14.58206245],[121.00378769,14.58208521],[121.00369285,14.5820928],[121.00358538,14.58211326],[121.00348997,14.58211992],[121.00351389,14.58231476],[121.00353508,14.58253021],[121.00334259,14.58253727],[121.00336731,14.5827951],[121.00340668,14.58301038],[121.00347749,14.58349186],[121.00398502,14.58343931],[121.00416199,14.58344497]]]]}},{"type":"Feature","properties":{"psgc_code":"1303901872","adm4_en":"Barangay 872","district":"Pandacan"},"geometry":{"type":"MultiPolygon","coordinates":[[[[121.00343093,14.58356306],[121.00342029,14.58349794],[121.00347749,14.58349186],[121.00340668,14.58301038],[121.00336731,14.5827951],[121.00334259,14.58253727],[121.00353508,14.58253021],[121.00351389,14.58231476],[121.00348997,14.58211992],[121.00340818,14.58212748],[121.00334574,14.58213323],[121.0032592,14.58213989],[121.00315935,14.58214655],[121.00309278,14.58216208],[121.00296631,14.58218427],[121.00228208,14.58228422],[121.00203057,14.58234044],[121.00202138,14.58234267],[121.00195992,14.58235439],[121.00186192,14.58234548],[121.00180312,14.58236864],[121.00173363,14.5823633],[121.00165166,14.58239537],[121.00157147,14.58239359],[121.00145565,14.58243457],[121.00163453,14.58260807],[121.00174482,14.58272701],[121.00202595,14.58295624],[121.00208646,14.58302117],[121.00232222,14.58326332],[121.00278335,14.58372941],[121.00293736,14.58387519],[121.00329563,14.58358491],[121.00343093,14.58356306]]]]}},{"type":"Feature","properties":{"psgc_code":"1303901873","adm4_en":"Barangay 873","district":"Santa Ana"},"geometry":{"type":"MultiPolygon","coordinates":[[[[121.01343475,14.58034443],[121.013373,14.57991035],[121.013373,14.57941126],[121.01279307,14.57924591],[121.01240893,14.57917378],[121.01120569,14.57882267],[121.01106868,14.57927284],[121.01096102,14.57969364],[121.01084357,14.58015359],[121.01191885,14.58044596],[121.01227666,14.58053904],[121.01281384,14.58071233],[121.01325447,14.58083315],[121.01343215,14.58086395],[121.01346258,14.58048622],[121.01343475,14.58034443]]]]}},{"type":"Feature","properties":{"psgc_code":"1303901874","adm4_en":"Barangay 874","district":"Santa Ana"},"geometry":{"type":"MultiPolygon","coordinates":[[[[121.01133293,14.57841165],[121.01166555,14.57819717],[121.01195929,14.57798106],[121.01222108,14.57780684],[121.01239664,14.57768814],[121.01257706,14.57755451],[121.01267571,14.57748007],[121.01272818,14.57744277],[121.01272025,14.57743101],[121.01262951,14.5773279],[121.01256352,14.57725779],[121.01251815,14.57716293],[121.01247279,14.57699795],[121.01234905,14.5768701],[121.01228899,14.57682426],[121.01219233,14.57675049],[121.01209747,14.57660613],[121.01200673,14.57635867],[121.01199642,14.57615451],[121.01200673,14.57597923],[121.01203766,14.57578332],[121.0120954,14.57559359],[121.01225625,14.57537913],[121.01241568,14.57520505],[121.01219514,14.5749867],[121.01197175,14.57523954],[121.01190291,14.57533197],[121.01186267,14.57541244],[121.01180759,14.57557434],[121.01173608,14.57586034],[121.01170172,14.57600131],[121.01165436,14.57614633],[121.0115993,14.57628661],[121.01154579,14.57641892],[121.01140177,14.57661945],[121.01136834,14.57667747],[121.01129203,14.57678404],[121.01119469,14.57689196],[121.01110276,14.57697368],[121.01098477,14.57712054],[121.01082016,14.57725953],[121.01029708,14.57766919],[121.01011111,14.57781809],[121.00988008,14.57800203],[121.00983456,14.57804249],[121.00958114,14.57826851],[121.00945957,14.57837628],[121.01004096,14.57854083],[121.01120569,14.57882267],[121.01130357,14.57850951],[121.01133293,14.57841165]]]]}},{"type":"Feature","properties":{"psgc_code":"1303901875","adm4_en":"Barangay 875","district":"Santa Ana"},"geometry":{"type":"MultiPolygon","coordinates":[[[[121.0134539,14.57873506],[121.01353938,14.57851545],[121.01358508,14.5784012],[121.0134371,14.57830788],[121.01331705,14.57823063],[121.01324433,14.57815195],[121.01317518,14.57810307],[121.01311199,14.57805061],[121.01306464,14.57800431],[121.01302339,14.57793625],[121.01301308,14.57787645],[121.01297596,14.57778159],[121.01295122,14.57773003],[121.01289966,14.57768054],[121.01284604,14.57763311],[121.01282542,14.57759805],[121.0128104,14.57755445],[121.01276974,14.57750113],[121.01273571,14.57745292],[121.01272818,14.57744277],[121.01267571,14.57748007],[121.01257706,14.57755451],[121.01239664,14.57768814],[121.01222108,14.57780684],[121.01195929,14.57798106],[121.01166555,14.57819717],[121.01133293,14.57841165],[121.01130357,14.57850951],[121.01120569,14.57882267],[121.01240893,14.57917378],[121.01279307,14.57924591],[121.013373,14.57941126],[121.0133858,14.57902734],[121.0134539,14.57873506]]]]}},{"type":"Feature","properties":{"psgc_code":"1303901876","adm4_en":"Barangay 876","district":"Santa Ana"},"geometry":{"type":"MultiPolygon","coordinates":[[[[121.01179087,14.582343],[121.0120067,14.58155142],[121.01204993,14.58138722],[121.01227666,14.58053904],[121.01191885,14.58044596],[121.01084357,14.58015359],[121.01070651,14.58068217],[121.01063569,14.58096452],[121.01050479,14.58158124],[121.01034778,14.58199124],[121.01062661,14.58206816],[121.01091506,14.58223161],[121.01123235,14.58246237],[121.01152079,14.58268351],[121.01178237,14.58237283],[121.01179087,14.582343]]]]}},{"type":"Feature","properties":{"psgc_code":"1303901877","adm4_en":"Barangay 877","district":"Santa Ana"},"geometry":{"type":"MultiPolygon","coordinates":[[[[121.01096102,14.57969364],[121.00989425,14.57940984],[121.00981596,14.57938048],[121.00859886,14.5790497],[121.00818311,14.57938917],[121.00784548,14.57966581],[121.00775181,14.57973769],[121.00852408,14.57993828],[121.00901343,14.58006551],[121.00943278,14.58017901],[121.00945786,14.58008854],[121.01000031,14.58038365],[121.01070651,14.58068217],[121.01084357,14.58015359],[121.01096102,14.57969364]]]]}},{"type":"Feature","properties":{"psgc_code":"1303901878","adm4_en":"Barangay 878","district":"Santa Ana"},"geometry":{"type":"MultiPolygon","coordinates":[[[[121.01120569,14.57882267],[121.01004096,14.57854083],[121.00945957,14.57837628],[121.00899342,14.57874005],[121.00875382,14.57892302],[121.00859886,14.5790497],[121.00981596,14.57938048],[121.00989425,14.57940984],[121.01096102,14.57969364],[121.01106868,14.57927284],[121.01120569,14.57882267]]]]}},{"type":"Feature","properties":{"psgc_code":"1303901879","adm4_en":"Barangay 879","district":"Santa Ana"},"geometry":{"type":"MultiPolygon","coordinates":[[[[121.01281973,14.58329538],[121.01297075,14.58310814],[121.01307948,14.58292694],[121.0130976,14.58289069],[121.01318217,14.58267929],[121.01321841,14.58250413],[121.01326674,14.58226252],[121.01327882,14.58211756],[121.01332111,14.58179139],[121.01335889,14.58149735],[121.01343215,14.58086395],[121.01325447,14.58083315],[121.01281384,14.58071233],[121.01227666,14.58053904],[121.01204993,14.58138722],[121.0120067,14.58155142],[121.01179087,14.582343],[121.01178237,14.58237283],[121.01152079,14.58268351],[121.0117804,14.58294311],[121.01230921,14.58355847],[121.01270702,14.5834421],[121.01281973,14.58329538]]]]}},{"type":"Feature","properties":{"psgc_code":"1303901880","adm4_en":"Barangay 880","district":"Santa Ana"},"geometry":{"type":"MultiPolygon","coordinates":[[[[121.0093286,14.58208739],[121.00979012,14.58202009],[121.01008818,14.58198163],[121.01034778,14.58199124],[121.01050479,14.58158124],[121.01063569,14.58096452],[121.01070651,14.58068217],[121.01000031,14.58038365],[121.00945786,14.58008854],[121.00943278,14.58017901],[121.00901343,14.58006551],[121.00852408,14.57993828],[121.00775181,14.57973769],[121.00736844,14.58006879],[121.00745049,14.58009029],[121.00774465,14.58016086],[121.00754895,14.58116924],[121.0078405,14.58122927],[121.00798628,14.58122927],[121.00847406,14.58167138],[121.0086442,14.58187483],[121.00872287,14.58225084],[121.00899208,14.58214508],[121.0093286,14.58208739]]]]}},{"type":"Feature","properties":{"psgc_code":"1303901881","adm4_en":"Barangay 881","district":"Unknown"},"geometry":{"type":"MultiPolygon","coordinates":[[[[121.01449421,14.57728299],[121.01449749,14.57727988],[121.01420453,14.57699236],[121.01414188,14.57693087],[121.013731,14.5765276],[121.0134599,14.57626154],[121.0131919,14.5759985],[121.01295919,14.57575987],[121.01274202,14.57553717],[121.01244124,14.57523107],[121.01241568,14.57520505],[121.01225625,14.57537913],[121.0120954,14.57559359],[121.01203766,14.57578332],[121.01200673,14.57597923],[121.01199642,14.57615451],[121.01200673,14.57635867],[121.01209747,14.57660613],[121.01219233,14.57675049],[121.01228899,14.57682426],[121.01234905,14.5768701],[121.01247279,14.57699795],[121.01251815,14.57716293],[121.01256352,14.57725779],[121.01262951,14.5773279],[121.01272025,14.57743101],[121.01272818,14.57744277],[121.01273571,14.57745292],[121.01276974,14.57750113],[121.0128104,14.57755445],[121.01282542,14.57759805],[121.01284604,14.57763311],[121.01289966,14.57768054],[121.01295122,14.57773003],[121.01297596,14.57778159],[121.01301308,14.57787645],[121.01302339,14.57793625],[121.01306464,14.57800431],[121.01311199,14.57805061],[121.01317518,14.57810307],[121.01324433,14.57815195],[121.01331705,14.57823063],[121.0134371,14.57830788],[121.01377966,14.57796318],[121.01449421,14.57728299]]]]}},{"type":"Feature","properties":{"psgc_code":"1303901882","adm4_en":"Barangay 882","district":"Unknown"},"geometry":{"type":"MultiPolygon","coordinates":[[[[121.01457925,14.57892338],[121.0146389,14.57887726],[121.01468315,14.57884497],[121.01537576,14.5781906],[121.01514523,14.57795156],[121.01495244,14.57775164],[121.01473327,14.57752436],[121.01468046,14.5774696],[121.01449749,14.57727988],[121.01449421,14.57728299],[121.01377966,14.57796318],[121.0134371,14.57830788],[121.01358508,14.5784012],[121.01353938,14.57851545],[121.0134539,14.57873506],[121.01451994,14.57901233],[121.01453481,14.57899003],[121.01457925,14.57892338]]]]}},{"type":"Feature","properties":{"psgc_code":"1303901883","adm4_en":"Barangay 883","district":"Unknown"},"geometry":{"type":"MultiPolygon","coordinates":[[[[121.01713615,14.580053],[121.0171644,14.57992118],[121.01723502,14.57973757],[121.01761121,14.57940812],[121.01643007,14.57919822],[121.01593783,14.57872778],[121.01537576,14.5781906],[121.01468315,14.57884497],[121.0146389,14.57887726],[121.01457925,14.57892338],[121.01453481,14.57899003],[121.01451994,14.57901233],[121.0134539,14.57873506],[121.0133858,14.57902734],[121.013373,14.57941126],[121.01433117,14.57967562],[121.01471042,14.57977215],[121.01500002,14.57985489],[121.01536548,14.57994453],[121.01546202,14.57997901],[121.0157999,14.58006175],[121.01584816,14.58011001],[121.01662034,14.58025068],[121.01682967,14.58028882],[121.01709849,14.58026486],[121.01713615,14.580053]]]]}},{"type":"Feature","properties":{"psgc_code":"1303901884","adm4_en":"Barangay 884","district":"Unknown"},"geometry":{"type":"MultiPolygon","coordinates":[[[[121.01667216,14.5818941],[121.01723725,14.58185374],[121.01731125,14.58186719],[121.01744835,14.5818537],[121.01783692,14.58179686],[121.01731976,14.58138064],[121.01722089,14.58127235],[121.01712673,14.58114995],[121.01707495,14.5810605],[121.0170467,14.58097575],[121.01704199,14.5807639],[121.01706082,14.58048613],[121.01709849,14.58026486],[121.01682967,14.58028882],[121.01662034,14.58025068],[121.01584816,14.58011001],[121.0157999,14.58006175],[121.01546202,14.57997901],[121.01536548,14.57994453],[121.01500002,14.57985489],[121.01471042,14.57977215],[121.01433117,14.57967562],[121.013373,14.57941126],[121.013373,14.57991035],[121.01343475,14.58034443],[121.01346258,14.58048622],[121.01343215,14.58086395],[121.01335889,14.58149735],[121.01361394,14.58151552],[121.01409315,14.58159129],[121.01453448,14.58165947],[121.01485332,14.58172203],[121.01542041,14.58182659],[121.01584301,14.58190542],[121.01601757,14.58190003],[121.01667216,14.5818941]]]]}},{"type":"Feature","properties":{"psgc_code":"1303901885","adm4_en":"Barangay 885","district":"Unknown"},"geometry":{"type":"MultiPolygon","coordinates":[[[[121.01573033,14.58276858],[121.01579088,14.58266095],[121.01583797,14.58219008],[121.01584301,14.58190542],[121.01542041,14.58182659],[121.01485332,14.58172203],[121.01453448,14.58165947],[121.01409315,14.58159129],[121.01361394,14.58151552],[121.01335889,14.58149735],[121.01332111,14.58179139],[121.01327882,14.58211756],[121.01544118,14.58327429],[121.01563615,14.58296366],[121.01573033,14.58276858]]]]}},{"type":"Feature","properties":{"psgc_code":"1303901886","adm4_en":"Barangay 886","district":"Unknown"},"geometry":{"type":"MultiPolygon","coordinates":[[[[121.01677306,14.58305784],[121.01677393,14.58294246],[121.01677066,14.58280443],[121.01676634,14.58262733],[121.01667216,14.5818941],[121.01601757,14.58190003],[121.01584301,14.58190542],[121.01583797,14.58219008],[121.01579088,14.58266095],[121.01573033,14.58276858],[121.01563615,14.58296366],[121.01544118,14.58327429],[121.01671941,14.58400593],[121.01677036,14.58310156],[121.01677306,14.58305784]]]]}},{"type":"Feature","properties":{"psgc_code":"1303901887","adm4_en":"Barangay 887","district":"Unknown"},"geometry":{"type":"MultiPolygon","coordinates":[[[[121.01780778,14.58376544],[121.01776071,14.58334186],[121.01755106,14.58288833],[121.01779409,14.58287129],[121.01838853,14.58282982],[121.01872218,14.58279614],[121.01832726,14.58227514],[121.01821427,14.58213861],[121.01804949,14.58197854],[121.01783692,14.58179686],[121.01744835,14.5818537],[121.01731125,14.58186719],[121.01723725,14.58185374],[121.01667216,14.5818941],[121.01676634,14.58262733],[121.01677066,14.58280443],[121.01677393,14.58294246],[121.01677306,14.58305784],[121.01677036,14.58310156],[121.01671941,14.58400593],[121.01681198,14.58405086],[121.01702794,14.58415578],[121.01732767,14.58434971],[121.01757673,14.58452275],[121.01773504,14.58420613],[121.01780778,14.58376544]]]]}},{"type":"Feature","properties":{"psgc_code":"1303901888","adm4_en":"Barangay 888","district":"Unknown"},"geometry":{"type":"MultiPolygon","coordinates":[[[[121.02011343,14.58623228],[121.0202094,14.58602834],[121.02026339,14.5858064],[121.02026939,14.58557247],[121.02023939,14.58535653],[121.02009544,14.58500264],[121.0198795,14.58453477],[121.01964557,14.5840849],[121.01962519,14.58405628],[121.01907111,14.58327793],[121.01872218,14.58279614],[121.01838853,14.58282982],[121.01779409,14.58287129],[121.01755106,14.58288833],[121.01776071,14.58334186],[121.01780778,14.58376544],[121.01773504,14.58420613],[121.01757673,14.58452275],[121.0177508,14.5846406],[121.01783896,14.58471993],[121.0180946,14.58491386],[121.01854418,14.5852929],[121.01891443,14.58563667],[121.01913361,14.58583829],[121.01963218,14.58629533],[121.0198615,14.5864962],[121.02000546,14.58636424],[121.02011343,14.58623228]]]]}},{"type":"Feature","properties":{"psgc_code":"1303901889","adm4_en":"Barangay 889","district":"Unknown"},"geometry":{"type":"MultiPolygon","coordinates":[[[[121.01485055,14.58412051],[121.01517395,14.58371974],[121.01528631,14.58343883],[121.01544118,14.58327429],[121.01327882,14.58211756],[121.01326674,14.58226252],[121.01321841,14.58250413],[121.01318217,14.58267929],[121.0130976,14.58289069],[121.01307948,14.58292694],[121.01297075,14.58310814],[121.01281973,14.58329538],[121.01270702,14.5834421],[121.01230921,14.58355847],[121.01252564,14.58388096],[121.01277157,14.58423486],[121.01310147,14.58461275],[121.01353335,14.58504463],[121.01374329,14.58524857],[121.0140312,14.5854825],[121.01424382,14.58509932],[121.01485055,14.58412051]]]]}},{"type":"Feature","properties":{"psgc_code":"1303901890","adm4_en":"Barangay 890","district":"Unknown"},"geometry":{"type":"MultiPolygon","coordinates":[[[[121.01753923,14.58539867],[121.0176476,14.58520371],[121.01774178,14.58498173],[121.01783896,14.58471993],[121.0177508,14.5846406],[121.01757673,14.58452275],[121.01732767,14.58434971],[121.01702794,14.58415578],[121.01681198,14.58405086],[121.01671941,14.58400593],[121.01544118,14.58327429],[121.01528631,14.58343883],[121.01517395,14.58371974],[121.01485055,14.58412051],[121.01424382,14.58509932],[121.0140312,14.5854825],[121.01449307,14.58577041],[121.01478098,14.58591437],[121.01499092,14.58601634],[121.01524885,14.58610032],[121.01553676,14.58618429],[121.01581268,14.58626227],[121.01617258,14.58635824],[121.01653847,14.58644222],[121.01700831,14.586544],[121.01716978,14.58617189],[121.01753923,14.58539867]]]]}},{"type":"Feature","properties":{"psgc_code":"1303901891","adm4_en":"Barangay 891","district":"Unknown"},"geometry":{"type":"MultiPolygon","coordinates":[[[[121.01943563,14.58681411],[121.0198615,14.5864962],[121.01963218,14.58629533],[121.01913361,14.58583829],[121.01891443,14.58563667],[121.01854418,14.5852929],[121.0180946,14.58491386],[121.01783896,14.58471993],[121.01774178,14.58498173],[121.0176476,14.58520371],[121.01753923,14.58539867],[121.01716978,14.58617189],[121.01700831,14.586544],[121.01845191,14.5868621],[121.01877582,14.58691608],[121.01892578,14.58692808],[121.01907573,14.58693408],[121.01924368,14.58691008],[121.01943563,14.58681411]]]]}},{"type":"Feature","properties":{"psgc_code":"1303901892","adm4_en":"Barangay 892","district":"Unknown"},"geometry":{"type":"MultiPolygon","coordinates":[[[[121.02268935,14.58876908],[121.02262209,14.58866552],[121.02178113,14.58777915],[121.02108893,14.5871331],[121.02130648,14.58684303],[121.02139614,14.5866637],[121.02156358,14.58632883],[121.02101642,14.58605854],[121.02026939,14.58557247],[121.02026339,14.5858064],[121.0202094,14.58602834],[121.02011343,14.58623228],[121.02000546,14.58636424],[121.0198615,14.5864962],[121.02012188,14.58674143],[121.02035523,14.58695247],[121.02082719,14.58735812],[121.0211634,14.58769816],[121.02177513,14.58831024],[121.02191719,14.58844806],[121.0223558,14.58890767],[121.02243424,14.58899303],[121.02273648,14.58884164],[121.02268935,14.58876908]]]]}},{"type":"Feature","properties":{"psgc_code":"1303901893","adm4_en":"Barangay 893","district":"Unknown"},"geometry":{"type":"MultiPolygon","coordinates":[[[[121.02583208,14.59180025],[121.02581699,14.59178745],[121.02578962,14.59176422],[121.02562694,14.59162323],[121.02542087,14.59149308],[121.02516601,14.59128702],[121.02481353,14.59097793],[121.02440141,14.59066883],[121.02399471,14.59028924],[121.02316091,14.58963581],[121.02275565,14.58932839],[121.02251648,14.58908121],[121.02243424,14.58899303],[121.02223571,14.58908928],[121.02196526,14.58920316],[121.02173277,14.58928856],[121.02151925,14.58934076],[121.02122065,14.58941532],[121.02120455,14.58941933],[121.02164636,14.58968221],[121.02261188,14.59032483],[121.02294527,14.59055458],[121.02400873,14.59155334],[121.02426751,14.5917636],[121.02461526,14.59198195],[121.02497918,14.59219626],[121.02518944,14.59230948],[121.02535119,14.59241866],[121.0254424,14.59252215],[121.02574034,14.5923919],[121.02583208,14.59235491],[121.02583208,14.59180025]]]]}},{"type":"Feature","properties":{"psgc_code":"1303901894","adm4_en":"Barangay 894","district":"Unknown"},"geometry":{"type":"MultiPolygon","coordinates":[[[[121.02073737,14.58836222],[121.0208261,14.58837271],[121.02088602,14.58825178],[121.02101982,14.58799057],[121.0211634,14.58769816],[121.02082719,14.58735812],[121.02035523,14.58695247],[121.02012188,14.58674143],[121.0198615,14.5864962],[121.01943563,14.58681411],[121.01924368,14.58691008],[121.01907573,14.58693408],[121.01929558,14.58736103],[121.01945348,14.58753419],[121.01943005,14.58769815],[121.0192188,14.588454],[121.01915876,14.58864925],[121.01915806,14.58865153],[121.01966595,14.5887835],[121.02020779,14.58895738],[121.02051355,14.58908038],[121.02059083,14.58882093],[121.02073737,14.58836222]]]]}},{"type":"Feature","properties":{"psgc_code":"1303901895","adm4_en":"Barangay 895","district":"Unknown"},"geometry":{"type":"MultiPolygon","coordinates":[[[[121.02151925,14.58934076],[121.02173277,14.58928856],[121.02196526,14.58920316],[121.02223571,14.58908928],[121.02243424,14.58899303],[121.0223558,14.58890767],[121.02191719,14.58844806],[121.02177513,14.58831024],[121.0211634,14.58769816],[121.02101982,14.58799057],[121.02088602,14.58825178],[121.0208261,14.58837271],[121.02073737,14.58836222],[121.02059083,14.58882093],[121.02051355,14.58908038],[121.02064853,14.58913933],[121.02100437,14.58929703],[121.02120455,14.58941933],[121.02122065,14.58941532],[121.02151925,14.58934076]]]]}},{"type":"Feature","properties":{"psgc_code":"1303901896","adm4_en":"Barangay 896","district":"Unknown"},"geometry":{"type":"MultiPolygon","coordinates":[[[[121.01478504,14.58912005],[121.0149032,14.58896688],[121.01501261,14.58886622],[121.0151614,14.58875244],[121.01536271,14.58863428],[121.01554651,14.58855551],[121.01568218,14.58849862],[121.01583972,14.58845048],[121.01601915,14.58840234],[121.01622046,14.58838046],[121.01619822,14.58818294],[121.01611688,14.58801939],[121.01597523,14.58781135],[121.0159531,14.58774496],[121.01595434,14.58766821],[121.01606377,14.58689953],[121.01607858,14.58680219],[121.01617258,14.58635824],[121.01581268,14.58626227],[121.01553676,14.58618429],[121.01524885,14.58610032],[121.01499092,14.58601634],[121.01478098,14.58591437],[121.01449307,14.58577041],[121.0140312,14.5854825],[121.01374329,14.58524857],[121.01353335,14.58504463],[121.01310147,14.58461275],[121.01285208,14.58483301],[121.01275703,14.58493219],[121.01238432,14.58534944],[121.01225584,14.58552549],[121.01207786,14.58572889],[121.01190353,14.58588453],[121.01185162,14.58602304],[121.01192426,14.58604669],[121.01251907,14.58645272],[121.0127056,14.58658154],[121.0128734,14.58669165],[121.0131055,14.58684843],[121.01326145,14.58695383],[121.01334011,14.58700102],[121.01347645,14.58703773],[121.01360755,14.58706395],[121.01373864,14.58711114],[121.01386974,14.58715833],[121.01398511,14.58717406],[121.01404803,14.58716358],[121.01410047,14.58715309],[121.01417389,14.58710065],[121.0142473,14.58707444],[121.01404488,14.58732986],[121.01324393,14.58867296],[121.01316612,14.588858],[121.01292457,14.58914471],[121.014203,14.59002156],[121.01462312,14.58936949],[121.01478504,14.58912005]]]]}},{"type":"Feature","properties":{"psgc_code":"1303901897","adm4_en":"Barangay 897","district":"Unknown"},"geometry":{"type":"MultiPolygon","coordinates":[[[[121.0192188,14.588454],[121.01943005,14.58769815],[121.01945348,14.58753419],[121.01929558,14.58736103],[121.01907573,14.58693408],[121.01892578,14.58692808],[121.01877582,14.58691608],[121.01845191,14.5868621],[121.01700831,14.586544],[121.01653847,14.58644222],[121.01617258,14.58635824],[121.01607858,14.58680219],[121.01606377,14.58689953],[121.01595434,14.58766821],[121.0159531,14.58774496],[121.01597523,14.58781135],[121.01611688,14.58801939],[121.01619822,14.58818294],[121.01622046,14.58838046],[121.01629491,14.58837468],[121.01641739,14.58836733],[121.01674561,14.58836295],[121.01719534,14.58836702],[121.01783422,14.58839128],[121.01810918,14.5884115],[121.01833966,14.58844384],[121.01870358,14.58852876],[121.01915806,14.58865153],[121.01915876,14.58864925],[121.0192188,14.588454]]]]}},{"type":"Feature","properties":{"psgc_code":"1303901898","adm4_en":"Barangay 898","district":"Unknown"},"geometry":{"type":"MultiPolygon","coordinates":[[[[121.01324393,14.58867296],[121.01404488,14.58732986],[121.0142473,14.58707444],[121.01417389,14.58710065],[121.01410047,14.58715309],[121.01404803,14.58716358],[121.01398511,14.58717406],[121.01386974,14.58715833],[121.01373864,14.58711114],[121.01360755,14.58706395],[121.01347645,14.58703773],[121.01334011,14.58700102],[121.01326145,14.58695383],[121.0131055,14.58684843],[121.0128734,14.58669165],[121.0127056,14.58658154],[121.01251907,14.58645272],[121.01192426,14.58604669],[121.01185162,14.58602304],[121.01181714,14.58612677],[121.01105957,14.58809248],[121.01118427,14.58814476],[121.01176426,14.58843661],[121.01191617,14.58851473],[121.01198231,14.58854859],[121.01243421,14.58883703],[121.01267135,14.58898347],[121.01292457,14.58914471],[121.01316612,14.588858],[121.01324393,14.58867296]]]]}},{"type":"Feature","properties":{"psgc_code":"1303901899","adm4_en":"Barangay 899","district":"Unknown"},"geometry":{"type":"MultiPolygon","coordinates":[[[[121.01185162,14.58602304],[121.01178065,14.58599704],[121.01165789,14.58595181],[121.01154159,14.58591305],[121.01127023,14.5858226],[121.01094898,14.58664703],[121.01063426,14.5874572],[121.01058346,14.58759325],[121.01047277,14.587914],[121.01082852,14.58801015],[121.01105957,14.58809248],[121.01181714,14.58612677],[121.01185162,14.58602304]]]]}},{"type":"Feature","properties":{"psgc_code":"1303901900","adm4_en":"Barangay 900","district":"Unknown"},"geometry":{"type":"MultiPolygon","coordinates":[[[[121.01275703,14.58493219],[121.01285208,14.58483301],[121.01310147,14.58461275],[121.01277157,14.58423486],[121.01252564,14.58388096],[121.01230921,14.58355847],[121.0117804,14.58294311],[121.01152079,14.58268351],[121.01123235,14.58246237],[121.01091506,14.58223161],[121.01062661,14.58206816],[121.01057464,14.5824471],[121.01054139,14.58277803],[121.01049211,14.58305929],[121.01049211,14.58312243],[121.0103604,14.58387346],[121.01034056,14.58398744],[121.01017681,14.58482501],[121.01081292,14.58494864],[121.01108305,14.58505069],[121.01186342,14.58531682],[121.01214076,14.58544305],[121.01224044,14.58550665],[121.01225584,14.58552549],[121.01238432,14.58534944],[121.01275703,14.58493219]]]]}},{"type":"Feature","properties":{"psgc_code":"1303901901","adm4_en":"Barangay 901","district":"Unknown"},"geometry":{"type":"MultiPolygon","coordinates":[[[[121.01063426,14.5874572],[121.01094898,14.58664703],[121.01127023,14.5858226],[121.0109942,14.5857331],[121.01030822,14.58756826],[121.01016357,14.58789337],[121.01047277,14.587914],[121.01058346,14.58759325],[121.01063426,14.5874572]]]]}},{"type":"Feature","properties":{"psgc_code":"1303901902","adm4_en":"Barangay 902","district":"Unknown"},"geometry":{"type":"MultiPolygon","coordinates":[[[[121.0109942,14.5857331],[121.01059131,14.58560248],[121.01022969,14.5865618],[121.00987442,14.58750428],[121.0097805,14.58786593],[121.01016357,14.58789337],[121.01030822,14.58756826],[121.0109942,14.5857331]]]]}},{"type":"Feature","properties":{"psgc_code":"1303901903","adm4_en":"Barangay 903","district":"Unknown"},"geometry":{"type":"MultiPolygon","coordinates":[[[[121.01022969,14.5865618],[121.01059131,14.58560248],[121.01047551,14.58556416],[121.01026876,14.5854931],[121.01007492,14.58543495],[121.01001671,14.58541892],[121.00979063,14.58551247],[121.00964305,14.58557184],[121.00938566,14.58626944],[121.00908366,14.58709783],[121.00896818,14.5874174],[121.00894209,14.58777084],[121.00911057,14.58782062],[121.00929976,14.5878467],[121.0097805,14.58786593],[121.00987442,14.58750428],[121.01022969,14.5865618]]]]}},{"type":"Feature","properties":{"psgc_code":"1303901904","adm4_en":"Barangay 904","district":"Unknown"},"geometry":{"type":"MultiPolygon","coordinates":[[[[121.01207786,14.58572889],[121.01225584,14.58552549],[121.01224044,14.58550665],[121.01214076,14.58544305],[121.01186342,14.58531682],[121.01108305,14.58505069],[121.01081292,14.58494864],[121.01077272,14.585099],[121.01048197,14.58522175],[121.01001671,14.58541892],[121.01007492,14.58543495],[121.01026876,14.5854931],[121.01047551,14.58556416],[121.01059131,14.58560248],[121.0109942,14.5857331],[121.01127023,14.5858226],[121.01154159,14.58591305],[121.01165789,14.58595181],[121.01178065,14.58599704],[121.01185162,14.58602304],[121.01190353,14.58588453],[121.01207786,14.58572889]]]]}},{"type":"Feature","properties":{"psgc_code":"1303901905","adm4_en":"Barangay 905","district":"Unknown"},"geometry":{"type":"MultiPolygon","coordinates":[[[[121.00908366,14.58709783],[121.00938566,14.58626944],[121.00964305,14.58557184],[121.00979063,14.58551247],[121.01001671,14.58541892],[121.01048197,14.58522175],[121.01077272,14.585099],[121.01081292,14.58494864],[121.01017681,14.58482501],[121.01034056,14.58398744],[121.0103604,14.58387346],[121.01049211,14.58312243],[121.01049211,14.58305929],[121.01054139,14.58277803],[121.01057464,14.5824471],[121.01062661,14.58206816],[121.01034778,14.58199124],[121.01008818,14.58198163],[121.00979012,14.58202009],[121.0093286,14.58208739],[121.00899208,14.58214508],[121.00872287,14.58225084],[121.00846327,14.58236622],[121.00822289,14.5825489],[121.00806906,14.58271236],[121.00793445,14.58287581],[121.00779022,14.58308734],[121.00762677,14.58332771],[121.0074537,14.583645],[121.00736717,14.58384691],[121.00729025,14.5840969],[121.00716526,14.58444303],[121.00706911,14.58483724],[121.00699219,14.58535645],[121.00703065,14.58567374],[121.00710757,14.5859718],[121.00723256,14.58634678],[121.00740563,14.58666407],[121.00763639,14.58690444],[121.00784791,14.5871352],[121.00805944,14.58731788],[121.00825174,14.58748133],[121.00846327,14.5875871],[121.00868441,14.58769286],[121.00894209,14.58777084],[121.00896818,14.5874174],[121.00908366,14.58709783]]]]}},{"type":"Feature","properties":{"psgc_code":"1303901906","adm4_en":"Manila North Cemetery","district":"Unknown"},"geometry":{"type":"MultiPolygon","coordinates":[[[[120.98863614,14.63901749],[120.98851926,14.63859506],[120.98839623,14.63815031],[120.9883664,14.63804242],[120.98833122,14.63794594],[120.98827768,14.63785069],[120.98820504,14.63773415],[120.98849476,14.63761919],[120.98878533,14.63752613],[120.98942424,14.63732848],[120.99034843,14.63704288],[120.9909088,14.63685847],[120.99162731,14.63663414],[120.99193635,14.63653848],[120.99197345,14.63652703],[120.9919654,14.63649752],[120.99191361,14.63633808],[120.99174417,14.63639456],[120.99146199,14.63648961],[120.99118872,14.63657278],[120.99091248,14.63665892],[120.99074874,14.63671819],[120.99057386,14.6367807],[120.99023821,14.63688467],[120.98994712,14.63697972],[120.98943919,14.63713417],[120.9891778,14.63722625],[120.98869958,14.63736883],[120.9884976,14.63742527],[120.98828373,14.63749358],[120.98736803,14.63451247],[120.98714814,14.63284752],[120.98705149,14.63209855],[120.98675552,14.63004493],[120.98703339,14.62956173],[120.98773405,14.62836964],[120.98829795,14.62737294],[120.988281,14.62733057],[120.98820473,14.6272882],[120.98704369,14.62668653],[120.98676402,14.62650857],[120.98653795,14.62677516],[120.98643265,14.62691995],[120.98625276,14.62713493],[120.98582021,14.62788293],[120.98509636,14.62912179],[120.98498525,14.62912344],[120.98468237,14.6295393],[120.98459656,14.62964071],[120.98430079,14.63006177],[120.98423923,14.63014031],[120.98423601,14.63014428],[120.98402423,14.63041462],[120.98374702,14.63078202],[120.98339718,14.6312457],[120.98337008,14.63129476],[120.98333079,14.63134952],[120.9832915,14.63140548],[120.9832546,14.63142214],[120.98322365,14.63143524],[120.98322841,14.63146738],[120.98325298,14.63154734],[120.983206,14.63155492],[120.98320448,14.63157462],[120.98314991,14.63159129],[120.98314385,14.631611],[120.98298016,14.63161554],[120.98292635,14.63168993],[120.98278361,14.63158717],[120.98219556,14.63133025],[120.98192151,14.63119894],[120.98164176,14.63106191],[120.98139626,14.63107333],[120.98124782,14.6310505],[120.98106532,14.63099533],[120.98095774,14.63117084],[120.98082185,14.63144259],[120.98077655,14.63158413],[120.98073126,14.63175964],[120.98070295,14.63186721],[120.9806803,14.6321786],[120.98069728,14.63238242],[120.98072559,14.63255226],[120.98078221,14.63272777],[120.9810798,14.63336932],[120.98125104,14.63372886],[120.98146163,14.63418281],[120.98149938,14.63426614],[120.98209769,14.63551079],[120.98244893,14.63624658],[120.98236857,14.63624963],[120.98233078,14.63625119],[120.982339,14.63628187],[120.98230821,14.63636585],[120.98224534,14.63641664],[120.98220744,14.63644703],[120.98216265,14.63648902],[120.98216846,14.63654835],[120.98219669,14.63660795],[120.98222296,14.63664855],[120.98226361,14.63662072],[120.9823323,14.63663438],[120.98257059,14.63654262],[120.98268187,14.63651189],[120.98288953,14.63650251],[120.98296304,14.63651501],[120.98302393,14.63658142],[120.98304947,14.63663759],[120.98306701,14.63669622],[120.98303351,14.63678089],[120.98301595,14.63684405],[120.98301755,14.63689338],[120.98307818,14.63701173],[120.98333607,14.63688077],[120.98347133,14.63682543],[120.98351105,14.63681622],[120.9835444,14.6368147],[120.98358407,14.63687761],[120.98370311,14.63715225],[120.9838107,14.63710077],[120.98387723,14.63707851],[120.9839518,14.63705368],[120.98406426,14.63703022],[120.9842356,14.63701605],[120.98440708,14.63700069],[120.98473064,14.63698046],[120.98483695,14.63697798],[120.9848768,14.63698702],[120.98491801,14.63700245],[120.98493662,14.63702817],[120.98495673,14.63705913],[120.98497302,14.63709066],[120.98497913,14.63713795],[120.98496719,14.63717865],[120.98494459,14.63722237],[120.98485507,14.6373094],[120.98467228,14.63746689],[120.98462104,14.63754534],[120.98456721,14.63760252],[120.98441004,14.63772445],[120.98410616,14.6378865],[120.98410315,14.63794314],[120.98398127,14.63800424],[120.98450002,14.63897576],[120.98453454,14.63901749],[120.98863614,14.63901749]]]]}},{"type":"Feature","properties":{"psgc_code":"1303901907","adm4_en":"Tutuban Mall (Claimed by Five Barangays of Tondo, Manila)","district":"Unknown"},"geometry":{"type":"MultiPolygon","coordinates":[[[[120.97292552,14.61063161],[120.97321999,14.61056526],[120.9735186,14.61049476],[120.97402874,14.61039938],[120.97410339,14.61041597],[120.9741656,14.61043255],[120.97387722,14.60937164],[120.97360238,14.60824412],[120.97352008,14.60650617],[120.97338121,14.6065071],[120.97298727,14.60642656],[120.97271781,14.60637145],[120.97119289,14.60599789],[120.97141747,14.60686851],[120.9715474,14.60727821],[120.97163856,14.6075957],[120.97179828,14.60817493],[120.97188657,14.60846568],[120.97195066,14.60869125],[120.97201597,14.60894012],[120.97207656,14.60917641],[120.97247345,14.61073529],[120.97281345,14.61066244],[120.97292552,14.61063161]]]]}},{"type":"Feature","properties":{"psgc_code":"1303901918","adm4_en":"Barangay 818-A","district":"Unknown"},"geometry":{"type":"MultiPolygon","coordinates":[[[[121.00409496,14.58201692],[121.00419739,14.58200175],[121.0043112,14.58199796],[121.00442273,14.58197593],[121.0044952,14.58196362],[121.00456219,14.58195815],[121.00468004,14.58192371],[121.00465834,14.58189116],[121.004654,14.58184342],[121.00466702,14.58179785],[121.0046974,14.58172842],[121.00472778,14.58168502],[121.00475382,14.58164596],[121.00480156,14.58162426],[121.00485364,14.58159822],[121.00493013,14.58159724],[121.00497733,14.58159822],[121.0050878,14.58160181],[121.00516092,14.58162009],[121.00524319,14.58161095],[121.00529574,14.58157667],[121.00530945,14.58154925],[121.00530717,14.58151497],[121.00530488,14.58148755],[121.00528203,14.58144642],[121.00523176,14.58139386],[121.00517463,14.5813573],[121.00511522,14.5813116],[121.00503981,14.5812659],[121.00499868,14.58124305],[121.00495069,14.58119735],[121.00490042,14.58114707],[121.00485015,14.58108995],[121.00480216,14.58104881],[121.00477474,14.58099854],[121.00475418,14.58095056],[121.00472292,14.58097473],[121.00463247,14.58116728],[121.00461536,14.5812015],[121.00457381,14.58121372],[121.0044997,14.58122579],[121.00438731,14.58123752],[121.00432803,14.58125223],[121.00424158,14.58139148],[121.00414517,14.58140694],[121.00408591,14.58157818],[121.004056,14.58166841],[121.00398605,14.58177833],[121.00396464,14.58195677],[121.00395608,14.58199103],[121.00393564,14.58205107],[121.00401151,14.5820321],[121.00409496,14.58201692]]]]}},{"type":"Feature","properties":{"psgc_code":"1303901922","adm4_en":"Barangay 202-A","district":"Tondo"},"geometry":{"type":"MultiPolygon","coordinates":[[[[120.97996991,14.63377241],[120.98003945,14.63371475],[120.9801039,14.63365199],[120.98016156,14.6336062],[120.98022262,14.63357567],[120.98029555,14.63356889],[120.98035445,14.63357947],[120.98038496,14.63358826],[120.98042221,14.63358964],[120.98046359,14.63356619],[120.98051646,14.63350136],[120.98056632,14.63343224],[120.98067764,14.63335683],[120.98081051,14.63337119],[120.98092872,14.6333999],[120.9810798,14.63336932],[120.98078221,14.63272777],[120.98072559,14.63255226],[120.98069728,14.63238242],[120.9806803,14.6321786],[120.98070295,14.63186721],[120.98049709,14.63189821],[120.9799125,14.63209456],[120.97968042,14.6321682],[120.97983787,14.63298312],[120.97980371,14.63381651],[120.97987432,14.63380205],[120.97996991,14.63377241]]]]}},{"type":"Feature","properties":{"psgc_code":"1303901959","adm4_en":"Barangay 659-A","district":"Ermita"},"geometry":{"type":"MultiPolygon","coordinates":[[[[120.9801898,14.59675644],[120.98041329,14.59671965],[120.98076877,14.59665617],[120.9809388,14.596584],[120.98107347,14.59649584],[120.98118289,14.59641625],[120.98137519,14.59624624],[120.98159889,14.59603778],[120.98178152,14.59584205],[120.98207595,14.59551699],[120.9829129,14.59445671],[120.9831237,14.59414562],[120.98325838,14.59393157],[120.98346025,14.59361931],[120.98366686,14.593375],[120.98394917,14.59304775],[120.98430276,14.59267355],[120.98457961,14.59239041],[120.98473869,14.5922479],[120.98488762,14.59212767],[120.98510411,14.59196761],[120.98544645,14.59174109],[120.9856639,14.59161116],[120.98577165,14.5915598],[120.98610022,14.5911142],[120.98627642,14.59091797],[120.98615033,14.59059858],[120.98601967,14.59045341],[120.98569303,14.59015582],[120.98548253,14.59034454],[120.98541851,14.59035848],[120.98483826,14.59035825],[120.98468152,14.59035848],[120.98447859,14.59035405],[120.98357604,14.59033544],[120.98310683,14.59034754],[120.98198737,14.59036621],[120.98116049,14.59037997],[120.98073046,14.59036145],[120.98041545,14.59128868],[120.98034067,14.59151539],[120.98027222,14.5917392],[120.98025181,14.59180578],[120.98022266,14.59186179],[120.98019596,14.59190374],[120.98015995,14.59194714],[120.97915696,14.5931379],[120.97877812,14.59359319],[120.97857015,14.59386286],[120.97832051,14.59417483],[120.97817662,14.59436463],[120.97810489,14.59447589],[120.97798924,14.59465049],[120.97779853,14.59495957],[120.97761662,14.59525816],[120.97731847,14.59576417],[120.97748121,14.59582077],[120.97834815,14.59632624],[120.97873895,14.5965028],[120.9789623,14.59659475],[120.97916558,14.59667107],[120.97933459,14.59672116],[120.97946003,14.59675543],[120.97959575,14.59678753],[120.97979063,14.59679037],[120.97996115,14.59678268],[120.9801898,14.59675644]]]]}},{"type":"Feature","properties":{"psgc_code":"1303901960","adm4_en":"Barangay 660-A","district":"Ermita"},"geometry":{"type":"MultiPolygon","coordinates":[[[[120.98705871,14.58321778],[120.98548066,14.58271947],[120.98468778,14.58244631],[120.98461715,14.58255932],[120.98412262,14.58342399],[120.98405487,14.58354996],[120.98333185,14.58483393],[120.98294243,14.58551536],[120.98268052,14.58602869],[120.98293169,14.58598648],[120.98306531,14.58597882],[120.98315499,14.58598271],[120.98331193,14.58599816],[120.98355324,14.58603077],[120.98381836,14.586067],[120.9840739,14.58610299],[120.98430791,14.58612778],[120.98451369,14.58615466],[120.98468709,14.58618171],[120.98488173,14.5862092],[120.98508232,14.58623418],[120.98525506,14.5862553],[120.98545831,14.58628065],[120.98566838,14.5863078],[120.9864081,14.5846573],[120.98705871,14.58321778]]]]}},{"type":"Feature","properties":{"psgc_code":"1303901963","adm4_en":"Barangay 663-A","district":"Ermita"},"geometry":{"type":"MultiPolygon","coordinates":[[[[120.98602728,14.59147914],[120.98616663,14.59144519],[120.98630405,14.591419],[120.98657998,14.59138999],[120.98674436,14.59137902],[120.98693542,14.59136588],[120.98742347,14.59135217],[120.98801337,14.59132669],[120.98887484,14.59133399],[120.98937711,14.59131266],[120.98962728,14.59128979],[120.9896274,14.59129326],[120.98997581,14.59126625],[120.99041796,14.59122837],[120.99083041,14.59119041],[120.99083456,14.59079722],[120.99084292,14.59056769],[120.99081633,14.59031125],[120.99077404,14.59006771],[120.99035717,14.58990078],[120.99005682,14.58980067],[120.98978851,14.58973659],[120.98950018,14.58969254],[120.98912774,14.58967252],[120.98881538,14.58967652],[120.98855107,14.58969254],[120.98834683,14.58971657],[120.98816262,14.5897446],[120.98807452,14.58976062],[120.98785026,14.58983271],[120.98759396,14.58993683],[120.98738171,14.59005697],[120.98720551,14.5901731],[120.98691717,14.59038935],[120.98665286,14.5906016],[120.98627642,14.59091797],[120.98610022,14.5911142],[120.98577165,14.5915598],[120.98590033,14.59151614],[120.98602728,14.59147914]]]]}},{"type":"Feature","properties":{"psgc_code":"1303901964","adm4_en":"Barangay 664-A","district":"Ermita"},"geometry":{"type":"MultiPolygon","coordinates":[[[[120.99161256,14.58912709],[120.99176761,14.58888747],[120.99187568,14.58876531],[120.99200724,14.58864314],[120.99206832,14.58848339],[120.99217168,14.58831894],[120.99232249,14.58803122],[120.99244683,14.58782774],[120.99265031,14.58766948],[120.99302335,14.5874434],[120.99314769,14.58727384],[120.99312508,14.58707036],[120.99305726,14.5868895],[120.99295552,14.58675385],[120.99285378,14.58660689],[120.99270683,14.58638081],[120.99257118,14.58621125],[120.99245814,14.58599647],[120.99237901,14.58578169],[120.99233379,14.58560082],[120.9923564,14.58541995],[120.99248792,14.58500089],[120.99238379,14.58497323],[120.99157037,14.58468549],[120.99093955,14.58447523],[120.9899518,14.58414518],[120.98982721,14.58453275],[120.98961957,14.58512794],[120.98945346,14.58557087],[120.98913507,14.58644289],[120.98881669,14.58728722],[120.98872756,14.58744437],[120.98894629,14.58746121],[120.98910993,14.58747221],[120.98930483,14.58747645],[120.98954527,14.58748227],[120.9897864,14.58749344],[120.99030726,14.58752623],[120.99059113,14.58762697],[120.9905952,14.58776156],[120.9906017,14.58800751],[120.99064499,14.58842148],[120.99065896,14.58865954],[120.99066484,14.58889711],[120.99072904,14.58974755],[120.99077404,14.59006771],[120.99081633,14.59031125],[120.99084292,14.59056769],[120.99083456,14.59079722],[120.99083041,14.59119041],[120.9914622,14.58934323],[120.99161256,14.58912709]]]]}},{"type":"Feature","properties":{"psgc_code":"1303901987","adm4_en":"Barangay 587-A","district":"Santa Mesa"},"geometry":{"type":"MultiPolygon","coordinates":[[[[121.01614749,14.60216627],[121.01619219,14.60204982],[121.01621653,14.60197981],[121.0162881,14.60173815],[121.01634621,14.60157601],[121.01510495,14.60117929],[121.0150442,14.60133897],[121.01495041,14.60165157],[121.0148488,14.60190166],[121.01480973,14.60195636],[121.01468468,14.60207359],[121.01459089,14.60213611],[121.01455181,14.60219863],[121.01452055,14.60230804],[121.01448617,14.60249801],[121.01483218,14.60253096],[121.01519468,14.60259687],[121.01552421,14.6027122],[121.01585375,14.60286048],[121.01608367,14.60236275],[121.01614749,14.60216627]]]]}}]}